"venue","row_count","min_year","max_year","flag_reason"
"Social Science & Medicine","2294","2011","2026","off_domain_venue_name:medicine"
"Population Medicine","2109","2019","2026","off_domain_venue_name:medicine"
"New England Journal of Medicine","1856","1990","2025","off_domain_venue_name:medicine"
"Clinical Child Psychology and Psychiatry","1254","2006","2026","off_domain_venue_name:medicine"
"Journal of the American Chemical Society","581","1990","2025","off_domain_venue_name:physical_science"
"Journal of Clinical Oncology","489","1990","2026","off_domain_venue_name:medicine"
"Physical Review Letters","358","1990","2025","off_domain_venue_name:physical_science"
"npj Digital Medicine","292","2018","2025","off_domain_venue_name:medicine"
"Nature Medicine","285","1996","2025","off_domain_venue_name:medicine"
"Journal of Materials Chemistry A","227","2015","2025","off_domain_venue_name:physical_science"
"International Journal of Molecular Sciences","206","2018","2025","off_domain_venue_name:life_science"
"Journal of Medical Internet Research","184","2005","2025","off_domain_venue_name:medicine"
"Chemical Science","167","2017","2025","off_domain_venue_name:physical_science"
"Science Translational Medicine","158","2009","2025","off_domain_venue_name:medicine"
"Annals of Internal Medicine","151","1990","2025","off_domain_venue_name:medicine"
"Green Chemistry","150","2016","2025","off_domain_venue_name:physical_science"
"International Journal of Epidemiology","149","1992","2024","off_domain_venue_name:medicine"
"Journal of the American Medical Informatics Association","147","2016","2025","off_domain_venue_name:medicine"
"Journal of Chemical Theory and Computation","137","2006","2025","off_domain_venue_name:physical_science"
"Analytical Chemistry","131","1990","2025","off_domain_venue_name:physical_science"
"World Psychiatry","121","2005","2025","off_domain_venue_name:medicine"
"Journal of High Energy Physics","113","2010","2025","off_domain_venue_name:physical_science"
"Journal of Chemical Information and Modeling","110","2004","2025","off_domain_venue_name:physical_science"
"Reviews of Modern Physics","104","1992","2024","off_domain_venue_name:physical_science"
"International Journal of Surgery","102","2010","2025","off_domain_venue_name:medicine"
"Social Science & Medicine (1967)","101","1992","2025","off_domain_venue_name:medicine"
"IEEE Journal of Biomedical and Health Informatics","100","2017","2025","off_domain_venue_name:medicine"
"Neurology","99","1991","2025","off_domain_venue_name:medicine"
"BMC Medicine","96","2012","2025","off_domain_venue_name:medicine"
"Molecular Biology and Evolution","92","1992","2025","off_domain_venue_name:life_science"
"Nature Genetics","90","2016","2025","off_domain_venue_name:life_science"
"JAMA Neurology","89","2016","2025","off_domain_venue_name:medicine"
"TrAC Trends in Analytical Chemistry","89","2021","2025","off_domain_venue_name:physical_science"
"BMC Medical Education","87","2015","2025","off_domain_venue_name:medicine"
"Astronomy and Astrophysics","86","2001","2025","off_domain_venue_name:physical_science"
"Biomedicine & Pharmacotherapy","86","2022","2024","off_domain_venue_name:medicine"
"Radiology","86","1996","2025","off_domain_venue_name:medicine"
"Journal of Clinical Medicine","85","2018","2025","off_domain_venue_name:medicine"
"Physical review. D/Physical review. D.","85","2016","2025","off_domain_venue_name:physical_science"
"Global Change Biology","83","2003","2025","off_domain_venue_name:life_science"
"PLoS Medicine","80","2004","2025","off_domain_venue_name:medicine"
"IEEE Transactions on Medical Imaging","78","1994","2025","off_domain_venue_name:medicine"
"Redox Biology","74","2016","2024","off_domain_venue_name:life_science"
"Journal of Clinical Investigation","72","1990","2025","off_domain_venue_name:medicine"
"Journal of Medicinal Chemistry","72","1996","2025","off_domain_venue_name:physical_science"
"ACS Sustainable Chemistry & Engineering","67","2017","2025","off_domain_venue_name:physical_science"
"PRX Quantum","67","2021","2025","off_domain_venue_name:physical_science"
"The Journal of Physical Chemistry Letters","67","2010","2025","off_domain_venue_name:physical_science"
"Genome biology","66","2003","2025","off_domain_venue_name:life_science"
"JAMA Psychiatry","66","2016","2025","off_domain_venue_name:medicine"
"Journal of Computational Chemistry","65","1990","2024","off_domain_venue_name:physical_science"
"Chemical Communications","64","2018","2024","off_domain_venue_name:physical_science"
"PEDIATRICS","64","1998","2024","off_domain_venue_name:medicine"
"Systematic Biology","59","1995","2025","off_domain_venue_name:life_science"
"BMC Psychiatry","58","2010","2025","off_domain_venue_name:medicine"
"Frontiers in Psychiatry","58","2018","2026","off_domain_venue_name:medicine"
"BMC Nursing","57","2021","2025","off_domain_venue_name:medicine"
"Chemical Engineering Journal","56","2021","2025","off_domain_venue_name:physical_science"
"Journal of Cosmology and Astroparticle Physics","56","2011","2025","off_domain_venue_name:physical_science"
"BMC Medical Informatics and Decision Making","54","2007","2025","off_domain_venue_name:medicine"
"Chemistry of Materials","54","2010","2025","off_domain_venue_name:physical_science"
"Nature Neuroscience","54","2020","2025","off_domain_venue_name:life_science"
"Zenodo (CERN European Organization for Nuclear Research)","54","2005","2026","off_domain_venue_name:physical_science"
"American Journal of Respiratory and Critical Care Medicine","53","1998","2024","off_domain_venue_name:medicine"
"Frontiers in Medicine","53","2018","2025","off_domain_venue_name:medicine"
"Frontiers in Pharmacology","53","2018","2025","off_domain_venue_name:medicine"
"The Lancet Oncology","53","2013","2025","off_domain_venue_name:medicine"
"Journal of Materials Chemistry C","52","2016","2025","off_domain_venue_name:physical_science"
"Journal of the American College of Cardiology","50","2013","2024","off_domain_venue_name:medicine"
"Medical Care","50","1992","2021","off_domain_venue_name:medicine"
"Physical Review X","49","2016","2025","off_domain_venue_name:physical_science"
"Biomedical Signal Processing and Control","47","2021","2024","off_domain_venue_name:medicine"
"Critical Care Medicine","47","1992","2025","off_domain_venue_name:medicine"
"Annals of Surgery","46","1994","2024","off_domain_venue_name:medicine"
"JAMA Oncology","46","2015","2025","off_domain_venue_name:medicine"
"Acta Crystallographica Section D Biological Crystallography","45","1994","2013","off_domain_venue_name:life_science"
"The Journal of Chemical Physics","45","1992","2025","off_domain_venue_name:physical_science"
"The Journal of Clinical Endocrinology & Metabolism","45","1999","2025","off_domain_venue_name:medicine"
"Medicine","44","2015","2025","off_domain_venue_name:medicine"
"PLoS Biology","44","2006","2025","off_domain_venue_name:life_science"
"PLoS Computational Biology","44","2007","2024","off_domain_venue_name:life_science"
"Accounts of Chemical Research","43","1990","2025","off_domain_venue_name:physical_science"
"Biological Conservation","43","2015","2024","off_domain_venue_name:life_science"
"British Journal of Pharmacology","43","2010","2024","off_domain_venue_name:medicine"
"Clinical Infectious Diseases","43","1993","2023","off_domain_venue_name:medicine"
"The Journal of Physical Chemistry B","43","2020","2024","off_domain_venue_name:physical_science"
"British medical journal","42","1999","2023","off_domain_venue_name:medicine"
"JAMA Surgery","42","2016","2025","off_domain_venue_name:medicine"
"JAMA Pediatrics","41","2016","2024","off_domain_venue_name:medicine"
"Journal of Personalized Medicine","40","2017","2025","off_domain_venue_name:medicine"
"Neuro-Oncology","40","2013","2024","off_domain_venue_name:medicine"
"Pediatrics","40","2003","2025","off_domain_venue_name:medicine"
"Informatics in Medicine Unlocked","39","2019","2024","off_domain_venue_name:medicine"
"Psychological Medicine","39","1996","2024","off_domain_venue_name:medicine"
"The Journal of Experimental Medicine","38","1993","2024","off_domain_venue_name:medicine"
"BMC Medical Research Methodology","37","2001","2025","off_domain_venue_name:medicine"
"Frontiers in Neuroscience","37","2013","2025","off_domain_venue_name:life_science"
"The Journal of Physical Chemistry C","37","2007","2025","off_domain_venue_name:physical_science"
"Journal of Hematology & Oncology","36","2017","2025","off_domain_venue_name:medicine"
"Journal of Medicine Surgery and Public Health","36","2023","2025","off_domain_venue_name:medicine"
"Communications Biology","35","2019","2025","off_domain_venue_name:life_science"
"Frontiers in Neurology","35","2016","2025","off_domain_venue_name:medicine"
"Physics of Fluids","35","2021","2025","off_domain_venue_name:physical_science"
"American Journal of Epidemiology","33","1990","2024","off_domain_venue_name:medicine"
"Applied Physics Reviews","32","2016","2025","off_domain_venue_name:physical_science"
"Communications Medicine","32","2021","2025","off_domain_venue_name:medicine"
"Anesthesiology","31","2005","2024","off_domain_venue_name:medicine"
"Journal of Physics D Applied Physics","31","1999","2024","off_domain_venue_name:physical_science"
"Molecular Ecology Resources","30","2010","2024","off_domain_venue_name:life_science"
"Molecular Psychiatry","30","2017","2025","off_domain_venue_name:medicine|life_science"
"Physical Chemistry Chemical Physics","30","2020","2024","off_domain_venue_name:physical_science"
"The Journal of Physical Chemistry A","30","1998","2025","off_domain_venue_name:physical_science"
"British Journal of Sports Medicine","29","2016","2025","off_domain_venue_name:medicine"
"Computers in Biology and Medicine","29","2021","2025","off_domain_venue_name:medicine|life_science"
"Medical Physics","28","1998","2024","off_domain_venue_name:medicine|physical_science"
"American Journal of Clinical Nutrition","27","1996","2025","off_domain_venue_name:medicine"
"American Journal of Preventive Medicine","27","2002","2024","off_domain_venue_name:medicine"
"Journal of Clinical Microbiology","27","1991","2022","off_domain_venue_name:medicine"
"Journal of Physics Condensed Matter","27","1994","2024","off_domain_venue_name:physical_science"
"NAR Genomics and Bioinformatics","27","2020","2025","off_domain_venue_name:life_science"
"Academic Medicine","26","1990","2024","off_domain_venue_name:medicine"
"Journal of Advanced Nursing","26","2000","2024","off_domain_venue_name:medicine"
"Journal of Agricultural and Food Chemistry","26","1999","2024","off_domain_venue_name:physical_science"
"Molecular Neurodegeneration","26","2017","2024","off_domain_venue_name:life_science"
"Economics and Human Biology","25","2003","2025","off_domain_venue_name:life_science"
"European Journal of Neurology","25","2017","2024","off_domain_venue_name:medicine"
"Genome Medicine","25","2016","2024","off_domain_venue_name:medicine"
"Inorganic Chemistry","25","2013","2025","off_domain_venue_name:physical_science"
"JMIR Medical Education","25","2016","2025","off_domain_venue_name:medicine"
"JMIR Medical Informatics","25","2016","2025","off_domain_venue_name:medicine"
"Journal of the American Medical Directors Association","25","2003","2025","off_domain_venue_name:medicine"
"Journal of Translational Medicine","25","2021","2024","off_domain_venue_name:medicine"
"Physical Review Research","25","2022","2025","off_domain_venue_name:physical_science"
"Wiley Interdisciplinary Reviews Computational Molecular Science","25","2011","2025","off_domain_venue_name:life_science"
"BMC Genomics","24","2008","2025","off_domain_venue_name:life_science"
"Journal of Experimental & Clinical Cancer Research","24","2021","2024","off_domain_venue_name:medicine"
"Translational Psychiatry","23","2018","2024","off_domain_venue_name:medicine"
"Travel Medicine and Infectious Disease","23","2008","2025","off_domain_venue_name:medicine"
"BMC Medical Imaging","22","2021","2025","off_domain_venue_name:medicine"
"Clinical Psychological Science","22","2013","2024","off_domain_venue_name:medicine"
"Frontiers in Oncology","22","2015","2025","off_domain_venue_name:medicine"
"Journal of Neuroscience","22","1996","2024","off_domain_venue_name:life_science"
"American Journal of Tropical Medicine and Hygiene","21","2000","2024","off_domain_venue_name:medicine"
"Annals of Neurology","21","1990","2024","off_domain_venue_name:medicine"
"Chinese Medical Journal","21","2020","2024","off_domain_venue_name:medicine"
"Experimental & Molecular Medicine","21","2024","2024","off_domain_venue_name:medicine|life_science"
"Genomics Proteomics & Bioinformatics","21","2010","2022","off_domain_venue_name:life_science"
"Medical Image Analysis","21","2022","2024","off_domain_venue_name:medicine"
"Transactions of the Royal Society of Tropical Medicine and Hygiene","21","1992","2025","off_domain_venue_name:medicine"
"Alimentary Pharmacology & Therapeutics","20","2016","2024","off_domain_venue_name:medicine"
"Archives of General Psychiatry","20","1991","2011","off_domain_venue_name:medicine"
"Archives of Internal Medicine","20","1993","2012","off_domain_venue_name:medicine"
"Case Studies in Chemical and Environmental Engineering","20","2020","2024","off_domain_venue_name:physical_science"
"Conservation Biology","20","1999","2024","off_domain_venue_name:life_science"
"JAMA Internal Medicine","20","2016","2024","off_domain_venue_name:medicine"
"Journal of the American Medical Association (JAMA)","20","1990","2020","off_domain_venue_name:medicine"
"Medical Teacher","20","1999","2025","off_domain_venue_name:medicine"
"Molecular Ecology","20","1998","2024","off_domain_venue_name:life_science"
"Canadian Medical Association Journal","19","2004","2025","off_domain_venue_name:medicine"
"Current Biology","19","2017","2025","off_domain_venue_name:life_science"
"Journal of Molecular Biology","19","1999","2025","off_domain_venue_name:life_science"
"Nano Materials Science","19","2024","2024","off_domain_venue_name:physical_science"
"Nature Physics","19","2018","2025","off_domain_venue_name:physical_science"
"Physical review. A/Physical review, A","19","2016","2025","off_domain_venue_name:physical_science"
"SciPost Physics","19","2019","2025","off_domain_venue_name:physical_science"
"Artificial Intelligence Chemistry","18","2024","2024","off_domain_venue_name:physical_science"
"Frontiers in Aging Neuroscience","18","2016","2026","off_domain_venue_name:life_science"
"Journal of Epidemiology & Community Health","18","1998","2021","off_domain_venue_name:medicine"
"Journal of Epidemiology and Community Health","18","2005","2022","off_domain_venue_name:medicine"
"Journal of Nuclear Medicine","18","2016","2024","off_domain_venue_name:medicine|physical_science"
"Reviews of Geophysics","18","2002","2025","off_domain_venue_name:physical_science"
"American Journal of Psychiatry","17","2006","2024","off_domain_venue_name:medicine"
"Developmental Cognitive Neuroscience","17","2018","2024","off_domain_venue_name:life_science"
"Engineering Geology","17","2021","2024","off_domain_venue_name:physical_science"
"Epidemiology","17","1990","2024","off_domain_venue_name:medicine"
"Epidemiology and Psychiatric Sciences","17","2015","2022","off_domain_venue_name:medicine"
"Green Analytical Chemistry","17","2024","2025","off_domain_venue_name:physical_science"
"International Journal of Medical Informatics","17","2019","2025","off_domain_venue_name:medicine"
"Journal of Applied Physics","17","1991","2025","off_domain_venue_name:physical_science"
"Journal of general internal medicine","17","2006","2025","off_domain_venue_name:medicine"
"Journal of Medical Ethics","17","2004","2021","off_domain_venue_name:medicine"
"Medicine & Science in Sports & Exercise","17","1993","2024","off_domain_venue_name:medicine"
"Organic Chemistry Frontiers","17","2021","2025","off_domain_venue_name:physical_science"
"Biological reviews/Biological reviews of the Cambridge Philosophical Society","16","2016","2024","off_domain_venue_name:life_science"
"Biology","16","2021","2025","off_domain_venue_name:life_science"
"Child Psychiatry and Human Development","16","2016","2025","off_domain_venue_name:medicine"
"Classical and Quantum Gravity","16","2009","2025","off_domain_venue_name:physical_science"
"European Journal of Vascular and Endovascular Surgery","16","2022","2025","off_domain_venue_name:medicine"
"Food Chemistry","16","2021","2024","off_domain_venue_name:physical_science"
"Journal of Dental Research","16","2018","2024","off_domain_venue_name:medicine"
"Medical Education","16","2002","2024","off_domain_venue_name:medicine"
"Physics in Medicine and Biology","16","1996","2024","off_domain_venue_name:medicine|physical_science|life_science"
"The Lancet Psychiatry","16","2014","2024","off_domain_venue_name:medicine"
"Atmospheric chemistry and physics","15","2010","2024","off_domain_venue_name:physical_science"
"Clinical and Translational Science","15","2019","2024","off_domain_venue_name:medicine"
"Frontiers in Pediatrics","15","2017","2025","off_domain_venue_name:medicine"
"Infection Control and Hospital Epidemiology","15","1999","2023","off_domain_venue_name:medicine"
"Molecular biology and evolution","15","2011","2020","off_domain_venue_name:life_science"
"Physical review. B./Physical review. B","15","2016","2025","off_domain_venue_name:physical_science"
"Quantum","15","2018","2024","off_domain_venue_name:physical_science"
"Advanced Quantum Technologies","14","2019","2024","off_domain_venue_name:physical_science"
"BMC Biology","14","2021","2024","off_domain_venue_name:life_science"
"Child and Adolescent Psychiatry and Mental Health","14","2018","2025","off_domain_venue_name:medicine"
"Communications Physics","14","2021","2025","off_domain_venue_name:physical_science"
"Comprehensive Psychiatry","14","2020","2025","off_domain_venue_name:medicine"
"Early Intervention in Psychiatry","14","2020","2023","off_domain_venue_name:medicine"
"Food Chemistry X","14","2022","2024","off_domain_venue_name:physical_science"
"International Nursing Review","14","2012","2024","off_domain_venue_name:medicine"
"JCO Global Oncology","14","2020","2025","off_domain_venue_name:medicine"
"Journal of Clinical Child & Adolescent Psychology","14","2010","2024","off_domain_venue_name:medicine"
"Journal of Medical Virology","14","2020","2021","off_domain_venue_name:medicine"
"Journal of Nursing Management","14","2016","2021","off_domain_venue_name:medicine"
"Knee Surgery Sports Traumatology Arthroscopy","14","2024","2024","off_domain_venue_name:medicine"
"Molecular Pharmaceutics","14","2016","2024","off_domain_venue_name:life_science"
"New Journal of Physics","14","2016","2024","off_domain_venue_name:physical_science"
"npj Precision Oncology","14","2021","2024","off_domain_venue_name:medicine"
"Nuclear Engineering and Technology","14","2022","2024","off_domain_venue_name:physical_science"
"Regional Anesthesia & Pain Medicine","14","2016","2021","off_domain_venue_name:medicine"
"The Journal of Clinical Psychiatry","14","2016","2022","off_domain_venue_name:medicine"
"Acta Crystallographica Section D Structural Biology","13","2017","2025","off_domain_venue_name:life_science"
"Arabian Journal of Chemistry","13","2021","2024","off_domain_venue_name:physical_science"
"Frontiers in Genetics","13","2018","2025","off_domain_venue_name:life_science"
"Frontiers in Human Neuroscience","13","2010","2025","off_domain_venue_name:life_science"
"Imaging Neuroscience","13","2024","2025","off_domain_venue_name:life_science"
"Journal of Bone and Joint Surgery","13","2002","2024","off_domain_venue_name:medicine"
"Journal of Computational Physics","13","1997","2024","off_domain_venue_name:physical_science"
"Physical Review E","13","2004","2009","off_domain_venue_name:physical_science"
"Postgraduate Medical Journal","13","1992","2024","off_domain_venue_name:medicine"
"Annals of Medicine and Surgery","12","2020","2024","off_domain_venue_name:medicine"
"Annual Review of Astronomy and Astrophysics","12","2012","2021","off_domain_venue_name:physical_science"
"Archives of Pathology & Laboratory Medicine","12","1999","2024","off_domain_venue_name:medicine"
"BMC Pediatrics","12","2018","2025","off_domain_venue_name:medicine"
"Cell Reports Medicine","12","2020","2024","off_domain_venue_name:medicine"
"Dental Traumatology","12","2024","2025","off_domain_venue_name:medicine"
"Diabetes Research and Clinical Practice","12","2024","2025","off_domain_venue_name:medicine"
"European journal of medical research","12","2024","2024","off_domain_venue_name:medicine"
"Genetics in Medicine","12","2001","2025","off_domain_venue_name:medicine|life_science"
"Inorganic Chemistry Frontiers","12","2024","2025","off_domain_venue_name:physical_science"
"International Journal of Biological Sciences","12","2020","2024","off_domain_venue_name:life_science"
"International Journal of Social Psychiatry","12","2009","2025","off_domain_venue_name:medicine"
"Journal Of Clinical Periodontology","12","1998","2025","off_domain_venue_name:medicine"
"Molecular Cell","12","2024","2025","off_domain_venue_name:life_science"
"PLoS Genetics","12","2009","2024","off_domain_venue_name:life_science"
"The Journal of Organic Chemistry","12","1997","2024","off_domain_venue_name:physical_science"
"Applied Physics Letters","11","1993","2025","off_domain_venue_name:physical_science"
"Biological Psychology","11","2022","2024","off_domain_venue_name:life_science"
"BMC Medical Ethics","11","2021","2025","off_domain_venue_name:medicine"
"European Journal of Cardio-Thoracic Surgery","11","2012","2024","off_domain_venue_name:medicine"
"European Journal of Epidemiology","11","2015","2025","off_domain_venue_name:medicine"
"European Journal of Nuclear Medicine and Molecular Imaging","11","2016","2023","off_domain_venue_name:medicine|physical_science|life_science"
"Frontiers in Cardiovascular Medicine","11","2021","2025","off_domain_venue_name:medicine"
"Frontiers in Computational Neuroscience","11","2021","2025","off_domain_venue_name:life_science"
"Int. J. Medical Informatics","11","2007","2025","off_domain_venue_name:medicine"
"Journal of Child Psychology and Psychiatry","11","2001","2025","off_domain_venue_name:medicine"
"Journal of Clinical Nursing","11","2017","2024","off_domain_venue_name:medicine"
"Materials Science and Engineering R Reports","11","2016","2025","off_domain_venue_name:physical_science"
"Molecular & Cellular Proteomics","11","2018","2024","off_domain_venue_name:life_science"
"Nature reviews. Molecular cell biology","11","2016","2025","off_domain_venue_name:life_science"
"Neuroscience & Biobehavioral Reviews","11","2024","2024","off_domain_venue_name:life_science"
"Nursing Research","11","1991","2021","off_domain_venue_name:medicine"
"Quantum Science and Technology","11","2018","2024","off_domain_venue_name:physical_science"
"Radiology Artificial Intelligence","11","2021","2024","off_domain_venue_name:medicine"
"Reports on Progress in Physics","11","1992","2024","off_domain_venue_name:physical_science"
"Social Psychiatry and Psychiatric Epidemiology","11","2004","2024","off_domain_venue_name:medicine"
"Sports Medicine","11","2016","2024","off_domain_venue_name:medicine"
"Statistics in Medicine","11","1997","2024","off_domain_venue_name:medicine"
"The Lancet Neurology","11","2018","2025","off_domain_venue_name:medicine"
"American Journal of Preventive Cardiology","10","2022","2024","off_domain_venue_name:medicine"
"Annals of Medicine","10","2022","2024","off_domain_venue_name:medicine"
"Biological Psychiatry","10","2016","2024","off_domain_venue_name:medicine|life_science"
"British journal of surgery","10","1997","2024","off_domain_venue_name:medicine"
"Clinical Chemistry","10","1993","2025","off_domain_venue_name:medicine|physical_science"
"Clinical Gastroenterology and Hepatology","10","2020","2025","off_domain_venue_name:medicine"
"European Journal of Radiology","10","2018","2025","off_domain_venue_name:medicine"
"Frontiers in Physics","10","2014","2025","off_domain_venue_name:physical_science"
"Issues in Mental Health Nursing","10","2003","2020","off_domain_venue_name:medicine"
"Journal of Biological Chemistry","10","1992","2024","off_domain_venue_name:physical_science|life_science"
"Journal of Chemical Education","10","2024","2024","off_domain_venue_name:physical_science"
"Journal of Child Psychology and Psychiatry and Allied Disciplines","10","2013","2023","off_domain_venue_name:medicine"
"Journal of Energy Chemistry","10","2023","2025","off_domain_venue_name:physical_science"
"Journal of Family Medicine and Primary Care","10","2015","2026","off_domain_venue_name:medicine"
"Journal of Internal Medicine","10","2020","2022","off_domain_venue_name:medicine"
"Journal of Materials Chemistry B","10","2024","2024","off_domain_venue_name:physical_science"
"Modern Physics Letters B","10","2021","2024","off_domain_venue_name:physical_science"
"Occupational and Environmental Medicine","10","2017","2024","off_domain_venue_name:medicine"
"Physics of the Dark Universe","10","2024","2025","off_domain_venue_name:physical_science"
"Physics Today","10","1993","2024","off_domain_venue_name:physical_science"
"Polymer Chemistry","10","2019","2024","off_domain_venue_name:physical_science"
"Academic medicine : journal of the Association of American Medical Colleges","9","2001","2021","off_domain_venue_name:medicine"
"American Journal of Clinical Dermatology","9","2024","2024","off_domain_venue_name:medicine"
"BMC Pulmonary Medicine","9","2012","2025","off_domain_venue_name:medicine"
"Clinical Cancer Research","9","2007","2021","off_domain_venue_name:medicine"
"Clinical Chemistry and Laboratory Medicine (CCLM)","9","2020","2024","off_domain_venue_name:medicine|physical_science"
"Clinical Psychology Review","9","2019","2022","off_domain_venue_name:medicine"
"Computer Methods and Programs in Biomedicine Update","9","2024","2024","off_domain_venue_name:medicine"
"European Journal of Preventive Cardiology","9","2019","2024","off_domain_venue_name:medicine"
"Indian Journal of Psychological Medicine","9","2020","2024","off_domain_venue_name:medicine"
"Industrial & Engineering Chemistry Research","9","1999","2025","off_domain_venue_name:physical_science"
"J. Am. Medical Informatics Assoc.","9","2022","2023","off_domain_venue_name:medicine"
"Journal of Clinical Endocrinology and Metabolism","9","1993","2020","off_domain_venue_name:medicine"
"Journal of NeuroInterventional Surgery","9","2019","2024","off_domain_venue_name:medicine"
"Journal of Nursing Scholarship","9","2013","2024","off_domain_venue_name:medicine"
"Journal of research in nursing","9","2018","2025","off_domain_venue_name:medicine"
"Lancet psychiatry","9","2014","2021","off_domain_venue_name:medicine"
"Neuroscience and Biobehavioral Reviews","9","2019","2024","off_domain_venue_name:life_science"
"Neuroscience Informatics","9","2021","2024","off_domain_venue_name:life_science"
"npj Quantum Information","9","2016","2024","off_domain_venue_name:physical_science"
"Pediatric Critical Care Medicine","9","2018","2024","off_domain_venue_name:medicine"
"Physical & Occupational Therapy in Pediatrics","9","2019","2024","off_domain_venue_name:medicine"
"Physical review. E, Statistical physics, plasmas, fluids, and related interdisciplinary topics","9","1994","2003","off_domain_venue_name:physical_science"
"Quantum Machine Intelligence","9","2021","2024","off_domain_venue_name:physical_science"
"Results in Chemistry","9","2024","2025","off_domain_venue_name:physical_science"
"RSC Chemical Biology","9","2024","2024","off_domain_venue_name:physical_science|life_science"
"Stem Cells Translational Medicine","9","2016","2024","off_domain_venue_name:medicine"
"The Journal of Physical Chemistry","9","1990","1995","off_domain_venue_name:physical_science"
"Translational Behavioral Medicine","9","2021","2025","off_domain_venue_name:medicine"
"Tropical medicine & international health","9","2008","2024","off_domain_venue_name:medicine"
"Tropical Medicine and Infectious Disease","9","2018","2025","off_domain_venue_name:medicine"
"ACM Transactions on Quantum Computing","8","2024","2025","off_domain_venue_name:physical_science"
"Annual Review of Clinical Psychology","8","2020","2024","off_domain_venue_name:medicine"
"Asian Journal of Psychiatry","8","2023","2025","off_domain_venue_name:medicine"
"BMC Evolutionary Biology","8","2017","2020","off_domain_venue_name:life_science"
"BMC Plant Biology","8","2021","2025","off_domain_venue_name:life_science"
"Cancer Epidemiology","8","2018","2025","off_domain_venue_name:medicine"
"Clinical Medicine","8","2021","2023","off_domain_venue_name:medicine"
"Clinical Psychology Science and Practice","8","2003","2016","off_domain_venue_name:medicine"
"Clinical Science","8","1993","2023","off_domain_venue_name:medicine"
"Computational Intelligence and Neuroscience","8","2011","2022","off_domain_venue_name:life_science"
"Computer Methods in Biomechanics and Biomedical Engineering Imaging & Visualization","8","2024","2024","off_domain_venue_name:medicine"
"EPJ Quantum Technology","8","2021","2024","off_domain_venue_name:physical_science"
"European Child and Adolescent Psychiatry","8","2016","2022","off_domain_venue_name:medicine"
"Frontiers in Chemistry","8","2021","2024","off_domain_venue_name:physical_science"
"Frontiers in Surgery","8","2021","2025","off_domain_venue_name:medicine"
"IEEE Transactions on Biomedical Engineering","8","2007","2019","off_domain_venue_name:medicine"
"Integrative Medicine Research","8","2023","2024","off_domain_venue_name:medicine"
"International Journal of Mental Health Nursing","8","2018","2023","off_domain_venue_name:medicine"
"Journal of Computer-Aided Molecular Design","8","2010","2024","off_domain_venue_name:life_science"
"Journal of Tropical Pediatrics","8","2011","2015","off_domain_venue_name:medicine"
"Korean journal of anesthesiology","8","2018","2025","off_domain_venue_name:medicine"
"Magnetic Resonance in Medicine","8","1990","2017","off_domain_venue_name:medicine"
"Materials Chemistry Frontiers","8","2021","2024","off_domain_venue_name:physical_science"
"Molecular Biology of the Cell","8","2002","2025","off_domain_venue_name:life_science"
"New Journal of Chemistry","8","2023","2025","off_domain_venue_name:physical_science"
"Nursing Open","8","2019","2024","off_domain_venue_name:medicine"
"Ore Geology Reviews","8","2023","2024","off_domain_venue_name:physical_science"
"Statistical Methods in Medical Research","8","2016","2024","off_domain_venue_name:medicine"
"The American Journal of Human Genetics","8","2022","2024","off_domain_venue_name:life_science"
"The British Journal of Psychiatry","8","2002","2025","off_domain_venue_name:medicine"
"The Journal of Cell Biology","8","2008","2024","off_domain_venue_name:life_science"
"Therapeutic Advances in Medical Oncology","8","2021","2024","off_domain_venue_name:medicine"
"Arthroscopy The Journal of Arthroscopic and Related Surgery","7","2024","2025","off_domain_venue_name:medicine"
"Australian and New Zealand journal of psychiatry (Print)","7","2010","2019","off_domain_venue_name:medicine"
"British Medical Bulletin","7","2007","2017","off_domain_venue_name:medicine"
"Chemical Engineering Journal Advances","7","2021","2024","off_domain_venue_name:physical_science"
"Clinical and Molecular Hepatology","7","2018","2024","off_domain_venue_name:medicine|life_science"
"Community Dentistry and Oral Epidemiology","7","1993","2023","off_domain_venue_name:medicine"
"Computer Methods and Programs in Biomedicine","7","2021","2024","off_domain_venue_name:medicine"
"Computer Physics Communications","7","2016","2024","off_domain_venue_name:physical_science"
"Computers & Chemical Engineering","7","2024","2024","off_domain_venue_name:physical_science"
"Coordination Chemistry Reviews","7","2022","2024","off_domain_venue_name:physical_science"
"European journal of dental education","7","2006","2024","off_domain_venue_name:medicine"
"European Neurology","7","2014","2016","off_domain_venue_name:medicine"
"European Radiology Experimental","7","2020","2024","off_domain_venue_name:medicine"
"IEEE Transactions on Nuclear Science","7","2006","2024","off_domain_venue_name:physical_science"
"Industrial Chemistry and Materials","7","2023","2025","off_domain_venue_name:physical_science"
"International Journal of Radiation Oncology, Biology, Physics","7","2018","2022","off_domain_venue_name:medicine|physical_science|life_science"
"Journal of Consulting and Clinical Psychology","7","1998","2024","off_domain_venue_name:medicine"
"Journal of Dentistry","7","2024","2024","off_domain_venue_name:medicine"
"Journal of environmental chemical engineering","7","2022","2025","off_domain_venue_name:physical_science"
"Journal of Evaluation in Clinical Practice","7","2004","2024","off_domain_venue_name:medicine"
"Journal of Palliative Medicine","7","2013","2025","off_domain_venue_name:medicine"
"Journal of the American College of Radiology","7","2010","2025","off_domain_venue_name:medicine"
"Journal of the Mechanics and Physics of Solids","7","2024","2024","off_domain_venue_name:physical_science"
"Microbial Genomics","7","2018","2024","off_domain_venue_name:life_science"
"Nature Chemical Biology","7","2022","2025","off_domain_venue_name:physical_science|life_science"
"Nature Chemical Engineering","7","2024","2025","off_domain_venue_name:physical_science"
"Nuclear Physics B","7","2024","2025","off_domain_venue_name:physical_science"
"Open Physics","7","2011","2024","off_domain_venue_name:physical_science"
"Physical Review Fluids","7","2017","2024","off_domain_venue_name:physical_science"
"Physics Reports","7","2017","2024","off_domain_venue_name:physical_science"
"Proceedings of the Royal Society B Biological Sciences","7","2018","2024","off_domain_venue_name:life_science"
"Psychology Health & Medicine","7","2016","2021","off_domain_venue_name:medicine"
"Seminars in Fetal & Neonatal Medicine","7","2008","2021","off_domain_venue_name:medicine"
"Seminars in Medical Writing and Education","7","2024","2025","off_domain_venue_name:medicine"
"The Journal of Comparative Neurology","7","1990","2009","off_domain_venue_name:medicine"
"Theoretical and Applied Genetics","7","1994","2024","off_domain_venue_name:life_science"
"Tropical Medicine and Health","7","2021","2025","off_domain_venue_name:medicine"
"ACS Medicinal Chemistry Letters","6","2024","2024","off_domain_venue_name:physical_science"
"ACS Synthetic Biology","6","2019","2024","off_domain_venue_name:life_science"
"Annual Review of Physical Chemistry","6","2016","2024","off_domain_venue_name:physical_science"
"Applied Organometallic Chemistry","6","2024","2025","off_domain_venue_name:physical_science"
"Artificial Intelligence in Medicine","6","2024","2024","off_domain_venue_name:medicine"
"Biology Methods and Protocols","6","2021","2024","off_domain_venue_name:life_science"
"Chemical Engineering Science","6","2024","2025","off_domain_venue_name:physical_science"
"Chinese Physics Letters","6","2021","2024","off_domain_venue_name:physical_science"
"Clinical Interventions in Aging","6","2014","2021","off_domain_venue_name:medicine"
"Clinical Neurophysiology","6","2024","2024","off_domain_venue_name:medicine"
"Clinical Orthopaedics and Related Research","6","1993","2024","off_domain_venue_name:medicine"
"CNS Neuroscience & Therapeutics","6","2021","2024","off_domain_venue_name:life_science"
"Communications Chemistry","6","2021","2025","off_domain_venue_name:physical_science"
"Current Opinion in Solid State and Materials Science","6","2024","2025","off_domain_venue_name:physical_science"
"Current Plant Biology","6","2021","2025","off_domain_venue_name:life_science"
"Developmental Medicine & Child Neurology","6","2004","2019","off_domain_venue_name:medicine"
"Digital Chemical Engineering","6","2024","2025","off_domain_venue_name:physical_science"
"EMBO Molecular Medicine","6","2016","2024","off_domain_venue_name:medicine|life_science"
"Epidemiology and Health","6","2016","2021","off_domain_venue_name:medicine"
"Epidemiology and Infection","6","2011","2020","off_domain_venue_name:medicine"
"European Journal of Pharmaceutical Sciences","6","2024","2024","off_domain_venue_name:medicine"
"Family Medicine and Community Health","6","2019","2024","off_domain_venue_name:medicine"
"Food Chemistry Molecular Sciences","6","2022","2024","off_domain_venue_name:physical_science|life_science"
"Geophysics","6","2019","2024","off_domain_venue_name:physical_science"
"Indian Journal of Psychiatry","6","2009","2025","off_domain_venue_name:medicine"
"Intelligent Medicine","6","2021","2025","off_domain_venue_name:medicine"
"International Journal of Online and Biomedical Engineering (iJOE)","6","2024","2024","off_domain_venue_name:medicine"
"International Medical Education","6","2022","2026","off_domain_venue_name:medicine"
"International Medical Science Research Journal","6","2024","2024","off_domain_venue_name:medicine"
"International Review of Psychiatry","6","1999","2022","off_domain_venue_name:medicine"
"Investigative Radiology","6","2020","2024","off_domain_venue_name:medicine"
"JAMA Cardiology","6","2020","2024","off_domain_venue_name:medicine"
"JAMA psychiatry","6","2017","2024","off_domain_venue_name:medicine"
"Journal of clinical rheumatology","6","2022","2025","off_domain_venue_name:medicine"
"Journal of Epidemiology and Global Health","6","2021","2024","off_domain_venue_name:medicine"
"Journal of Evidence-Based Medicine","6","2015","2026","off_domain_venue_name:medicine"
"Journal of Investigative Medicine","6","2021","2024","off_domain_venue_name:medicine"
"Journal of Medical Artificial Intelligence","6","2024","2024","off_domain_venue_name:medicine"
"Journal of Medical Genetics","6","2010","2024","off_domain_venue_name:medicine|life_science"
"Journal of Neurology","6","2012","2025","off_domain_venue_name:medicine"
"Journal of Neuroscience Methods","6","2007","2017","off_domain_venue_name:life_science"
"Journal of Occupational and Environmental Medicine","6","2020","2021","off_domain_venue_name:medicine"
"Journal of Pathology Informatics","6","2016","2024","off_domain_venue_name:medicine"
"Journal of Pharmacology and Pharmacotherapeutics","6","2010","2024","off_domain_venue_name:medicine"
"Journal of Psychiatric and Mental Health Nursing","6","2013","2023","off_domain_venue_name:medicine"
"Journal of Transcultural Nursing","6","2018","2024","off_domain_venue_name:medicine"
"Journal of Veterinary Internal Medicine","6","2018","2024","off_domain_venue_name:medicine"
"Military Medical Research","6","2020","2024","off_domain_venue_name:medicine"
"Modelling and Simulation in Materials Science and Engineering","6","2009","2024","off_domain_venue_name:physical_science"
"Molecular Systems Biology","6","2011","2023","off_domain_venue_name:life_science"
"NeuroImage Clinical","6","2018","2024","off_domain_venue_name:medicine"
"Nuclear Instruments and Methods in Physics Research Section A Accelerators Spectrometers Detectors and Associated Equipment","6","2015","2024","off_domain_venue_name:physical_science"
"Nursing Ethics","6","2021","2024","off_domain_venue_name:medicine"
"Nursing Reports","6","2024","2025","off_domain_venue_name:medicine"
"Oncology","6","2013","2016","off_domain_venue_name:medicine"
"Philosophical Transactions of the Royal Society B Biological Sciences","6","2016","2024","off_domain_venue_name:life_science"
"Physical Review A","6","1991","1998","off_domain_venue_name:physical_science"
"Physical review. D. Particles, fields, gravitation, and cosmology/Physical review. D. Particles and fields","6","1993","2003","off_domain_venue_name:physical_science"
"Progress in Materials Science","6","2024","2025","off_domain_venue_name:physical_science"
"Psychosomatic Medicine","6","2002","2003","off_domain_venue_name:medicine"
"Reaction Chemistry & Engineering","6","2021","2024","off_domain_venue_name:physical_science"
"Research in Nursing & Health","6","1995","2024","off_domain_venue_name:medicine"
"Research in Nursing and Health","6","2012","2021","off_domain_venue_name:medicine"
"Sensors and Actuators B Chemical","6","2021","2024","off_domain_venue_name:physical_science"
"Smart Materials in Medicine","6","2020","2024","off_domain_venue_name:medicine"
"Translational Oncology","6","2024","2024","off_domain_venue_name:medicine"
"Western Journal of Nursing Research","6","2014","2024","off_domain_venue_name:medicine"
"World Journal of Psychiatry","6","2016","2024","off_domain_venue_name:medicine"
"ACS Chemical Biology","5","2008","2024","off_domain_venue_name:physical_science|life_science"
"African Journal of Primary Health Care & Family Medicine","5","2019","2025","off_domain_venue_name:medicine"
"Alzheimer s & Dementia Translational Research & Clinical Interventions","5","2018","2022","off_domain_venue_name:medicine"
"American Journal of Human Biology","5","2004","2021","off_domain_venue_name:life_science"
"American Journal of Industrial Medicine","5","1996","2023","off_domain_venue_name:medicine"
"American Society of Clinical Oncology Educational Book","5","2021","2024","off_domain_venue_name:medicine"
"Annals of Clinical and Translational Neurology","5","2016","2024","off_domain_venue_name:medicine"
"Annals of Epidemiology","5","2007","2020","off_domain_venue_name:medicine"
"Annals of Physical and Rehabilitation Medicine","5","2020","2022","off_domain_venue_name:medicine"
"Annals of Translational Medicine","5","2016","2022","off_domain_venue_name:medicine"
"Annual Review of Biomedical Engineering","5","2021","2024","off_domain_venue_name:medicine"
"Applied Chemical Engineering","5","2024","2024","off_domain_venue_name:physical_science"
"Applied Clinical Informatics","5","2019","2024","off_domain_venue_name:medicine"
"Arthroscopy Sports Medicine and Rehabilitation","5","2024","2024","off_domain_venue_name:medicine"
"AVS Quantum Science","5","2021","2024","off_domain_venue_name:physical_science"
"Basic & Clinical Pharmacology & Toxicology","5","2022","2023","off_domain_venue_name:medicine"
"BMC Neurology","5","2009","2025","off_domain_venue_name:medicine"
"BMJ Medicine","5","2022","2024","off_domain_venue_name:medicine"
"British Journal of Surgery","5","2023","2024","off_domain_venue_name:medicine"
"Bulletin of Mathematical Biology","5","2020","2024","off_domain_venue_name:life_science"
"Child Psychiatry & Human Development","5","2024","2024","off_domain_venue_name:medicine"
"Clinical Kidney Journal","5","2014","2024","off_domain_venue_name:medicine"
"Computerized Medical Imaging and Graphics","5","2021","2024","off_domain_venue_name:medicine"
"Computers in Physics","5","1990","1998","off_domain_venue_name:physical_science"
"Current Oncology","5","2022","2024","off_domain_venue_name:medicine"
"Current problems in cardiology","5","2022","2024","off_domain_venue_name:medicine"
"Disaster Medicine and Public Health Preparedness","5","2022","2024","off_domain_venue_name:medicine"
"Environmental Chemistry and Ecotoxicology","5","2023","2024","off_domain_venue_name:physical_science"
"European Journal of Clinical Investigation","5","2018","2021","off_domain_venue_name:medicine"
"European Journal of Medicinal Chemistry","5","2024","2024","off_domain_venue_name:physical_science"
"European psychiatry","5","2024","2025","off_domain_venue_name:medicine"
"European Psychiatry","5","2020","2025","off_domain_venue_name:medicine"
"Evidence-Based Medicine","5","2016","2017","off_domain_venue_name:medicine"
"Family Medicine and Community Health Journal","5","2016","2024","off_domain_venue_name:medicine"
"Frontiers in Behavioral Neuroscience","5","2018","2024","off_domain_venue_name:life_science"
"Frontiers in Systems Neuroscience","5","2008","2022","off_domain_venue_name:life_science"
"Genetics","5","1992","2024","off_domain_venue_name:life_science"
"Global Advances in Health and Medicine","5","2015","2021","off_domain_venue_name:medicine"
"IEEE Open Journal of Engineering in Medicine and Biology","5","2020","2024","off_domain_venue_name:medicine|life_science"
"IEEE Transactions on Biomedical Circuits and Systems","5","2024","2024","off_domain_venue_name:medicine"
"IEEE Transactions on Quantum Engineering","5","2024","2024","off_domain_venue_name:physical_science"
"Indian Journal of Community Medicine","5","2024","2025","off_domain_venue_name:medicine"
"International Journal of Clinical and Health Psychology","5","2020","2024","off_domain_venue_name:medicine"
"International Journal of Geriatric Psychiatry","5","2004","2018","off_domain_venue_name:medicine"
"International Journal of Quantum Chemistry","5","2024","2024","off_domain_venue_name:physical_science"
"IOP Conference Series Materials Science and Engineering","5","2018","2022","off_domain_venue_name:physical_science"
"JAMA pediatrics","5","2013","2018","off_domain_venue_name:medicine"
"Journal of Biomedical Optics","5","2010","2024","off_domain_venue_name:medicine"
"Journal of Clinical Pathology","5","1995","2024","off_domain_venue_name:medicine"
"Journal of Global Oncology","5","2018","2019","off_domain_venue_name:medicine"
"Journal of Neurology Neurosurgery & Psychiatry","5","2017","2022","off_domain_venue_name:medicine"
"Journal of Neuropathology & Experimental Neurology","5","1990","2011","off_domain_venue_name:medicine"
"Journal of pediatric hematology/oncology","5","2000","2019","off_domain_venue_name:medicine"
"Journal of Physics A Mathematical and Theoretical","5","2016","2024","off_domain_venue_name:physical_science"
"Journal of Physics B Atomic Molecular and Optical Physics","5","2016","2024","off_domain_venue_name:physical_science|life_science"
"Journal of Rehabilitation Medicine","5","2010","2021","off_domain_venue_name:medicine"
"Journal of Trauma and Acute Care Surgery","5","2012","2024","off_domain_venue_name:medicine"
"Korean Journal of Family Medicine","5","2022","2024","off_domain_venue_name:medicine"
"Materials Today Physics","5","2024","2024","off_domain_venue_name:physical_science"
"Medical Decision Making","5","1995","2021","off_domain_venue_name:medicine"
"Meta-Radiology","5","2023","2024","off_domain_venue_name:medicine"
"Molecular Medicine Reports","5","2017","2024","off_domain_venue_name:medicine|life_science"
"Molecular Therapy — Nucleic Acids","5","2019","2025","off_domain_venue_name:life_science"
"Nature Biomedical Engineering","5","2022","2025","off_domain_venue_name:medicine"
"Nature Reviews Clinical Oncology","5","2023","2023","off_domain_venue_name:medicine"
"Nature Structural & Molecular Biology","5","2021","2024","off_domain_venue_name:life_science"
"Organic & Biomolecular Chemistry","5","2024","2024","off_domain_venue_name:physical_science"
"Physical Review Physics Education Research","5","2019","2024","off_domain_venue_name:physical_science"
"Physics Letters B","5","2024","2024","off_domain_venue_name:physical_science"
"Plant Nano Biology","5","2024","2024","off_domain_venue_name:life_science"
"Postgraduate medical journal","5","2017","2021","off_domain_venue_name:medicine"
"Preventive medicine reports","5","2022","2024","off_domain_venue_name:medicine"
"SAGE Open Medicine","5","2016","2024","off_domain_venue_name:medicine"
"Sleep Medicine","5","2024","2024","off_domain_venue_name:medicine"
"Soil Biology and Biochemistry","5","2021","2024","off_domain_venue_name:life_science"
"Sports Medicine - Open","5","2024","2024","off_domain_venue_name:medicine"
"Stroke and Vascular Neurology","5","2017","2020","off_domain_venue_name:medicine"
"The Annals of Family Medicine","5","2017","2022","off_domain_venue_name:medicine"
"The Journal of Clinical Hypertension","5","2015","2020","off_domain_venue_name:medicine"
"The Lancet Respiratory Medicine","5","2015","2021","off_domain_venue_name:medicine"
"World Journal of Surgery","5","2010","2022","off_domain_venue_name:medicine"
"ACS Chemical Neuroscience","4","2016","2024","off_domain_venue_name:physical_science|life_science"
"ACS Physical Chemistry Au","4","2024","2024","off_domain_venue_name:physical_science"
"Advances in Biology & Earth Sciences","4","2024","2024","off_domain_venue_name:life_science"
"African Journal of Emergency Medicine","4","2017","2024","off_domain_venue_name:medicine"
"AJN American Journal of Nursing","4","2024","2024","off_domain_venue_name:medicine"
"Alcoholism: Clinical and Experimental Research","4","2016","2018","off_domain_venue_name:medicine"
"American Journal of Clinical Pathology","4","2016","2020","off_domain_venue_name:medicine"
"American Journal of Human Genetics","4","1990","2017","off_domain_venue_name:life_science"
"American Journal of Medical Genetics Part A","4","2019","2024","off_domain_venue_name:medicine|life_science"
"American Journal of Physical Medicine & Rehabilitation","4","2021","2024","off_domain_venue_name:medicine"
"Arthroscopy, Sports Medicine, and Rehabilitation","4","2022","2023","off_domain_venue_name:medicine"
"Artif. Intell. Medicine","4","2020","2022","off_domain_venue_name:medicine"
"Australian & New Zealand Journal of Psychiatry","4","2016","2020","off_domain_venue_name:medicine"
"Australian journal of advanced nursing","4","2024","2024","off_domain_venue_name:medicine"
"Biochemistry and Molecular Biology Education","4","2020","2021","off_domain_venue_name:life_science"
"Biochimica et Biophysica Acta (BBA) - Molecular Basis of Disease","4","2025","2025","off_domain_venue_name:life_science"
"Biology of Blood and Marrow Transplantation","4","2014","2014","off_domain_venue_name:life_science"
"Biology of Sport","4","2023","2025","off_domain_venue_name:life_science"
"Biomedical Optics Express","4","2017","2024","off_domain_venue_name:medicine"
"BMC Chemistry","4","2024","2024","off_domain_venue_name:physical_science"
"BMJ evidence-based medicine","4","2021","2024","off_domain_venue_name:medicine"
"Cellular & Molecular Biology Letters","4","2020","2024","off_domain_venue_name:life_science"
"Chemical and Biological Technologies in Agriculture","4","2024","2024","off_domain_venue_name:physical_science|life_science"
"Chemical Physics Reviews","4","2024","2025","off_domain_venue_name:physical_science"
"Chemical Research in Toxicology","4","2020","2024","off_domain_venue_name:physical_science"
"Chemistry - A European Journal","4","2024","2024","off_domain_venue_name:physical_science"
"Chemistry International","4","2019","2021","off_domain_venue_name:physical_science"
"Chinese Medicine","4","2016","2024","off_domain_venue_name:medicine"
"Clinical and Experimental Pediatrics","4","2020","2022","off_domain_venue_name:medicine"
"Clinical Endocrinology","4","2018","2024","off_domain_venue_name:medicine"
"Clinical Epidemiology","4","2017","2021","off_domain_venue_name:medicine"
"Clinical Microbiology Reviews","4","2005","2020","off_domain_venue_name:medicine"
"Clinical Nursing Research","4","2004","2022","off_domain_venue_name:medicine"
"Clinical Proteomics","4","2024","2024","off_domain_venue_name:medicine"
"Clinical social work journal","4","2019","2021","off_domain_venue_name:medicine"
"Clinics in oncology","4","2015","2021","off_domain_venue_name:medicine"
"Communications in Computational Physics","4","2017","2021","off_domain_venue_name:physical_science"
"Contemporary Clinical Trials","4","2016","2024","off_domain_venue_name:medicine"
"Creative Nursing","4","2024","2024","off_domain_venue_name:medicine"
"Critical Reviews in Oncology/Hematology","4","2024","2024","off_domain_venue_name:medicine"
"Current Opinion in Neurology","4","2024","2026","off_domain_venue_name:medicine"
"Current Research in Green and Sustainable Chemistry","4","2021","2024","off_domain_venue_name:physical_science"
"Current Topics in Medicinal Chemistry","4","2011","2024","off_domain_venue_name:physical_science"
"Dentomaxillofacial Radiology","4","2024","2024","off_domain_venue_name:medicine"
"Diabetic Medicine","4","1998","2024","off_domain_venue_name:medicine"
"Dialogues in Clinical Neuroscience","4","2016","2018","off_domain_venue_name:medicine|life_science"
"Education for Chemical Engineers","4","2024","2024","off_domain_venue_name:physical_science"
"Environmental Toxicology and Chemistry","4","2016","2024","off_domain_venue_name:physical_science"
"EPJ Nuclear Sciences & Technologies","4","2024","2025","off_domain_venue_name:physical_science"
"European Archives of Psychiatry and Clinical Neuroscience","4","2005","2005","off_domain_venue_name:medicine|life_science"
"European Geriatric Medicine","4","2018","2024","off_domain_venue_name:medicine"
"European Journal of Neuroscience","4","2001","2024","off_domain_venue_name:life_science"
"Frontiers in Cell and Developmental Biology","4","2020","2021","off_domain_venue_name:life_science"
"General Psychiatry","4","2024","2024","off_domain_venue_name:medicine"
"Geology","4","1992","2011","off_domain_venue_name:physical_science"
"IEEE Journal of Quantum Electronics","4","1992","1992","off_domain_venue_name:physical_science"
"IEEE Journal of Selected Topics in Quantum Electronics","4","2018","2024","off_domain_venue_name:physical_science"
"IET Quantum Communication","4","2021","2024","off_domain_venue_name:physical_science"
"Indian Pediatrics","4","2009","2025","off_domain_venue_name:medicine"
"International Journal of Community Medicine and Public Health","4","2016","2024","off_domain_venue_name:medicine"
"International Journal of General Medicine","4","2019","2024","off_domain_venue_name:medicine"
"International Journal of Geometric Methods in Modern Physics","4","2024","2024","off_domain_venue_name:physical_science"
"International Journal of Nursing Studies Advances","4","2022","2025","off_domain_venue_name:medicine"
"International Journal of Psychiatry in Medicine","4","2001","2017","off_domain_venue_name:medicine"
"IOP Conference Series: Materials Science and Engineering","4","2017","2021","off_domain_venue_name:physical_science"
"Journal of Applied Clinical Medical Physics","4","2021","2024","off_domain_venue_name:medicine|physical_science"
"Journal of Building Physics","4","2024","2024","off_domain_venue_name:physical_science"
"Journal of Clinical Sleep Medicine (JCSM)","4","2020","2021","off_domain_venue_name:medicine"
"Journal of Cognitive Neuroscience","4","2002","2020","off_domain_venue_name:life_science"
"Journal of Dental Education","4","2024","2024","off_domain_venue_name:medicine"
"Journal of Enzyme Inhibition and Medicinal Chemistry","4","2017","2021","off_domain_venue_name:physical_science"
"Journal of Fish Biology","4","2014","2016","off_domain_venue_name:life_science"
"Journal of Industrial and Engineering Chemistry","4","2024","2024","off_domain_venue_name:physical_science"
"Journal of Infusion Nursing","4","2020","2024","off_domain_venue_name:medicine"
"Journal of Integrative Plant Biology","4","2024","2024","off_domain_venue_name:life_science"
"Journal of Medical Economics","4","2018","2021","off_domain_venue_name:medicine"
"Journal of Medicine and Life","4","2019","2021","off_domain_venue_name:medicine"
"Journal of Molecular Diagnostics","4","2011","2024","off_domain_venue_name:life_science"
"Journal of Molecular Liquids","4","2020","2025","off_domain_venue_name:life_science"
"Journal of Molecular Pathology","4","2024","2024","off_domain_venue_name:medicine|life_science"
"Journal of Oral Biology and Craniofacial Research","4","2025","2025","off_domain_venue_name:life_science"
"Journal of Physics Energy","4","2021","2024","off_domain_venue_name:physical_science"
"Journal of Research in Nursing","4","2016","2016","off_domain_venue_name:medicine"
"Journal of Structural Biology","4","2012","2017","off_domain_venue_name:life_science"
"Journal of the Chinese Medical Association","4","2020","2024","off_domain_venue_name:medicine"
"Journal of the Royal Society of Medicine","4","2013","2022","off_domain_venue_name:medicine"
"Journal of Translational Internal Medicine","4","2017","2025","off_domain_venue_name:medicine"
"Methods in molecular biology","4","2017","2018","off_domain_venue_name:life_science"
"Molecular Cancer","4","2019","2024","off_domain_venue_name:life_science"
"Molecular Nutrition & Food Research","4","2021","2024","off_domain_venue_name:life_science"
"Molecular Physics","4","2014","2024","off_domain_venue_name:physical_science|life_science"
"Molecular Plant","4","2022","2024","off_domain_venue_name:life_science"
"Nephron Clinical Practice","4","2012","2012","off_domain_venue_name:medicine"
"Neurology International","4","2024","2024","off_domain_venue_name:medicine"
"Neurology Neuroimmunology & Neuroinflammation","4","2021","2024","off_domain_venue_name:medicine"
"Neuroscience of Consciousness","4","2021","2024","off_domain_venue_name:life_science"
"NPP—Digital Psychiatry and Neuroscience","4","2024","2025","off_domain_venue_name:medicine|life_science"
"Nursing and Health Sciences","4","2020","2022","off_domain_venue_name:medicine"
"Nursing in Critical Care","4","2021","2024","off_domain_venue_name:medicine"
"Pharmaceutical Statistics","4","2005","2010","off_domain_venue_name:medicine"
"Pharmacological Research - Modern Chinese Medicine","4","2024","2024","off_domain_venue_name:medicine"
"Physical Review Applied","4","2024","2025","off_domain_venue_name:physical_science"
"Plant Pathology","4","2019","2024","off_domain_venue_name:medicine"
"Psycho-Oncology","4","2017","2024","off_domain_venue_name:medicine"
"Quantum Reports","4","2021","2024","off_domain_venue_name:physical_science"
"Results in Physics","4","2018","2024","off_domain_venue_name:physical_science"
"Russian Journal of Cardiology","4","2021","2023","off_domain_venue_name:medicine"
"Saudi Journal of Biological Sciences","4","2017","2021","off_domain_venue_name:life_science"
"SciPost Physics Codebases","4","2022","2024","off_domain_venue_name:physical_science"
"Sleep Medicine Reviews","4","2024","2024","off_domain_venue_name:medicine"
"Social Cognitive and Affective Neuroscience","4","2016","2024","off_domain_venue_name:life_science"
"Sustainable Chemistry","4","2024","2025","off_domain_venue_name:physical_science"
"The American Journal of Chinese Medicine","4","2024","2024","off_domain_venue_name:medicine"
"The American journal of geriatric psychiatry","4","2017","2022","off_domain_venue_name:medicine"
"The American Journal of Nursing","4","2004","2023","off_domain_venue_name:medicine"
"The American Journal of Surgical Pathology","4","2020","2024","off_domain_venue_name:medicine"
"The Chemical Record","4","2024","2024","off_domain_venue_name:physical_science"
"The Journal of Neuropsychiatry and Clinical Neurosciences","4","2012","2012","off_domain_venue_name:medicine"
"The Medical Journal of Australia","4","1995","2024","off_domain_venue_name:medicine"
"Turkish Journal of Emergency Medicine","4","2023","2024","off_domain_venue_name:medicine"
"World Journal of Clinical Pediatrics","4","2021","2022","off_domain_venue_name:medicine"
"Academic pediatrics","3","2019","2024","off_domain_venue_name:medicine"
"Advances in Dental Research","3","2006","2016","off_domain_venue_name:medicine"
"Advances in Medical Education and Practice","3","2024","2024","off_domain_venue_name:medicine"
"Advances In Physics","3","2002","2021","off_domain_venue_name:physical_science"
"Advances in Physics X","3","2016","2024","off_domain_venue_name:physical_science"
"American Journal of Cardiology","3","2024","2024","off_domain_venue_name:medicine"
"American Journal of Pharmaceutical Education","3","2024","2024","off_domain_venue_name:medicine"
"American Journal of Physics","3","1998","2002","off_domain_venue_name:physical_science"
"Anesthesiology and Perioperative Science","3","2024","2024","off_domain_venue_name:medicine"
"Annals of Family Medicine","3","2019","2020","off_domain_venue_name:medicine"
"Annals of Indian Academy of Neurology","3","2014","2014","off_domain_venue_name:medicine"
"Annals of King Edward Medical University","3","2022","2025","off_domain_venue_name:medicine"
"Annals of PIMS-Shaheed Zulfiqar Ali Bhutto Medical University","3","2024","2024","off_domain_venue_name:medicine"
"Annals of Tropical Medicine and Public Health","3","2012","2012","off_domain_venue_name:medicine"
"Anthropology and Medicine","3","2012","2022","off_domain_venue_name:medicine"
"Archives of Medical Science","3","2016","2024","off_domain_venue_name:medicine"
"Archives of Neurology","3","1993","2003","off_domain_venue_name:medicine"
"Archives of Pediatrics & Adolescent Medicine","3","2004","2012","off_domain_venue_name:medicine"
"Asian Journal of Endoscopic Surgery","3","2021","2021","off_domain_venue_name:medicine"
"Asian Journal of Organic Chemistry","3","2024","2024","off_domain_venue_name:physical_science"
"Asian Journal of Pharmaceutical Sciences","3","2024","2024","off_domain_venue_name:medicine"
"Asian Journal of Surgery","3","2024","2024","off_domain_venue_name:medicine"
"Astronomy and Astrophysics Supplement Series","3","1996","2000","off_domain_venue_name:physical_science"
"Biomedical Technology","3","2023","2023","off_domain_venue_name:medicine"
"BMC Emergency Medicine","3","2008","2024","off_domain_venue_name:medicine"
"BMJ Evidence-Based Medicine","3","2018","2018","off_domain_venue_name:medicine"
"Brain Pathology","3","2020","2020","off_domain_venue_name:medicine"
"Bratislavské lekárske listy/Bratislava medical journal","3","2021","2021","off_domain_venue_name:medicine"
"British Journal of Clinical Pharmacology","3","2024","2024","off_domain_venue_name:medicine"
"British Journal of Psychiatry","3","1997","2016","off_domain_venue_name:medicine"
"British Journal of Radiology","3","2024","2024","off_domain_venue_name:medicine"
"CCS Chemistry","3","2024","2024","off_domain_venue_name:physical_science"
"Cellular and Molecular Life Sciences","3","2024","2024","off_domain_venue_name:life_science"
"Chemical Engineering & Technology","3","2016","2016","off_domain_venue_name:physical_science"
"Chemical Product and Process Modeling","3","2024","2024","off_domain_venue_name:physical_science"
"Chemical Reviews","3","2019","2020","off_domain_venue_name:physical_science"
"Chemical Society Reviews","3","2015","2019","off_domain_venue_name:physical_science"
"China Geology","3","2018","2021","off_domain_venue_name:physical_science"
"Chinese Physics B","3","2025","2025","off_domain_venue_name:physical_science"
"Clinical & Experimental Allergy","3","2021","2021","off_domain_venue_name:medicine"
"Clinical and Translational Medicine","3","2023","2024","off_domain_venue_name:medicine"
"Clinical Epidemiology and Global Health","3","2021","2024","off_domain_venue_name:medicine"
"Clinical Nutrition","3","2017","2021","off_domain_venue_name:medicine"
"Clinical Oral Implants Research","3","2024","2024","off_domain_venue_name:medicine"
"Clinical Toxicology","3","2017","2024","off_domain_venue_name:medicine"
"Clinical Transplantation","3","2019","2019","off_domain_venue_name:medicine"
"Community Dentistry And Oral Epidemiology","3","1997","2003","off_domain_venue_name:medicine"
"Comput. Biol. Medicine","3","2024","2025","off_domain_venue_name:medicine"
"Contemporary Physics","3","2005","2019","off_domain_venue_name:physical_science"
"Contraception and Reproductive Medicine","3","2024","2024","off_domain_venue_name:medicine"
"Current Opinion in Psychiatry","3","2019","2020","off_domain_venue_name:medicine"
"Current Pediatrics Reports","3","2024","2024","off_domain_venue_name:medicine"
"Current Psychiatry Reports","3","2014","2016","off_domain_venue_name:medicine"
"Dental Research and Oral Health","3","2024","2024","off_domain_venue_name:medicine"
"Dentistry Journal","3","2024","2024","off_domain_venue_name:medicine"
"Diagnostic and Interventional Radiology","3","2023","2023","off_domain_venue_name:medicine"
"Emergency Medicine Journal","3","2022","2024","off_domain_venue_name:medicine"
"European Journal of Cardiovascular Nursing","3","2021","2025","off_domain_venue_name:medicine"
"European Journal Of Dental Education","3","2024","2025","off_domain_venue_name:medicine"
"European Journal of Human Genetics","3","2019","2024","off_domain_venue_name:life_science"
"European Journal of Medical Research","3","2025","2025","off_domain_venue_name:medicine"
"European Journal of Medicinal Chemistry Reports","3","2024","2024","off_domain_venue_name:physical_science"
"European Journal of Radiology Artificial Intelligence","3","2025","2025","off_domain_venue_name:medicine"
"European Journal of Radiology Open","3","2024","2024","off_domain_venue_name:medicine"
"European Radiology","3","2023","2024","off_domain_venue_name:medicine"
"Experimental Hematology and Oncology","3","2024","2024","off_domain_venue_name:medicine"
"Expert Opinion on Biological Therapy","3","2016","2025","off_domain_venue_name:life_science"
"Frontiers in Cellular Neuroscience","3","2021","2024","off_domain_venue_name:life_science"
"Frontiers of Nursing","3","2018","2018","off_domain_venue_name:medicine"
"Future Journal of Pharmaceutical Sciences","3","2021","2024","off_domain_venue_name:medicine"
"Future Oncology","3","2021","2024","off_domain_venue_name:medicine"
"G3: Genes, Genomes, Genetics","3","2017","2017","off_domain_venue_name:life_science"
"Genetics in medicine open","3","2024","2024","off_domain_venue_name:medicine|life_science"
"Geomechanics and Geophysics for Geo-Energy and Geo-Resources","3","2024","2024","off_domain_venue_name:physical_science"
"GSC Biological and Pharmaceutical Sciences","3","2024","2024","off_domain_venue_name:medicine|life_science"
"Gynecologic Oncology Reports","3","2024","2024","off_domain_venue_name:medicine"
"Health Psychology and Behavioral Medicine","3","2021","2021","off_domain_venue_name:medicine"
"Human Molecular Genetics","3","2021","2024","off_domain_venue_name:life_science"
"IEEE journal of biomedical and health informatics","3","2021","2022","off_domain_venue_name:medicine"
"IEEE Transactions on Information Technology in Biomedicine","3","2005","2006","off_domain_venue_name:medicine"
"Indian Journal of Medical Microbiology","3","2018","2018","off_domain_venue_name:medicine"
"Indian Journal of Pharmaceutical Education and Research","3","2021","2021","off_domain_venue_name:medicine"
"Infection control and hospital epidemiology","3","2020","2023","off_domain_venue_name:medicine"
"Infectious Medicine","3","2024","2024","off_domain_venue_name:medicine"
"Integrative and Comparative Biology","3","2002","2002","off_domain_venue_name:life_science"
"International Journal of Building Pathology and Adaptation","3","2021","2025","off_domain_venue_name:medicine"
"International Journal of Chemical Reactor Engineering","3","2024","2024","off_domain_venue_name:physical_science"
"International Journal of Clinical Practice","3","2020","2021","off_domain_venue_name:medicine"
"International Journal of Modern Physics B","3","2006","2024","off_domain_venue_name:physical_science"
"International Journal of Molecular Medicine","3","2024","2024","off_domain_venue_name:medicine|life_science"
"International Journal of Older People Nursing","3","2022","2024","off_domain_venue_name:medicine"
"International Journal of Paediatric Dentistry","3","2017","2019","off_domain_venue_name:medicine"
"International Journal of Pediatrics and Adolescent Medicine","3","2018","2021","off_domain_venue_name:medicine"
"International Journal of Radiation Oncology*Biology*Physics","3","2024","2024","off_domain_venue_name:medicine|physical_science|life_science"
"International Journal of Surgery Case Reports","3","2021","2021","off_domain_venue_name:medicine"
"International Journal of Veterinary Science and Medicine","3","2018","2018","off_domain_venue_name:medicine"
"JAMA Otolaryngology–Head & Neck Surgery","3","2021","2024","off_domain_venue_name:medicine"
"Japanese Journal of Radiology","3","2024","2024","off_domain_venue_name:medicine"
"JCO Clinical Cancer Informatics","3","2020","2024","off_domain_venue_name:medicine"
"Journal of Alternative and Complementary Medicine","3","2018","2018","off_domain_venue_name:medicine"
"Journal of Bone and Joint Surgery. American volume","3","2021","2021","off_domain_venue_name:medicine"
"Journal of Cardiovascular Nursing","3","2022","2022","off_domain_venue_name:medicine"
"Journal of Cataract & Refractive Surgery","3","2024","2024","off_domain_venue_name:medicine"
"Journal of Cell Biology","3","1994","1994","off_domain_venue_name:life_science"
"Journal of Chemical Technology & Biotechnology","3","2024","2024","off_domain_venue_name:physical_science"
"Journal of Clinical Gastroenterology","3","2024","2024","off_domain_venue_name:medicine"
"Journal of clinical neuroscience","3","2025","2025","off_domain_venue_name:medicine|life_science"
"Journal of Clinical Psychology","3","1995","2010","off_domain_venue_name:medicine"
"Journal of Electronic Resources in Medical Libraries","3","2022","2022","off_domain_venue_name:medicine"
"Journal of Evaluation In Clinical Practice","3","2024","2025","off_domain_venue_name:medicine"
"Journal of Experimental Biology","3","2010","2024","off_domain_venue_name:life_science"
"Journal of Geology & Geophysics","3","2016","2016","off_domain_venue_name:physical_science"
"Journal of Herbal Medicine","3","2019","2019","off_domain_venue_name:medicine"
"Journal of Imaging Informatics in Medicine","3","2024","2024","off_domain_venue_name:medicine"
"Journal of Korean Medical Association","3","2014","2021","off_domain_venue_name:medicine"
"Journal of Medical Imaging","3","2018","2019","off_domain_venue_name:medicine"
"Journal of Occupational Medicine and Toxicology","3","2024","2024","off_domain_venue_name:medicine"
"Journal of Oncology","3","2010","2021","off_domain_venue_name:medicine"
"Journal of Pediatric Surgery","3","2021","2024","off_domain_venue_name:medicine"
"Journal of Physics G Nuclear and Particle Physics","3","2002","2024","off_domain_venue_name:physical_science"
"Journal of Physics Materials","3","2019","2024","off_domain_venue_name:physical_science"
"Journal of Robotic Surgery","3","2024","2024","off_domain_venue_name:medicine"
"Journal of Surgical Oncology","3","2023","2025","off_domain_venue_name:medicine"
"Journal of Surgical Specialties and Rural Practice","3","2025","2025","off_domain_venue_name:medicine"
"Journal of the American Academy of Child & Adolescent Psychiatry","3","2000","2025","off_domain_venue_name:medicine"
"Journal of the American Veterinary Medical Association","3","2024","2024","off_domain_venue_name:medicine"
"Journal of Tropical Medicine","3","2013","2023","off_domain_venue_name:medicine"
"Journal of Ultrasound in Medicine","3","2020","2024","off_domain_venue_name:medicine"
"Lupus Science & Medicine","3","2021","2021","off_domain_venue_name:medicine"
"Lupus Science and Medicine","3","2023","2023","off_domain_venue_name:medicine"
"Malaysian journal of medicine and health sciences","3","2024","2025","off_domain_venue_name:medicine"
"Materials Science for Energy Technologies","3","2024","2024","off_domain_venue_name:physical_science"
"Medical Informatics Europe","3","2024","2024","off_domain_venue_name:medicine"
"Medical Reference Services Quarterly","3","2018","2020","off_domain_venue_name:medicine"
"Medical Review","3","2024","2024","off_domain_venue_name:medicine"
"Medical Science Monitor","3","2020","2020","off_domain_venue_name:medicine"
"Medicine Advances","3","2024","2024","off_domain_venue_name:medicine"
"Minerva Cardiology and Angiology","3","2024","2024","off_domain_venue_name:medicine"
"Modern Pathology","3","2018","2024","off_domain_venue_name:medicine"
"Molecular and Biochemical Parasitology","3","2016","2016","off_domain_venue_name:life_science"
"Molecular Ecology Notes","3","2002","2003","off_domain_venue_name:life_science"
"Molecular Medicine","3","2024","2024","off_domain_venue_name:medicine|life_science"
"Molecular Metabolism","3","2018","2024","off_domain_venue_name:life_science"
"Molecular Oncology","3","2020","2024","off_domain_venue_name:medicine|life_science"
"Molecular Phylogenetics and Evolution","3","2007","2024","off_domain_venue_name:life_science"
"Molecular Therapy","3","2021","2022","off_domain_venue_name:life_science"
"Multiple sclerosis journal - experimental, translational and clinical","3","2016","2017","off_domain_venue_name:medicine"
"Nature Chemistry","3","2024","2025","off_domain_venue_name:physical_science"
"Nature reviews genetics","3","2008","2008","off_domain_venue_name:life_science"
"Neurology and Therapy","3","2024","2024","off_domain_venue_name:medicine"
"New Astronomy Reviews","3","2024","2024","off_domain_venue_name:physical_science"
"Nuclear medicine communications","3","2022","2022","off_domain_venue_name:medicine|physical_science"
"Nursing","3","2018","2018","off_domain_venue_name:medicine"
"Occupational Medicine","3","2024","2024","off_domain_venue_name:medicine"
"Oncology Letters","3","2013","2022","off_domain_venue_name:medicine"
"Ophthalmic Epidemiology","3","2010","2025","off_domain_venue_name:medicine"
"Oxidative Medicine and Cellular Longevity","3","2021","2021","off_domain_venue_name:medicine"
"Physical Review Materials","3","2018","2024","off_domain_venue_name:physical_science"
"Physical review. B, Condensed matter","3","1995","1995","off_domain_venue_name:physical_science"
"Plastic & Reconstructive Surgery Global Open","3","2024","2025","off_domain_venue_name:medicine"
"Public Health Nursing","3","2003","2024","off_domain_venue_name:medicine"
"Quantitative Biology","3","2024","2025","off_domain_venue_name:life_science"
"Quantitative Imaging in Medicine and Surgery","3","2024","2024","off_domain_venue_name:medicine"
"Sarvodaya International Journal of Medicine","3","2025","2025","off_domain_venue_name:medicine"
"Seminars in neurology","3","2024","2024","off_domain_venue_name:medicine"
"Singapore Medical Journal","3","2024","2024","off_domain_venue_name:medicine"
"Spectrochimica Acta Part A Molecular and Biomolecular Spectroscopy","3","2024","2024","off_domain_venue_name:life_science"
"Teaching and learning in medicine","3","2021","2023","off_domain_venue_name:medicine"
"The Canadian Journal of Chemical Engineering","3","2024","2024","off_domain_venue_name:physical_science"
"The Egyptian Journal of Radiology and Nuclear Medicine","3","2024","2024","off_domain_venue_name:medicine|physical_science"
"The Journal of Pathology","3","1999","2010","off_domain_venue_name:medicine"
"The Medical clinics of North America","3","2016","2016","off_domain_venue_name:medicine"
"The Open Respiratory Medicine Journal","3","2024","2024","off_domain_venue_name:medicine"
"Translational Pediatrics","3","2014","2020","off_domain_venue_name:medicine"
"Updates in Surgery","3","2023","2024","off_domain_venue_name:medicine"
"Visual Computing for Industry Biomedicine and Art","3","2023","2024","off_domain_venue_name:medicine"
"Wilderness and Environmental Medicine","3","2010","2015","off_domain_venue_name:medicine"
"World Journal of Biology Pharmacy and Health Sciences","3","2024","2024","off_domain_venue_name:life_science"
"Academic Medicine & Surgery","2","2024","2024","off_domain_venue_name:medicine"
"Academic Psychiatry","2","2003","2003","off_domain_venue_name:medicine"
"Acta Crystallographica Section C Structural Chemistry","2","2014","2014","off_domain_venue_name:physical_science"
"Advances in Anatomic Pathology","2","2024","2024","off_domain_venue_name:medicine"
"Advances in respiratory medicine","2","2024","2024","off_domain_venue_name:medicine"
"Advances in Traditional Medicine","2","2021","2021","off_domain_venue_name:medicine"
"AIMS molecular science","2","2024","2024","off_domain_venue_name:life_science"
"AIMS neuroscience","2","2024","2024","off_domain_venue_name:life_science"
"Algorithms for Molecular Biology","2","2011","2024","off_domain_venue_name:life_science"
"American Journal of Biological Anthropology","2","2024","2024","off_domain_venue_name:life_science"
"American Journal of Medical Genetics. Part C, Seminars in Medical Genetics","2","2020","2021","off_domain_venue_name:medicine|life_science"
"Annals of Clinical Epidemiology","2","2024","2024","off_domain_venue_name:medicine"
"Annals of Human Genetics","2","2001","2001","off_domain_venue_name:life_science"
"Annals of Plastic Surgery","2","1997","1997","off_domain_venue_name:medicine"
"Annals of Surgical Oncology","2","2024","2024","off_domain_venue_name:medicine"
"Annual International Conference of the IEEE Engineering in Medicine and Biology Society","2","2014","2025","off_domain_venue_name:medicine|life_science"
"Annual Review of Cancer Biology","2","2016","2016","off_domain_venue_name:life_science"
"Annual Review of Condensed Matter Physics","2","2019","2022","off_domain_venue_name:physical_science"
"Annual Review of Materials Science","2","1998","1998","off_domain_venue_name:physical_science"
"Annual Review of Pathology Mechanisms of Disease","2","2024","2024","off_domain_venue_name:medicine"
"Antimicrobial Stewardship and Healthcare Epidemiology","2","2022","2023","off_domain_venue_name:medicine"
"Archives of Surgery and Clinical Research","2","2025","2025","off_domain_venue_name:medicine"
"Arteriosclerosis Thrombosis and Vascular Biology","2","1999","2024","off_domain_venue_name:life_science"
"ASEAN Journal of Psychiatry","2","2024","2024","off_domain_venue_name:medicine"
"Asian Journal of Pharmaceutical Research","2","2024","2024","off_domain_venue_name:medicine"
"Asian Journal of Research in Chemistry","2","2021","2021","off_domain_venue_name:physical_science"
"Australian Journal of Botany","2","2003","2013","off_domain_venue_name:life_science"
"Aviation Space and Environmental Medicine","2","2009","2009","off_domain_venue_name:medicine"
"Beilstein Journal of Organic Chemistry","2","2024","2024","off_domain_venue_name:physical_science"
"Biological Diversity","2","2024","2024","off_domain_venue_name:life_science"
"Biological Invasions","2","2017","2017","off_domain_venue_name:life_science"
"Biology and Fertility of Soils","2","2017","2020","off_domain_venue_name:life_science"
"Biology Letters","2","2016","2025","off_domain_venue_name:life_science"
"Biology of Sex Differences","2","2020","2021","off_domain_venue_name:life_science"
"Biomedical Analysis","2","2024","2024","off_domain_venue_name:medicine"
"BioMedical Engineering OnLine","2","2024","2024","off_domain_venue_name:medicine"
"Biomedical Physics & Engineering Express","2","2024","2024","off_domain_venue_name:medicine|physical_science"
"Biostatistics & Epidemiology","2","2017","2017","off_domain_venue_name:medicine"
"BMC Anesthesiology","2","2024","2025","off_domain_venue_name:medicine"
"BMC Sports Science Medicine and Rehabilitation","2","2024","2024","off_domain_venue_name:medicine"
"British Journal of Biomedical Science","2","2024","2024","off_domain_venue_name:medicine"
"British Journal of Clinical Psychology","2","1992","1999","off_domain_venue_name:medicine"
"British Journal of Neuroscience Nursing","2","2022","2022","off_domain_venue_name:medicine|life_science"
"Cancer Biology & Therapy","2","2024","2024","off_domain_venue_name:life_science"
"Cancer Biology and Medicine","2","2021","2024","off_domain_venue_name:medicine|life_science"
"Cancer Epidemiology Biomarkers & Prevention","2","2020","2022","off_domain_venue_name:medicine"
"Cancer Nursing","2","2019","2019","off_domain_venue_name:medicine"
"Cardiology and Therapy","2","2024","2024","off_domain_venue_name:medicine"
"Cardiology Research","2","2024","2024","off_domain_venue_name:medicine"
"Cellular and Molecular Immunology","2","2020","2024","off_domain_venue_name:life_science"
"Chemical Engineering and Processing - Process Intensification","2","2024","2024","off_domain_venue_name:physical_science"
"Chemical Senses","2","1997","2020","off_domain_venue_name:physical_science"
"Chemico-Biological Interactions","2","2022","2024","off_domain_venue_name:life_science"
"Chemistry","2","2024","2024","off_domain_venue_name:physical_science"
"Clinical Anatomy","2","2020","2024","off_domain_venue_name:medicine"
"Clinical eHealth","2","2022","2023","off_domain_venue_name:medicine"
"Clinical Hypertension","2","2024","2024","off_domain_venue_name:medicine"
"Clinical Journal of the American Society of Nephrology","2","2023","2024","off_domain_venue_name:medicine"
"Clinical Nephrology","2","2015","2015","off_domain_venue_name:medicine"
"Clinical Nurse Specialist","2","2019","2019","off_domain_venue_name:medicine"
"Clinical Nutrition ESPEN","2","2024","2024","off_domain_venue_name:medicine"
"Clinical Oral Investigations","2","2024","2025","off_domain_venue_name:medicine"
"Clinical Rehabilitation","2","2017","2017","off_domain_venue_name:medicine"
"Clinical Spine Surgery A Spine Publication","2","2020","2024","off_domain_venue_name:medicine"
"Clinics in Orthopedic Surgery","2","2024","2024","off_domain_venue_name:medicine"
"Cognitive Affective & Behavioral Neuroscience","2","2024","2024","off_domain_venue_name:life_science"
"COJ Nursing & Healthcare","2","2024","2024","off_domain_venue_name:medicine"
"Communications in Mathematical Physics","2","2024","2024","off_domain_venue_name:physical_science"
"Computational Materials Science","2","2024","2024","off_domain_venue_name:physical_science"
"Computational Psychiatry","2","2024","2024","off_domain_venue_name:medicine"
"Computer Methods in Biomechanics & Biomedical Engineering","2","2024","2025","off_domain_venue_name:medicine"
"Conservation Genetics","2","2018","2018","off_domain_venue_name:life_science"
"CPT Pharmacometrics & Systems Pharmacology","2","2024","2024","off_domain_venue_name:medicine"
"Croatian Medical Journal","2","2023","2023","off_domain_venue_name:medicine"
"Culture, Medicine and Psychiatry","2","2015","2015","off_domain_venue_name:medicine"
"Current Cardiology Reports","2","2019","2019","off_domain_venue_name:medicine"
"Current Medical Research and Opinion","2","2024","2024","off_domain_venue_name:medicine"
"Current Medicinal Chemistry","2","2024","2024","off_domain_venue_name:physical_science"
"Current opinion in clinical nutrition and metabolic care","2","2006","2006","off_domain_venue_name:medicine"
"Current Opinion in Green and Sustainable Chemistry","2","2024","2024","off_domain_venue_name:physical_science"
"Current Opinion in Pharmacology","2","2024","2024","off_domain_venue_name:medicine"
"Current Opinion in Structural Biology","2","2024","2024","off_domain_venue_name:life_science"
"Current Pharmaceutical Analysis","2","2024","2024","off_domain_venue_name:medicine"
"Dermatologic Surgery","2","2016","2024","off_domain_venue_name:medicine"
"Dr. Sulaiman Al Habib Medical Journal","2","2022","2022","off_domain_venue_name:medicine"
"Education in Medicine Journal","2","2024","2024","off_domain_venue_name:medicine"
"Epidemiology and Health Data Insights","2","2025","2025","off_domain_venue_name:medicine"
"Epidemiology Biostatistics and Public Health","2","2022","2022","off_domain_venue_name:medicine"
"Epidemiology Open Access","2","2016","2016","off_domain_venue_name:medicine"
"European Heart Journal - Quality of Care and Clinical Outcomes","2","2025","2025","off_domain_venue_name:medicine"
"European Journal of Obstetrics & Gynecology and Reproductive Biology","2","2024","2024","off_domain_venue_name:life_science"
"European Journal of Obstetrics, Gynecology, and Reproductive Biology","2","2025","2025","off_domain_venue_name:life_science"
"European Journal of Oncology Nursing","2","2023","2023","off_domain_venue_name:medicine"
"European Journal of Organic Chemistry","2","2016","2024","off_domain_venue_name:physical_science"
"European Journal of Trauma and Emergency Surgery","2","2023","2023","off_domain_venue_name:medicine"
"Evidence-Based Nursing","2","2011","2011","off_domain_venue_name:medicine"
"Experimental and Therapeutic Medicine","2","2020","2020","off_domain_venue_name:medicine"
"Experimental Astronomy","2","2025","2025","off_domain_venue_name:physical_science"
"Experimental Neurology","2","2024","2024","off_domain_venue_name:medicine"
"Expert Review of Molecular Diagnostics","2","2020","2024","off_domain_venue_name:life_science"
"Food & medicine homology.","2","2024","2024","off_domain_venue_name:medicine"
"Food and Chemical Toxicology","2","2024","2024","off_domain_venue_name:physical_science"
"Food Physics","2","2024","2024","off_domain_venue_name:physical_science"
"Frontiers in Molecular Biosciences","2","2021","2024","off_domain_venue_name:life_science"
"Frontiers in Molecular Neuroscience","2","2017","2024","off_domain_venue_name:life_science"
"Frontiers in Radiology","2","2024","2024","off_domain_venue_name:medicine"
"Gastrointestinal Nursing","2","2023","2023","off_domain_venue_name:medicine"
"Genetic Epidemiology","2","1996","1996","off_domain_venue_name:medicine"
"Genetics and Molecular Biology","2","2024","2024","off_domain_venue_name:life_science"
"Genetics in Medicine Open","2","2024","2024","off_domain_venue_name:medicine|life_science"
"Genome Biology","2","2020","2020","off_domain_venue_name:life_science"
"Global Health & Medicine","2","2024","2024","off_domain_venue_name:medicine"
"Health Services Research & Managerial Epidemiology","2","2023","2023","off_domain_venue_name:medicine"
"HepatoBiliary Surgery and Nutrition","2","2024","2024","off_domain_venue_name:medicine"
"HIV Medicine","2","2024","2024","off_domain_venue_name:medicine"
"Hospital Pediatrics","2","2020","2025","off_domain_venue_name:medicine"
"Human Biology: The Official Publication of the American Association of Anthropological Genetics","2","2007","2007","off_domain_venue_name:life_science"
"IEEE Engineering in Medicine and Biology Magazine","2","2001","2001","off_domain_venue_name:medicine|life_science"
"IEEE Reviews in Biomedical Engineering","2","2020","2025","off_domain_venue_name:medicine"
"Indian Journal of Forensic and Community Medicine","2","2020","2021","off_domain_venue_name:medicine"
"Indonesian Journal of Electronics Electromedical Engineering and Medical Informatics","2","2025","2025","off_domain_venue_name:medicine"
"Injury Epidemiology","2","2024","2025","off_domain_venue_name:medicine"
"Innovations in Acupuncture and Medicine","2","2026","2026","off_domain_venue_name:medicine"
"Innovative Research in Applied, Biological and Chemical Sciences","2","2024","2024","off_domain_venue_name:physical_science|life_science"
"Inorganic Chemistry Communications","2","2024","2024","off_domain_venue_name:physical_science"
"Intelligence-Based Medicine","2","2024","2024","off_domain_venue_name:medicine"
"Intensive & Critical Care Nursing","2","2022","2022","off_domain_venue_name:medicine"
"Interdisciplinary Research in Medical Sciences Specialty","2","2024","2024","off_domain_venue_name:medicine"
"International journal of agricultural and biological engineering","2","2018","2024","off_domain_venue_name:life_science"
"International Journal of Biological and Pharmaceutical Sciences Archive","2","2024","2024","off_domain_venue_name:medicine|life_science"
"International Journal of Cardiology Cardiovascular Risk and Prevention","2","2025","2025","off_domain_venue_name:medicine"
"International Journal of Clinical Oncology","2","2023","2024","off_domain_venue_name:medicine"
"International Journal of Clinical Pharmacy","2","2024","2024","off_domain_venue_name:medicine"
"International journal of clinical practice","2","2014","2014","off_domain_venue_name:medicine"
"International Journal of Modern Physics A","2","2024","2024","off_domain_venue_name:physical_science"
"International Journal of Nursing Science","2","2020","2021","off_domain_venue_name:medicine"
"International Journal of Nursing Sciences","2","2020","2021","off_domain_venue_name:medicine"
"International Journal of Oncology","2","2024","2024","off_domain_venue_name:medicine"
"International Journal Of Pharmaceutical Research And Allied Sciences","2","2024","2024","off_domain_venue_name:medicine"
"International Journal of Radiation Biology","2","1990","1990","off_domain_venue_name:life_science"
"IP Journal of Paediatrics and Nursing Science","2","2020","2020","off_domain_venue_name:medicine"
"JACC. Clinical electrophysiology","2","2021","2024","off_domain_venue_name:medicine"
"Janaki Medical College Journal of Medical Science","2","2024","2024","off_domain_venue_name:medicine"
"Japan Journal of Nursing Science","2","2019","2019","off_domain_venue_name:medicine"
"JCO Oncology Practice","2","2021","2021","off_domain_venue_name:medicine"
"JMIR Nursing","2","2024","2024","off_domain_venue_name:medicine"
"Journal of Advances in Biology & Biotechnology","2","2024","2024","off_domain_venue_name:life_science"
"Journal of Advances in Medicine and Medical Research","2","2024","2024","off_domain_venue_name:medicine"
"Journal of Allergy and Clinical Immunology Global","2","2024","2024","off_domain_venue_name:medicine"
"Journal of Allergy and Clinical Immunology: In Practice","2","2020","2020","off_domain_venue_name:medicine"
"Journal of Arthroscopic Surgery and Sports Medicine","2","2025","2025","off_domain_venue_name:medicine"
"Journal of Asian Pacific Society of Cardiology","2","2024","2025","off_domain_venue_name:medicine"
"Journal of Atmospheric and Solar-Terrestrial Physics","2","2021","2021","off_domain_venue_name:physical_science"
"Journal of behavioral medicine","2","2009","2022","off_domain_venue_name:medicine"
"Journal of Bioinformatics and Computational Biology","2","2005","2005","off_domain_venue_name:life_science"
"Journal of Biomedical and Sustainable Healthcare Applications","2","2024","2024","off_domain_venue_name:medicine"
"Journal of Biomedical Science","2","2024","2024","off_domain_venue_name:medicine"
"Journal of Cancer Research and Clinical Oncology","2","2023","2024","off_domain_venue_name:medicine"
"Journal of Cellular and Molecular Medicine","2","2021","2024","off_domain_venue_name:medicine|life_science"
"Journal of Chemical & Engineering Data","2","2019","2024","off_domain_venue_name:physical_science"
"Journal of Clinical & Translational Endocrinology","2","2017","2024","off_domain_venue_name:medicine"
"Journal of Clinical and Translational Science","2","2021","2021","off_domain_venue_name:medicine"
"Journal of Clinical Apheresis","2","2019","2023","off_domain_venue_name:medicine"
"Journal of Clinical Neurology","2","2017","2020","off_domain_venue_name:medicine"
"Journal of Clinical Neurophysiology","2","2021","2024","off_domain_venue_name:medicine"
"Journal of dentistry research","2","2025","2025","off_domain_venue_name:medicine"
"Journal of Developmental & Behavioral Pediatrics","2","2001","2001","off_domain_venue_name:medicine"
"Journal of Developmental and Behavioral Pediatrics","2","2017","2017","off_domain_venue_name:medicine"
"Journal of Electronics Electromedical Engineering and Medical Informatics","2","2024","2025","off_domain_venue_name:medicine"
"Journal of Family and Community Medicine","2","2018","2018","off_domain_venue_name:medicine"
"Journal of Forensic and Legal Medicine","2","2024","2024","off_domain_venue_name:medicine"
"Journal of Geriatric Cardiology","2","2019","2019","off_domain_venue_name:medicine"
"Journal of Herbmed Pharmacology","2","2018","2018","off_domain_venue_name:medicine"
"Journal of International Medical Research","2","2021","2021","off_domain_venue_name:medicine"
"Journal of Investigative Medicine High Impact Case Reports","2","2025","2025","off_domain_venue_name:medicine"
"Journal of Korean Medical Science","2","2020","2020","off_domain_venue_name:medicine"
"Journal of Maternal-Fetal & Neonatal Medicine","2","2009","2009","off_domain_venue_name:medicine"
"Journal of Microbiology and Biology Education","2","2021","2021","off_domain_venue_name:life_science"
"Journal of Molecular Structure","2","2024","2024","off_domain_venue_name:life_science"
"Journal of Nuclear Science and Technology","2","2018","2023","off_domain_venue_name:physical_science"
"Journal of Nursing Care Quality","2","2025","2025","off_domain_venue_name:medicine"
"Journal of Nursing Education","2","2024","2024","off_domain_venue_name:medicine"
"Journal of Nursing Research","2","2022","2022","off_domain_venue_name:medicine"
"Journal of Oral and Maxillofacial Surgery","2","2024","2024","off_domain_venue_name:medicine"
"Journal of Oral Pathology & Medicine","2","2025","2025","off_domain_venue_name:medicine"
"Journal of Pharmaceutical Analysis","2","2020","2020","off_domain_venue_name:medicine"
"Journal of Pharmaceutical Policy and Practice","2","2024","2025","off_domain_venue_name:medicine"
"Journal of Physics A Mathematical and General","2","2001","2004","off_domain_venue_name:physical_science"
"Journal of Physics Photonics","2","2024","2024","off_domain_venue_name:physical_science"
"Journal of Psychopathology and Clinical Science","2","2023","2024","off_domain_venue_name:medicine"
"Journal of Public Health Dentistry","2","2019","2019","off_domain_venue_name:medicine"
"Journal of Structural Chemistry","2","2024","2024","off_domain_venue_name:physical_science"
"Journal of Surgical Research","2","2015","2017","off_domain_venue_name:medicine"
"Journal of Taibah University Medical Sciences","2","2016","2023","off_domain_venue_name:medicine"
"Journal of the American Academy of Child and Adolescent Psychiatry","2","2017","2020","off_domain_venue_name:medicine"
"Journal of the Medical Library Association","2","2006","2006","off_domain_venue_name:medicine"
"Journal of Travel Medicine","2","2021","2021","off_domain_venue_name:medicine"
"Journal of Vascular Surgery","2","2024","2024","off_domain_venue_name:medicine"
"JPMA. The Journal of the Pakistan Medical Association","2","2007","2007","off_domain_venue_name:medicine"
"Korean Journal of Radiology","2","2018","2018","off_domain_venue_name:medicine"
"Laparoscopic Endoscopic and Robotic Surgery","2","2024","2024","off_domain_venue_name:medicine"
"Materials Science and Engineering A","2","2024","2024","off_domain_venue_name:physical_science"
"Materials Today Chemistry","2","2024","2024","off_domain_venue_name:physical_science"
"Materials Today Quantum","2","2024","2024","off_domain_venue_name:physical_science"
"MedComm – Oncology","2","2024","2024","off_domain_venue_name:medicine"
"Medical Anthropology","2","2021","2021","off_domain_venue_name:medicine"
"Medical Anthropology Quarterly","2","2015","2015","off_domain_venue_name:medicine"
"Medical Education Online","2","2019","2025","off_domain_venue_name:medicine"
"Medical Journal of Australia","2","2003","2009","off_domain_venue_name:medicine"
"MEDIS – International Journal of Medical Sciences and Research","2","2022","2022","off_domain_venue_name:medicine"
"Molecular and Cellular Endocrinology","2","2011","2011","off_domain_venue_name:life_science"
"Molecular and clinical oncology","2","2021","2021","off_domain_venue_name:medicine|life_science"
"Molecular Omics","2","2024","2024","off_domain_venue_name:life_science"
"Molecular Simulation","2","2022","2024","off_domain_venue_name:life_science"
"Molecular Therapy: Methods & Clinical Development","2","2020","2020","off_domain_venue_name:medicine|life_science"
"Mugda Medical College Journal","2","2025","2025","off_domain_venue_name:medicine"
"Nature Reviews Neurology","2","2025","2025","off_domain_venue_name:medicine"
"Neuro-Oncology Advances","2","2024","2024","off_domain_venue_name:medicine"
"Neuroscience","2","2010","2010","off_domain_venue_name:life_science"
"Neuroscience Letters","2","2017","2017","off_domain_venue_name:life_science"
"Neuroscience Research","2","2024","2024","off_domain_venue_name:life_science"
"NMR in Biomedicine","2","2021","2021","off_domain_venue_name:medicine"
"npj Digit. Medicine","2","2023","2023","off_domain_venue_name:medicine"
"npj Primary Care Respiratory Medicine","2","2020","2020","off_domain_venue_name:medicine"
"Nuclear Technology","2","2021","2021","off_domain_venue_name:physical_science"
"Nursing Critical Care","2","2023","2024","off_domain_venue_name:medicine"
"Nursing Management","2","2024","2024","off_domain_venue_name:medicine"
"Nursing Outlook","2","2022","2022","off_domain_venue_name:medicine"
"Nursing Standard","2","2012","2017","off_domain_venue_name:medicine"
"Obesity Surgery","2","2023","2023","off_domain_venue_name:medicine"
"OJIN The Online Journal of Issues in Nursing","2","2021","2021","off_domain_venue_name:medicine"
"Oman Medical Journal","2","2015","2015","off_domain_venue_name:medicine"
"OMICS A Journal of Integrative Biology","2","2012","2025","off_domain_venue_name:life_science"
"Oncology Research and Treatment","2","2024","2024","off_domain_venue_name:medicine"
"Ophthalmic Genetics","2","2021","2025","off_domain_venue_name:life_science"
"Optica Quantum","2","2024","2024","off_domain_venue_name:physical_science"
"Optical and Quantum Electronics","2","2024","2024","off_domain_venue_name:physical_science"
"Oral Oncology Reports","2","2024","2024","off_domain_venue_name:medicine"
"Orthopaedic Journal of Sports Medicine","2","2020","2024","off_domain_venue_name:medicine"
"Orthopaedic Nursing","2","1990","1990","off_domain_venue_name:medicine"
"Orthopaedic Surgery","2","2024","2024","off_domain_venue_name:medicine"
"Pain medicine (Malden, Mass.)","2","2009","2009","off_domain_venue_name:medicine"
"Pakistan Journal of Medical Sciences","2","2020","2023","off_domain_venue_name:medicine"
"Palliative Medicine","2","2014","2017","off_domain_venue_name:medicine"
"Particle & Particle Systems Characterization","2","2024","2024","off_domain_venue_name:physical_science"
"Pediatrics International","2","2020","2020","off_domain_venue_name:medicine"
"Pharmaceutical journal/The pharmaceutical journal","2","2024","2024","off_domain_venue_name:medicine"
"Pharmacology and Therapeutics","2","2019","2019","off_domain_venue_name:medicine"
"Pharmacology Research & Perspectives","2","2024","2024","off_domain_venue_name:medicine"
"Philosophical Transactions of the Royal Society B: Biological Sciences","2","2013","2013","off_domain_venue_name:life_science"
"Physical review. C","2","2024","2024","off_domain_venue_name:physical_science"
"Physical review. E","2","2017","2024","off_domain_venue_name:physical_science"
"Physics Education","2","2023","2023","off_domain_venue_name:physical_science"
"Physics of Plasmas","2","2024","2024","off_domain_venue_name:physical_science"
"Plasma Physics and Controlled Fusion","2","2025","2025","off_domain_venue_name:physical_science"
"Plastic and Reconstructive Surgery","2","2019","2019","off_domain_venue_name:medicine"
"Postharvest Biology and Technology","2","2024","2024","off_domain_venue_name:life_science"
"Precision and Future Medicine","2","2022","2022","off_domain_venue_name:medicine"
"Progress of Theoretical and Experimental Physics","2","2022","2024","off_domain_venue_name:physical_science"
"Psychodynamic Psychiatry","2","2013","2013","off_domain_venue_name:medicine"
"Quantum Information and Computation","2","2024","2024","off_domain_venue_name:physical_science"
"Radiology Imaging Cancer","2","2024","2024","off_domain_venue_name:medicine"
"Regulatory Toxicology and Pharmacology","2","2024","2024","off_domain_venue_name:medicine"
"Research and Reports in Tropical Medicine","2","2016","2022","off_domain_venue_name:medicine"
"Restorative Dentistry & Endodontics","2","2024","2024","off_domain_venue_name:medicine"
"Reviews in Medical Virology","2","2022","2022","off_domain_venue_name:medicine"
"Revista brasileira de epidemiologia = Brazilian journal of epidemiology","2","2010","2010","off_domain_venue_name:medicine"
"Russian Journal of Mathematical Physics","2","2024","2024","off_domain_venue_name:physical_science"
"Russian Journal of Physical Chemistry B","2","2024","2024","off_domain_venue_name:physical_science"
"Sage open pediatrics","2","2025","2025","off_domain_venue_name:medicine"
"SAP Artificial Intelligence in Dentistry","2","2025","2025","off_domain_venue_name:medicine"
"Scandinavian Journal of Medicine and Science in Sports","2","2022","2024","off_domain_venue_name:medicine"
"SciPost Physics Lecture Notes","2","2022","2022","off_domain_venue_name:physical_science"
"Social history of medicine : the journal of the Society for the Social History of Medicine","2","2024","2024","off_domain_venue_name:medicine"
"South African Journal of Chemical Engineering","2","2024","2024","off_domain_venue_name:physical_science"
"South African Journal of Psychiatry","2","2019","2019","off_domain_venue_name:medicine"
"Sports Medicine and Health Science","2","2021","2021","off_domain_venue_name:medicine"
"SSP Modern Pharmacy and Medicine","2","2025","2025","off_domain_venue_name:medicine"
"Statistical Applications in Genetics and Molecular Biology","2","2004","2005","off_domain_venue_name:life_science"
"Surgery Today","2","2024","2025","off_domain_venue_name:medicine"
"Survey of Anesthesiology","2","2000","2000","off_domain_venue_name:medicine"
"Teaching and learning in nursing","2","2024","2024","off_domain_venue_name:medicine"
"Telehealth and Medicine Today","2","2023","2023","off_domain_venue_name:medicine"
"The American Journal of Sports Medicine","2","2020","2020","off_domain_venue_name:medicine"
"The Belgian Journal of Radiology","2","2005","2005","off_domain_venue_name:medicine"
"The Clinical Teacher","2","2024","2025","off_domain_venue_name:medicine"
"The Journal of Applied Laboratory Medicine","2","2023","2023","off_domain_venue_name:medicine"
"The Journal of Clinical Endocrinology and Metabolism","2","2007","2007","off_domain_venue_name:medicine"
"The Journal of craniofacial surgery (Print)","2","2021","2024","off_domain_venue_name:medicine"
"The journal of the American Academy of Psychiatry and the Law","2","2013","2013","off_domain_venue_name:medicine"
"The Journal of the American Board of Family Medicine","2","2021","2024","off_domain_venue_name:medicine"
"The journals of gerontology. Series A, Biological sciences and medical sciences","2","2020","2024","off_domain_venue_name:medicine|life_science"
"The Open Biomedical Engineering Journal","2","2024","2024","off_domain_venue_name:medicine"
"The Open Journal of Astrophysics","2","2024","2024","off_domain_venue_name:physical_science"
"The Pan African Medical Journal","2","2013","2014","off_domain_venue_name:medicine"
"Theoretical and Mathematical Physics","2","2024","2024","off_domain_venue_name:physical_science"
"Transcultural Psychiatry","2","2022","2025","off_domain_venue_name:medicine"
"Trends in Chemistry","2","2024","2024","off_domain_venue_name:physical_science"
"Trends in Molecular Medicine","2","2024","2024","off_domain_venue_name:medicine|life_science"
"Tropical Diseases, Travel Medicine and Vaccines","2","2022","2025","off_domain_venue_name:medicine"
"TURKISH JOURNAL OF BOTANY","2","2024","2024","off_domain_venue_name:life_science"
"Ultrasound in Medicine & Biology","2","2024","2024","off_domain_venue_name:medicine|life_science"
"Veterinary Medicine and Science","2","2024","2025","off_domain_venue_name:medicine"
"Water Biology and Security","2","2024","2024","off_domain_venue_name:life_science"
"World journal for pediatric & congenital heart surgery","2","2025","2025","off_domain_venue_name:medicine"
"World Medical &amp; Health Policy","2","2025","2025","off_domain_venue_name:medicine"
"World Social Psychiatry","2","2022","2022","off_domain_venue_name:medicine"
"Worldviews on Evidence-Based Nursing","2","2016","2016","off_domain_venue_name:medicine"
"2021 Computing in Cardiology (CinC)","1","2021","2021","off_domain_venue_name:medicine"
"2022 44th Annual International Conference of the IEEE Engineering in Medicine &amp; Biology Society (EMBC)","1","2022","2022","off_domain_venue_name:medicine|life_science"
"Academic Pediatrics","1","2025","2025","off_domain_venue_name:medicine"
"ACS Chemical Health & Safety","1","2021","2021","off_domain_venue_name:physical_science"
"ACS Earth and Space Chemistry","1","2024","2024","off_domain_venue_name:physical_science"
"ACS Pharmacology & Translational Science","1","2020","2020","off_domain_venue_name:medicine"
"ADA Clinical Compendia","1","2022","2022","off_domain_venue_name:medicine"
"Adolescent Health Medicine and Therapeutics","1","2024","2024","off_domain_venue_name:medicine"
"Advanced Physics Research","1","2024","2024","off_domain_venue_name:physical_science"
"Advances in Cancer Biology - Metastasis","1","2024","2024","off_domain_venue_name:life_science"
"Advances in Experimental Medicine and Biology","1","2001","2001","off_domain_venue_name:medicine|life_science"
"Advances in Materials Science and Engineering","1","2021","2021","off_domain_venue_name:physical_science"
"Advances in pharmacological and pharmaceutical sciences","1","2021","2021","off_domain_venue_name:medicine"
"Aging Clinical and Experimental Research","1","2020","2020","off_domain_venue_name:medicine"
"Aging Medicine","1","2024","2024","off_domain_venue_name:medicine"
"Ain Shams Journal of Anesthesiology","1","2022","2022","off_domain_venue_name:medicine"
"Alcoholism Clinical and Experimental Research","1","2000","2000","off_domain_venue_name:medicine"
"American Journal of Botany","1","2018","2018","off_domain_venue_name:life_science"
"American Journal of Lifestyle Medicine","1","2022","2022","off_domain_venue_name:medicine"
"American Journal of Medical Genetics Part C Seminars in Medical Genetics","1","2017","2017","off_domain_venue_name:medicine|life_science"
"American Journal of Pathology","1","2017","2017","off_domain_venue_name:medicine"
"American Journal of Speech-Language Pathology","1","1997","1997","off_domain_venue_name:medicine"
"American Medical Informatics Association Annual Symposium","1","2003","2003","off_domain_venue_name:medicine"
"American Society of Clinical Oncology educational book. American Society of Clinical Oncology. Annual Meeting","1","2018","2018","off_domain_venue_name:medicine"
"Analytica—A Journal of Analytical Chemistry and Chemical Analysis","1","2024","2024","off_domain_venue_name:physical_science"
"Annals of 3D Printed Medicine","1","2021","2021","off_domain_venue_name:medicine"
"Annals of Behavioral Medicine","1","2023","2023","off_domain_venue_name:medicine"
"Annals of Cardiothoracic Surgery","1","2017","2017","off_domain_venue_name:medicine"
"Annals of Gastroenterological Surgery","1","2024","2024","off_domain_venue_name:medicine"
"Annals of General Psychiatry","1","2024","2024","off_domain_venue_name:medicine"
"Annals of Human Biology","1","2003","2003","off_domain_venue_name:life_science"
"Annals of International medical and Dental Research","1","2016","2016","off_domain_venue_name:medicine"
"Annals of Thoracic Medicine","1","2024","2024","off_domain_venue_name:medicine"
"Annual Review of Biomedical Data Science","1","2021","2021","off_domain_venue_name:medicine"
"Annual Review of Medicine","1","2016","2016","off_domain_venue_name:medicine"
"Annual Review of Neuroscience","1","2001","2001","off_domain_venue_name:life_science"
"Anwer Khan Modern Medical College Journal","1","2017","2017","off_domain_venue_name:medicine"
"ANZ Journal of Surgery","1","2003","2003","off_domain_venue_name:medicine"
"APL Quantum","1","2024","2024","off_domain_venue_name:physical_science"
"Archives of medical science : AMS","1","2010","2010","off_domain_venue_name:medicine"
"Archives of Medicine and Health Sciences","1","2022","2022","off_domain_venue_name:medicine"
"Archives of Pediatrics and Adolescent Medicine","1","2003","2003","off_domain_venue_name:medicine"
"Archives of Surgery","1","1992","1992","off_domain_venue_name:medicine"
"Arteriosclerosis, Thrombosis and Vascular Biology","1","2014","2014","off_domain_venue_name:life_science"
"Asia-Pacific Journal of Clinical Oncology","1","2023","2023","off_domain_venue_name:medicine"
"Asian Journal of Ethics in Health and Medicine","1","2024","2024","off_domain_venue_name:medicine"
"Asian pacific Journal of Tropical Biomedicine","1","2017","2017","off_domain_venue_name:medicine"
"AUIQ complementary biological system.","1","2024","2024","off_domain_venue_name:life_science"
"Australian Journal of Biomedical Research","1","2025","2025","off_domain_venue_name:medicine"
"Balkan Medical Journal","1","2024","2024","off_domain_venue_name:medicine"
"Barw Medical Journal","1","2024","2024","off_domain_venue_name:medicine"
"Belitung Nursing Journal","1","2025","2025","off_domain_venue_name:medicine"
"Biochemistry and Cell Biology","1","2024","2024","off_domain_venue_name:life_science"
"Biochimica et Biophysica Acta - Molecular Basis of Disease","1","2020","2020","off_domain_venue_name:life_science"
"Bioelectronic Medicine","1","2025","2025","off_domain_venue_name:medicine"
"Bioengineering & Translational Medicine","1","2021","2021","off_domain_venue_name:medicine"
"Biological Journal of the Linnean Society","1","1996","1996","off_domain_venue_name:life_science"
"Biological Research","1","2024","2024","off_domain_venue_name:life_science"
"Biological Research for Nursing","1","2022","2022","off_domain_venue_name:medicine|life_science"
"Biology Engineering Medicine and Science Reports","1","2023","2023","off_domain_venue_name:medicine|life_science"
"Biomedical Engineering Advances","1","2022","2022","off_domain_venue_name:medicine"
"Biomedical Reports","1","2016","2016","off_domain_venue_name:medicine"
"BMC Biomedical Engineering","1","2024","2024","off_domain_venue_name:medicine"
"BMC Complementary Medicine and Therapies","1","2025","2025","off_domain_venue_name:medicine"
"BMC Genetics","1","2018","2018","off_domain_venue_name:life_science"
"BMC Molecular Biology","1","2006","2006","off_domain_venue_name:life_science"
"BMC Neuroscience","1","2024","2024","off_domain_venue_name:life_science"
"BMJ Oncology","1","2023","2023","off_domain_venue_name:medicine"
"Brazilian Journal of Analytical Chemistry","1","2026","2026","off_domain_venue_name:physical_science"
"British Journal of Community Nursing","1","2024","2024","off_domain_venue_name:medicine"
"British Journal of Nursing","1","2024","2024","off_domain_venue_name:medicine"
"Bulletin of Biological and Allied Sciences Research","1","2024","2024","off_domain_venue_name:life_science"
"Bulletin of Engineering Geology and the Environment","1","2024","2024","off_domain_venue_name:physical_science"
"Bulletin of the Chemical Society of Ethiopia","1","2024","2024","off_domain_venue_name:physical_science"
"Canadian Journal of Emergency Nursing","1","2022","2022","off_domain_venue_name:medicine"
"Canadian journal of psychiatry. Revue canadienne de psychiatrie","1","2022","2022","off_domain_venue_name:medicine"
"Canadian Medical Education Journal","1","2022","2022","off_domain_venue_name:medicine"
"Cancer Epidemiology, Biomarkers and Prevention","1","2020","2020","off_domain_venue_name:medicine"
"Cancer Medicine","1","2024","2024","off_domain_venue_name:medicine"
"Cardiology","1","2015","2015","off_domain_venue_name:medicine"
"Cardiology in the Young","1","2017","2017","off_domain_venue_name:medicine"
"Cardiovascular revascularization medicine","1","2024","2024","off_domain_venue_name:medicine"
"Case Reports in Neurology","1","2016","2016","off_domain_venue_name:medicine"
"Case Reports in Oncology","1","2015","2015","off_domain_venue_name:medicine"
"Cell chemical biology","1","2024","2024","off_domain_venue_name:physical_science|life_science"
"Cellular & Molecular Immunology","1","2021","2021","off_domain_venue_name:life_science"
"Cellular and Molecular Gastroenterology and Hepatology","1","2024","2024","off_domain_venue_name:life_science"
"Chemical & Engineering News","1","2013","2013","off_domain_venue_name:physical_science"
"Chemical Engineering Science X","1","2021","2021","off_domain_venue_name:physical_science"
"Chemical Physics Impact","1","2024","2024","off_domain_venue_name:physical_science"
"Chemical Physics Letters","1","2024","2024","off_domain_venue_name:physical_science"
"Chemistry - Methods","1","2021","2021","off_domain_venue_name:physical_science"
"Chemistry Teacher International","1","2022","2022","off_domain_venue_name:physical_science"
"Child Health Nursing Research","1","2022","2022","off_domain_venue_name:medicine"
"CIN Computers Informatics Nursing","1","2024","2024","off_domain_venue_name:medicine"
"Clinical and Experimental Dermatology","1","2024","2024","off_domain_venue_name:medicine"
"Clinical and Experimental Medicine","1","2025","2025","off_domain_venue_name:medicine"
"Clinical and Translational Allergy","1","2025","2025","off_domain_venue_name:medicine"
"Clinical and Translational Gastroenterology","1","2016","2016","off_domain_venue_name:medicine"
"Clinical and Translational Radiation Oncology","1","2019","2019","off_domain_venue_name:medicine"
"Clinical Autonomic Research","1","2024","2024","off_domain_venue_name:medicine"
"Clinical Child and Family Psychology Review","1","2012","2012","off_domain_venue_name:medicine"
"Clinical Diabetes","1","2022","2022","off_domain_venue_name:medicine"
"Clinical Diabetes and Endocrinology","1","2015","2015","off_domain_venue_name:medicine"
"Clinical Genetics","1","2024","2024","off_domain_venue_name:medicine|life_science"
"Clinical Lymphoma, Myeloma & Leukemia","1","2025","2025","off_domain_venue_name:medicine"
"Clinical Medicine & Research","1","2016","2016","off_domain_venue_name:medicine"
"Clinical ophthalmology","1","2024","2024","off_domain_venue_name:medicine"
"Clinical Pharmacology & Therapeutics","1","2024","2024","off_domain_venue_name:medicine"
"Clinical Trials","1","2025","2025","off_domain_venue_name:medicine"
"Clinics in Laboratory Medicine","1","2024","2024","off_domain_venue_name:medicine"
"Community Dental Health","1","2024","2024","off_domain_venue_name:medicine"
"Complementary Therapies in Clinical Practice","1","2019","2019","off_domain_venue_name:medicine"
"Computational and Mathematical Methods in Medicine","1","2022","2022","off_domain_venue_name:medicine"
"Critical reviews in oncology/hematology","1","2025","2025","off_domain_venue_name:medicine"
"Current Genomics","1","2024","2024","off_domain_venue_name:life_science"
"Current Medical Issues","1","2025","2025","off_domain_venue_name:medicine"
"Current Oncology Reports","1","2024","2024","off_domain_venue_name:medicine"
"Current Opinion in Allergy and Clinical Immunology","1","2022","2022","off_domain_venue_name:medicine"
"Current Opinion in Genetics and Development","1","2018","2018","off_domain_venue_name:life_science"
"Current Opinion in Oncology","1","2024","2024","off_domain_venue_name:medicine"
"Current Opinion in Systems Biology","1","2021","2021","off_domain_venue_name:life_science"
"Current pharmaceutical design","1","2025","2025","off_domain_venue_name:medicine"
"Current Pharmacogenomics and Personalized Medicine","1","2024","2024","off_domain_venue_name:medicine"
"Current Research in Structural Biology","1","2024","2024","off_domain_venue_name:life_science"
"Current Treatment Options in Psychiatry","1","2025","2025","off_domain_venue_name:medicine"
"Demographics and Clinical Outcomes of Carcinoma Rectum Patients After Planned Neoadjuvant Chemoradiotherapy (NACTRT) with Capecitabine-Based Regimen: A 3-Year Experience from a Private Tertiary Cancer Care Centre","1","2025","2025","off_domain_venue_name:medicine"
"Dental and Medical Problems","1","2021","2021","off_domain_venue_name:medicine"
"Developmental Neuroscience","1","2013","2013","off_domain_venue_name:life_science"
"Dimensions of Critical Care Nursing","1","2017","2017","off_domain_venue_name:medicine"
"Discover Chemical Engineering","1","2024","2024","off_domain_venue_name:physical_science"
"Discover Pharmaceutical Sciences","1","2025","2025","off_domain_venue_name:medicine"
"EJNMMI Physics","1","2024","2024","off_domain_venue_name:physical_science"
"EJNMMI Radiopharmacy and Chemistry","1","2024","2024","off_domain_venue_name:physical_science"
"Electromagnetic Biology and Medicine","1","2024","2024","off_domain_venue_name:medicine|life_science"
"Environmental and Experimental Botany","1","2024","2024","off_domain_venue_name:life_science"
"Environmental Epidemiology","1","2024","2024","off_domain_venue_name:medicine"
"Epidemiology, risk factors for disease or disease progression","1","2018","2018","off_domain_venue_name:medicine"
"Ethics Medicine and Public Health","1","2025","2025","off_domain_venue_name:medicine"
"Eurasian Journal of Analytical Chemistry","1","2018","2018","off_domain_venue_name:physical_science"
"European Child & Adolescent Psychiatry","1","2021","2021","off_domain_venue_name:medicine"
"European Journal of Clinical Microbiology and Infectious Diseases","1","2010","2010","off_domain_venue_name:medicine"
"European Journal of Clinical Nutrition","1","2021","2021","off_domain_venue_name:medicine"
"European journal of internal medicine","1","2017","2017","off_domain_venue_name:medicine"
"European Journal of Medical and Health Sciences","1","2024","2024","off_domain_venue_name:medicine"
"European journal of paediatric neurology","1","2024","2024","off_domain_venue_name:medicine"
"European Journal of Pediatrics","1","2018","2018","off_domain_venue_name:medicine"
"European Journal of Physical and Rehabilitation Medicine","1","2021","2021","off_domain_venue_name:medicine"
"European journal of plant pathology","1","2024","2024","off_domain_venue_name:medicine"
"Evidence-based Complementary and Alternative Medicine","1","2021","2021","off_domain_venue_name:medicine"
"Evidence-based Medicine","1","2010","2010","off_domain_venue_name:medicine"
"Evolution Medicine and Public Health","1","2016","2016","off_domain_venue_name:medicine"
"Experimental and Clinical Endocrinology & Diabetes","1","2024","2024","off_domain_venue_name:medicine"
"Expert Review of Medical Devices","1","2024","2024","off_domain_venue_name:medicine"
"Exploration of Medicine","1","2024","2024","off_domain_venue_name:medicine"
"Exploratory Research in Clinical and Social Pharmacy","1","2024","2024","off_domain_venue_name:medicine"
"FOCUS The Journal of Lifelong Learning in Psychiatry","1","2013","2013","off_domain_venue_name:medicine"
"Free Radical Biology and Medicine","1","2024","2024","off_domain_venue_name:medicine|life_science"
"Frontiers in Chemical Engineering","1","2023","2023","off_domain_venue_name:physical_science"
"Frontiers in Integrative Neuroscience","1","2015","2015","off_domain_venue_name:life_science"
"Frontiers in Nuclear Medicine","1","2024","2024","off_domain_venue_name:medicine|physical_science"
"Future Integrative Medicine","1","2024","2024","off_domain_venue_name:medicine"
"Galen Medical Journal","1","2024","2024","off_domain_venue_name:medicine"
"Genetics Selection Evolution","1","2024","2024","off_domain_venue_name:life_science"
"Genome Biology and Evolution","1","2024","2024","off_domain_venue_name:life_science"
"Geochemistry Geophysics Geosystems","1","2021","2021","off_domain_venue_name:physical_science"
"Geology Ecology and Landscapes","1","2024","2024","off_domain_venue_name:physical_science"
"Geriatric Nursing","1","2024","2024","off_domain_venue_name:medicine"
"Ghana Journal of Nursing and Midwifery","1","2024","2024","off_domain_venue_name:medicine"
"Global Advances in Integrative Medicine and Health","1","2025","2025","off_domain_venue_name:medicine"
"Global Medical Genetics","1","2024","2024","off_domain_venue_name:medicine|life_science"
"Graefe s Archive for Clinical and Experimental Ophthalmology","1","2024","2024","off_domain_venue_name:medicine"
"IEEE International Conference on Bioinformatics and Biomedicine","1","2022","2022","off_domain_venue_name:medicine"
"IEEE Journal of Translational Engineering in Health and Medicine","1","2022","2022","off_domain_venue_name:medicine"
"Indian Journal of Continuing Nursing Education","1","2021","2021","off_domain_venue_name:medicine"
"Indian journal of radiology and imaging - new series/Indian journal of radiology and imaging/Indian Journal of Radiology & Imaging","1","2024","2024","off_domain_venue_name:medicine"
"Indonesian Journal of Computational Biology (IJCB)","1","2023","2023","off_domain_venue_name:life_science"
"Infection, Genetics and Evolution","1","2014","2014","off_domain_venue_name:life_science"
"Integrative Medicine in Nephrology and Andrology","1","2024","2024","off_domain_venue_name:medicine"
"Interactive Journal of Medical Research","1","2024","2024","off_domain_venue_name:medicine"
"Interdisciplinary medicine","1","2024","2024","off_domain_venue_name:medicine"
"International Journal of Agriculture and Biology","1","2025","2025","off_domain_venue_name:life_science"
"International Journal of Behavioral Medicine","1","2011","2011","off_domain_venue_name:medicine"
"International Journal of Biomedical Imaging","1","2024","2024","off_domain_venue_name:medicine"
"International Journal of Chemistry Mathematics and Physics","1","2024","2024","off_domain_venue_name:physical_science"
"International Journal of Computer Assisted Radiology and Surgery","1","2024","2024","off_domain_venue_name:medicine"
"International Journal of E-Health and Medical Communications","1","2024","2024","off_domain_venue_name:medicine"
"International Journal of Emergency Medicine","1","2025","2025","off_domain_venue_name:medicine"
"International Journal of Environmental & Analytical Chemistry","1","2024","2024","off_domain_venue_name:physical_science"
"International Journal of Geography Geology and Environment","1","2024","2024","off_domain_venue_name:physical_science"
"International Journal of Law and Psychiatry","1","2009","2009","off_domain_venue_name:medicine"
"International Journal of Medical Microbiology","1","2019","2019","off_domain_venue_name:medicine"
"International Journal of Modern Physics C","1","2024","2024","off_domain_venue_name:physical_science"
"International Journal of Modern Physics D","1","2006","2006","off_domain_venue_name:physical_science"
"International Journal of Modern Physics E","1","2024","2024","off_domain_venue_name:physical_science"
"International Journal of Nursing Practice","1","2021","2021","off_domain_venue_name:medicine"
"International Journal of Occupational Medicine and Environmental Health","1","2010","2010","off_domain_venue_name:medicine"
"International Journal of Pharmaceutical Sciences Review and Research","1","2024","2024","off_domain_venue_name:medicine"
"International Journal of Reproductive Medicine","1","2020","2020","off_domain_venue_name:medicine"
"International Journal of Sports Medicine","1","2019","2019","off_domain_venue_name:medicine"
"Iraqi National Journal of Medicine","1","2008","2008","off_domain_venue_name:medicine"
"ISRN Psychiatry","1","2012","2012","off_domain_venue_name:medicine"
"Issues in clinical child psychology","1","2009","2009","off_domain_venue_name:medicine"
"Italian Journal of Zoology","1","2004","2004","off_domain_venue_name:life_science"
"JAMA cardiology","1","2022","2022","off_domain_venue_name:medicine"
"JAMA Otolaryngology - Head and Neck Surgery","1","2022","2022","off_domain_venue_name:medicine"
"JEADV Clinical Practice","1","2024","2024","off_domain_venue_name:medicine"
"Journal of Addiction Medicine","1","2024","2024","off_domain_venue_name:medicine"
"Journal of Advances in Medical Education and Professionalism","1","2017","2017","off_domain_venue_name:medicine"
"Journal of Avian Biology","1","2024","2024","off_domain_venue_name:life_science"
"Journal of Behavior Therapy and Experimental Psychiatry","1","2009","2009","off_domain_venue_name:medicine"
"Journal of Biological Methods","1","2014","2014","off_domain_venue_name:life_science"
"Journal of Biological Regulators and Homeostatic Agents/Journal of Biological Regulators & Homeostatic Agents","1","2020","2020","off_domain_venue_name:life_science"
"Journal of Biomedical Semantics","1","2024","2024","off_domain_venue_name:medicine"
"Journal of Bone and Joint Surgery - British Volume","1","1998","1998","off_domain_venue_name:medicine"
"Journal of Chemical Information and Computer Sciences","1","2003","2003","off_domain_venue_name:physical_science"
"Journal of Clinical &amp; Biomedical Research","1","2022","2022","off_domain_venue_name:medicine"
"Journal of Clinical and Experimental Neuropsychology","1","1998","1998","off_domain_venue_name:medicine"
"Journal of Clinical and Translational Hepatology","1","2024","2024","off_domain_venue_name:medicine"
"Journal of Clinical Lipidology","1","2025","2025","off_domain_venue_name:medicine"
"Journal of Clinical Medicine of Kazakhstan","1","2025","2025","off_domain_venue_name:medicine"
"Journal of Clinical Nursing &amp; Reports","1","2024","2024","off_domain_venue_name:medicine"
"Journal of Clinical Pharmacy and Therapeutics","1","2002","2002","off_domain_venue_name:medicine"
"Journal of Clinical Psychology in Medical Settings","1","2008","2008","off_domain_venue_name:medicine"
"Journal of Combinatorial Chemistry","1","1998","1998","off_domain_venue_name:physical_science"
"Journal of Community Genetics","1","2023","2023","off_domain_venue_name:life_science"
"Journal of Community Medicine and Primary Health Care","1","2025","2025","off_domain_venue_name:medicine"
"Journal of Community Medicine and Public Health Reports","1","2025","2025","off_domain_venue_name:medicine"
"Journal of Comparative Pathology","1","2024","2024","off_domain_venue_name:medicine"
"Journal of Cranio-Maxillofacial Surgery","1","2025","2025","off_domain_venue_name:medicine"
"Journal of Cutaneous Medicine and Surgery","1","2024","2024","off_domain_venue_name:medicine"
"Journal of Dental Sciences","1","2020","2020","off_domain_venue_name:medicine"
"Journal of Diverse Medical Research: Medicosphere","1","2025","2025","off_domain_venue_name:medicine"
"Journal of Epidemiology","1","2017","2017","off_domain_venue_name:medicine"
"Journal of Evolutionary Biology","1","2024","2024","off_domain_venue_name:life_science"
"Journal of Experimental Medicine","1","2022","2022","off_domain_venue_name:medicine"
"Journal of Experimental Pharmacology","1","2023","2023","off_domain_venue_name:medicine"
"Journal of Gastrointestinal Surgery","1","2025","2025","off_domain_venue_name:medicine"
"Journal of General and Family Medicine","1","2021","2021","off_domain_venue_name:medicine"
"Journal of General Internal Medicine","1","2023","2023","off_domain_venue_name:medicine"
"Journal of Geriatric Oncology","1","2017","2017","off_domain_venue_name:medicine"
"Journal of Graduate Medical Education","1","2012","2012","off_domain_venue_name:medicine"
"Journal of Gynecologic Oncology","1","2023","2023","off_domain_venue_name:medicine"
"Journal of Integrative Neuroscience","1","2024","2024","off_domain_venue_name:life_science"
"Journal of Intensive Care Medicine","1","2024","2024","off_domain_venue_name:medicine"
"Journal of korean Academy of Child and Adolescent Psychiatry","1","2018","2018","off_domain_venue_name:medicine"
"Journal of Law, Medicine & Ethics","1","2022","2022","off_domain_venue_name:medicine"
"Journal of Materials Science","1","2022","2022","off_domain_venue_name:physical_science"
"Journal of Materials Science Materials in Electronics","1","2024","2024","off_domain_venue_name:physical_science"
"Journal of Medical Education and Curricular Development","1","2024","2024","off_domain_venue_name:medicine"
"Journal of Medical Evidence","1","2024","2024","off_domain_venue_name:medicine"
"Journal of Medical Extended Reality","1","2024","2024","off_domain_venue_name:medicine"
"Journal of Medical Genetics and Clinical Biology","1","2024","2024","off_domain_venue_name:medicine|life_science"
"Journal of Medical Microbiology","1","2012","2012","off_domain_venue_name:medicine"
"Journal of molecular medicine","1","2021","2021","off_domain_venue_name:medicine|life_science"
"Journal of Molecular Medicine","1","2024","2024","off_domain_venue_name:medicine|life_science"
"Journal of Neuroscience Research","1","2000","2000","off_domain_venue_name:life_science"
"Journal of Nippon Medical School","1","2024","2024","off_domain_venue_name:medicine"
"Journal of Nippon Medical School = Nippon Ika Daigaku zasshi","1","2024","2024","off_domain_venue_name:medicine"
"Journal of Nuclear Cardiology","1","2022","2022","off_domain_venue_name:medicine|physical_science"
"Journal of Nursing Care Research","1","2025","2025","off_domain_venue_name:medicine"
"Journal of Ophthalmology &amp; Clinical Research","1","2022","2022","off_domain_venue_name:medicine"
"Journal of Oral and Maxillofacial Surgery Medicine and Pathology","1","2024","2024","off_domain_venue_name:medicine"
"Journal of Orthopaedic Surgery and Research","1","2024","2024","off_domain_venue_name:medicine"
"Journal of Osteopathic Medicine","1","2024","2024","off_domain_venue_name:medicine"
"Journal of Pakistan Society of Internal Medicine.","1","2021","2021","off_domain_venue_name:medicine"
"Journal of pediatric nursing","1","2021","2021","off_domain_venue_name:medicine"
"Journal of Pharmaceutical Technology Research and Management","1","2016","2016","off_domain_venue_name:medicine"
"Journal of Pharmacology and Experimental Therapeutics","1","2024","2024","off_domain_venue_name:medicine"
"Journal of Physical and Chemical Reference Data","1","2021","2021","off_domain_venue_name:physical_science"
"Journal of Physics Complexity","1","2024","2024","off_domain_venue_name:physical_science"
"Journal of Plant Pathology","1","2024","2024","off_domain_venue_name:medicine"
"Journal of Plasma Physics","1","2024","2024","off_domain_venue_name:physical_science"
"Journal of preventive medicine and hygiene","1","2011","2011","off_domain_venue_name:medicine"
"Journal of Professional Nursing","1","2001","2001","off_domain_venue_name:medicine"
"Journal of Psychiatry Spectrum","1","2024","2024","off_domain_venue_name:medicine"
"Journal of Public Health and Epidemiology","1","2022","2022","off_domain_venue_name:medicine"
"Journal of reproductive medicine","1","2004","2004","off_domain_venue_name:medicine"
"Journal of science and medicine in sport","1","2024","2024","off_domain_venue_name:medicine"
"Journal of Social and Clinical Psychology","1","2018","2018","off_domain_venue_name:medicine"
"Journal of Spinal Cord Medicine","1","2011","2011","off_domain_venue_name:medicine"
"Journal of the Chinese Chemical Society","1","2025","2025","off_domain_venue_name:physical_science"
"Journal of the Medical Library Association JMLA","1","2017","2017","off_domain_venue_name:medicine"
"Journal of the Taiwan Institute of Chemical Engineers","1","2025","2025","off_domain_venue_name:physical_science"
"Journal of Universal College of Medical Sciences","1","2023","2023","off_domain_venue_name:medicine"
"Journal of World Future Medicine, Health and Nursing","1","2024","2024","off_domain_venue_name:medicine"
"Journal of Wound Ostomy and Continence Nursing","1","2016","2016","off_domain_venue_name:medicine"
"Journal of Zoology","1","2024","2024","off_domain_venue_name:life_science"
"Knee Surgery and Related Research","1","2024","2024","off_domain_venue_name:medicine"
"Letters In Animal Biology","1","2026","2026","off_domain_venue_name:life_science"
"Living Journal of Computational Molecular Science","1","2022","2022","off_domain_venue_name:life_science"
"Magna Scientia Advanced Biology and Pharmacy","1","2024","2024","off_domain_venue_name:life_science"
"Magnetic Resonance in Medical Sciences","1","2024","2024","off_domain_venue_name:medicine"
"Materials Science in Semiconductor Processing","1","2024","2024","off_domain_venue_name:physical_science"
"Medical & Biological Engineering & Computing","1","2024","2024","off_domain_venue_name:medicine|life_science"
"Medical Epigenetics","1","2016","2016","off_domain_venue_name:medicine"
"Medical Imaging 2022: Image Processing","1","2022","2022","off_domain_venue_name:medicine"
"Medical Reports","1","2024","2024","off_domain_venue_name:medicine"
"Medical science monitor basic research/Medical science monitor. Basic research","1","2016","2016","off_domain_venue_name:medicine"
"Medicine Today","1","2024","2024","off_domain_venue_name:medicine"
"Medico-Biological and Socio-Psychological Problems of Safety in Emergency Situations","1","2024","2024","off_domain_venue_name:life_science"
"Middle East Conference on Biomedical Engineering","1","2014","2014","off_domain_venue_name:medicine"
"Middle East Current Psychiatry","1","2023","2023","off_domain_venue_name:medicine"
"Middle East Research Journal of Medical Sciences","1","2024","2024","off_domain_venue_name:medicine"
"Molecular Autism","1","2024","2024","off_domain_venue_name:life_science"
"Molecular breeding","1","2012","2012","off_domain_venue_name:life_science"
"Molecular Genetics and Metabolism Reports","1","2025","2025","off_domain_venue_name:life_science"
"Molecular Informatics","1","2024","2024","off_domain_venue_name:life_science"
"Molecular Microbiology","1","2003","2003","off_domain_venue_name:life_science"
"Molecular plant pathology","1","2022","2022","off_domain_venue_name:medicine|life_science"
"Molecular Therapy — Methods & Clinical Development","1","2024","2024","off_domain_venue_name:medicine|life_science"
"National Journal of Community Medicine","1","2025","2025","off_domain_venue_name:medicine"
"Nature Astronomy","1","2023","2023","off_domain_venue_name:physical_science"
"Nature Cell Biology","1","2024","2024","off_domain_venue_name:life_science"
"npj Biological Timing and Sleep","1","2025","2025","off_domain_venue_name:life_science"
"npj Genomic Medicine","1","2018","2018","off_domain_venue_name:medicine"
"npj Quantum Materials","1","2025","2025","off_domain_venue_name:physical_science"
"Nuclear Physics A","1","2024","2024","off_domain_venue_name:physical_science"
"Nuclear Science and Techniques","1","2024","2024","off_domain_venue_name:physical_science"
"Nursing and Health Sciences Journal (NHSJ)","1","2023","2023","off_domain_venue_name:medicine"
"Nursing Forum","1","2021","2021","off_domain_venue_name:medicine"
"Nursing Information Journal","1","2025","2025","off_domain_venue_name:medicine"
"Nursing Practice Today","1","2024","2024","off_domain_venue_name:medicine"
"Nutritional Neuroscience","1","2017","2017","off_domain_venue_name:life_science"
"Oncology nursing forum","1","2014","2014","off_domain_venue_name:medicine"
"Open Access Research Journal of Biology and Pharmacy","1","2024","2024","off_domain_venue_name:life_science"
"Pain Medicine","1","2021","2021","off_domain_venue_name:medicine"
"Pediatric and adolescent medicine","1","2013","2013","off_domain_venue_name:medicine"
"Pediatric Health, Medicine and Therapeutics","1","2022","2022","off_domain_venue_name:medicine"
"PeerJ Analytical Chemistry","1","2024","2024","off_domain_venue_name:physical_science"
"Perspectives on Integrative Medicine","1","2024","2024","off_domain_venue_name:medicine"
"Perspectives on Medical Education","1","2024","2024","off_domain_venue_name:medicine"
"Pharmacotherapy The Journal of Human Pharmacology and Drug Therapy","1","2019","2019","off_domain_venue_name:medicine"
"Physical and Engineering Sciences in Medicine","1","2024","2024","off_domain_venue_name:medicine"
"Physical review. D. Particles, fields, gravitation, and cosmology/Physical review. D, Particles, fields, gravitation, and cosmology","1","2004","2004","off_domain_venue_name:physical_science"
"Physics and Chemistry of the Earth Parts A/B/C","1","2024","2024","off_domain_venue_name:physical_science"
"Physics World","1","1997","1997","off_domain_venue_name:physical_science"
"Plastic & Reconstructive Surgery","1","2021","2021","off_domain_venue_name:medicine"
"Plastic and Reconstructive Surgery, Global Open","1","2024","2024","off_domain_venue_name:medicine"
"Policy Politics & Nursing Practice","1","2024","2024","off_domain_venue_name:medicine"
"Policy, Politics & Nursing Practice","1","2007","2007","off_domain_venue_name:medicine"
"Postgraduate Medicine","1","2021","2021","off_domain_venue_name:medicine"
"Progress in Neurology and Psychiatry","1","2011","2011","off_domain_venue_name:medicine"
"Psychiatric Genetics","1","2013","2013","off_domain_venue_name:life_science"
"Psychiatry","1","2015","2015","off_domain_venue_name:medicine"
"Psychiatry International","1","2021","2021","off_domain_venue_name:medicine"
"Psychiatry Investigation","1","2020","2020","off_domain_venue_name:medicine"
"Psychology, Health & Medicine","1","2025","2025","off_domain_venue_name:medicine"
"Public Health Genomics","1","2000","2000","off_domain_venue_name:life_science"
"Pure and Applied Chemistry","1","2016","2016","off_domain_venue_name:physical_science"
"Quantum and Semiclassical Optics Journal of the European Optical Society Part B","1","1996","1996","off_domain_venue_name:physical_science"
"Quantum Frontiers","1","2024","2024","off_domain_venue_name:physical_science"
"R.I. medical journal","1","2020","2020","off_domain_venue_name:medicine"
"Radiology Cardiothoracic Imaging","1","2020","2020","off_domain_venue_name:medicine"
"Radiology Case Reports","1","2021","2021","off_domain_venue_name:medicine"
"Radiology: Artificial Intelligence","1","2022","2022","off_domain_venue_name:medicine"
"Radiotherapy and Oncology","1","2024","2024","off_domain_venue_name:medicine"
"Razavi International Journal of Medicine","1","2016","2016","off_domain_venue_name:medicine"
"Rehabilitation Nursing","1","2024","2024","off_domain_venue_name:medicine"
"Reproductive Biology and Endocrinology","1","2024","2024","off_domain_venue_name:life_science"
"Research on Biomedical Engineering","1","2021","2021","off_domain_venue_name:medicine"
"RNA Biology","1","2019","2019","off_domain_venue_name:life_science"
"SAGE Open Medical Case Reports","1","2024","2024","off_domain_venue_name:medicine"
"Sage open pediatrics..","1","2025","2025","off_domain_venue_name:medicine"
"Saudi Medical Journal","1","2016","2016","off_domain_venue_name:medicine"
"Schrödinger: Journal of Physics Education","1","2024","2024","off_domain_venue_name:physical_science"
"SciPost Physics Core","1","2024","2024","off_domain_venue_name:physical_science"
"Sedimentary Geology","1","2024","2024","off_domain_venue_name:physical_science"
"Seminars in Cancer Biology","1","2020","2020","off_domain_venue_name:life_science"
"Skin Pharmacology and Physiology","1","2016","2016","off_domain_venue_name:medicine"
"South African Journal of Clinical Nutrition","1","2018","2018","off_domain_venue_name:medicine"
"South African medical journal = Suid-Afrikaanse tydskrif vir geneeskunde","1","2024","2024","off_domain_venue_name:medicine"
"Special journal of the Medical Academy and other Life Sciences","1","2023","2023","off_domain_venue_name:medicine"
"Studies in medical and health sciences.","1","2024","2024","off_domain_venue_name:medicine"
"Surgical and Experimental Pathology","1","2026","2026","off_domain_venue_name:medicine"
"Surgical Infections","1","2017","2017","off_domain_venue_name:medicine"
"Sustainable Chemical Processes","1","2016","2016","off_domain_venue_name:physical_science"
"Sustainable Chemistry and Pharmacy","1","2024","2024","off_domain_venue_name:physical_science"
"Svāsthya: Trends in General Medicine and Public Health","1","2025","2025","off_domain_venue_name:medicine"
"Symposium on Medical Information Processing and Analysis","1","2024","2024","off_domain_venue_name:medicine"
"Targeted Oncology","1","2024","2024","off_domain_venue_name:medicine"
"The British journal of psychiatry : the journal of mental science","1","2001","2001","off_domain_venue_name:medicine"
"The Clinical Neuropsychologist","1","2021","2021","off_domain_venue_name:medicine"
"The Clinical Supervisor","1","1997","1997","off_domain_venue_name:medicine"
"The Indian Journal of Medical Research","1","2022","2022","off_domain_venue_name:medicine"
"The international journal of medical robotics + computer assisted surgery : MRCAS","1","2014","2014","off_domain_venue_name:medicine"
"The Journal of Clinical Pharmacology","1","2024","2024","off_domain_venue_name:medicine"
"The Journal of Gene Medicine","1","2018","2018","off_domain_venue_name:medicine"
"The journal of knee surgery","1","2025","2025","off_domain_venue_name:medicine"
"The Journal of Maternal-Fetal & Neonatal Medicine","1","2020","2020","off_domain_venue_name:medicine"
"The Journal of the American Dental Association (1939)","1","2006","2006","off_domain_venue_name:medicine"
"The Journal of The Korean Dental Association","1","2024","2024","off_domain_venue_name:medicine"
"The Mount Sinai journal of medicine, New York","1","2011","2011","off_domain_venue_name:medicine"
"The Physics Teacher","1","2024","2024","off_domain_venue_name:physical_science"
"The SAGE Encyclopedia of Abnormal and Clinical Psychology","1","2016","2016","off_domain_venue_name:medicine"
"The Surgery Journal","1","2021","2021","off_domain_venue_name:medicine"
"The Yale Journal of Biology and Medicine","1","2024","2024","off_domain_venue_name:medicine|life_science"
"Translational Medicine Communications","1","2019","2019","off_domain_venue_name:medicine"
"Trauma Surgery & Acute Care Open","1","2023","2023","off_domain_venue_name:medicine"
"Trends in Cell Biology","1","2020","2020","off_domain_venue_name:life_science"
"Tropical Journal of Pharmaceutical Research","1","2021","2021","off_domain_venue_name:medicine"
"Turkish Archives of Pediatrics","1","2024","2024","off_domain_venue_name:medicine"
"Twin Research and Human Genetics","1","2025","2025","off_domain_venue_name:life_science"
"Vascular Medicine","1","2025","2025","off_domain_venue_name:medicine"
"Veterinary and Comparative Oncology","1","2021","2021","off_domain_venue_name:medicine"
"Western Journal of Emergency Medicine","1","2022","2022","off_domain_venue_name:medicine"
"Wildlife Biology","1","2024","2024","off_domain_venue_name:life_science"
"World Journal of Emergency Surgery","1","2021","2021","off_domain_venue_name:medicine"
"World Journal of Nuclear Medicine","1","2023","2023","off_domain_venue_name:medicine|physical_science"
"World Journal of Pediatrics","1","2025","2025","off_domain_venue_name:medicine"
"World Medical & Health Policy","1","2024","2024","off_domain_venue_name:medicine"
"Yearbook of Medical Informatics","1","2022","2022","off_domain_venue_name:medicine"
