rank,journal_name,publisher,score,items_listed,percentile,simple_if_rank,recursive_if_rank,h_index_rank
1,"Econometrica","Econometric Society",1.36,4210,100,2,1,4
2,"American Economic Review","American Economic Association",2.95,10595,100,7,2,1
3,"The Quarterly Journal of Economics","President and Fellows of Harvard College",3.52,2698,99.9,1,10,2
4,"Journal of Economic Literature","American Economic Association",4.58,1234,99.9,3,3,14
5,"Journal of Financial Economics","Elsevier",5.7,3861,99.9,5,22,6
6,"American Economic Journal: Macroeconomics","American Economic Association",7.12,661,99.9,16,4,60
7,"Journal of Political Economy","University of Chicago Press",7.19,3664,99.8,10,9,5
8,"Journal of Finance","American Finance Association",7.51,4875,99.8,9,8,3
9,"Journal of Economic Perspectives","American Economic Association",7.91,2050,99.8,6,6,9
10,"The Review of Financial Studies","Society for Financial Studies",8.13,2680,99.7,8,17,7
11,"Journal of Economic Growth","Springer",9.49,410,99.7,4,13,72
12,"American Economic Journal: Applied Economics","American Economic Association",9.5,759,99.7,15,11,54
13,"The Review of Economic Studies","Review of Economic Studies Ltd",10.17,3035,99.6,12,15,8
14,"Annual Review of Economics","Annual Reviews",11.76,443,99.6,23,7,96
15,"Journal of Monetary Economics","Elsevier",12.84,4119,99.6,14,12,10
16,"Journal of Labor Economics","University of Chicago Press",14.13,1433,99.6,19,5,31
17,"Journal of Econometrics","Elsevier",14.62,5581,99.5,20,50,12
18,"The Review of Economics and Statistics","MIT Press",16.67,4706,99.5,21,21,11
19,"Brookings Papers on Economic Activity, Economic Studies Program","The Brookings Institution",18.72,975,99.5,11,16,34
20,"Journal of the European Economic Association","European Economic Association",19.18,1984,99.4,17,20,41
21,"The Economic Journal","Royal Economic Society",20.29,4766,99.4,25,31,13
22,"RAND Journal of Economics","RAND Corporation",21.13,2312,99.4,18,18,23
23,"Journal of International Economics","Elsevier",23.2,3792,99.4,29,28,15
24,"Journal of Accounting and Economics","Elsevier",23.44,1425,99.3,13,46,28
25,"American Economic Journal: Economic Policy","American Economic Association",23.47,817,99.3,34,25,74
26,"Journal of Public Economics","Elsevier",25.53,4916,99.3,32,30,16
27,"Journal of Business & Economic Statistics","Taylor & Francis Journals",27.23,2571,99.2,31,34,29
28,"Journal of Applied Econometrics, John Wiley & Sons","Ltd.",28.3,2128,99.2,26,32,35
29,"Economic Policy, CEPR, CESifo","Sciences Po;CES;MSH",28.5,508,99.2,22,19,78
30,"Strategic Management Journal","Wiley Blackwell",30.72,2951,99.1,24,149,19
31,"Journal of Development Economics","Elsevier",32.54,4307,99.1,38,53,17
32,"Proceedings","Federal Reserve Bank of Cleveland",36.78,198,99.1,28,14,302
33,"Journal of Money, Credit and Banking","Blackwell Publishing",36.86,4204,99.1,45,39,24
34,"Journal of Human Resources","University of Wisconsin Press",37.12,2136,99,40,26,45
35,"Journal of Financial Intermediation","Elsevier",38.45,815,99,30,37,76
36,"Journal of Economic Theory","Elsevier",38.55,5279,99,56,49,27
37,"Review of Economic Dynamics","Elsevier for the Society for Economic Dynamics",38.59,1258,98.9,50,24,85
38,"European Economic Review","Elsevier",39.4,5337,98.9,57,48,22
39,"Experimental Economics","Springer;Economic Science Association",40.46,872,98.9,41,38,122
40,"International Economic Review, Department of Economics","University of Pennsylvania and Osaka University Institute of Social and Economic Research Association",40.62,3079,98.8,51,29,47
41,"Research Policy","Elsevier",42.14,4561,98.8,39,159,21
42,"Journal of Business Venturing","Elsevier",43.61,1503,98.8,27,202,42
43,"Journal of Banking & Finance","Elsevier",44.46,6507,98.8,54,102,20
44,"Journal of International Business Studies","Palgrave Macmillan;Academy of International Business",44.96,2657,98.7,33,164,30
45,"Journal of Law and Economics","University of Chicago Press",46.33,1531,98.7,42,33,71
46,"Organization Science","INFORMS",47.51,2206,98.7,36,120,38
47,"American Economic Review: Insights","American Economic Association",48.07,228,98.6,101,45,374
48,"Management Science","INFORMS",48.72,9862,98.6,90,170,18
49,"Journal of Economic Dynamics and Control","Elsevier",51.27,4351,98.6,98,99,57
50,"Journal of Accounting Research, John Wiley & Sons","Ltd.",52.07,2090,98.6,43,76,37
51,"International Journal of Central Banking","International Journal of Central Banking",52.51,734,98.5,61,35,127
52,"The Journal of Business","University of Chicago Press",52.7,1187,98.5,52,44,44
53,"Journal of Financial and Quantitative Analysis","Cambridge University Press",53.89,3167,98.5,63,60,33
54,"Annual Review of Financial Economics","Annual Reviews",54.36,313,98.4,76,36,263
55,"Oxford Bulletin of Economics and Statistics, Department of Economics","University of Oxford",54.91,2033,98.4,59,72,80
56,"Journal of Risk and Uncertainty","Springer",55.09,987,98.4,49,42,123
57,"Journal of Economic Surveys","Wiley Blackwell",56.22,1348,98.3,44,69,65
58,"Proceedings","Board of Governors of the Federal Reserve System (U.S.)",57.21,194,98.3,48,27,407
59,"The World Bank Economic Review","World Bank",57.96,1003,98.3,37,65,73
60,"Journal of Environmental Economics and Management","Elsevier",58.18,2744,98.3,46,117,39
61,"IMF Economic Review","Palgrave Macmillan;International Monetary Fund",58.89,1506,98.2,53,52,62
62,"Energy Economics","Elsevier",60.74,7997,98.2,62,357,25
63,"Quarterly Review","Federal Reserve Bank of Minneapolis",62.53,275,98.2,69,23,303
64,"Journal of Urban Economics","Elsevier",63,2495,98.1,55,81,55
65,"Quantitative Economics","Econometric Society",63.71,485,98.1,112,43,270
66,"Journal of Health Economics","Elsevier",64.24,2653,98.1,70,61,56
67,"The World Bank Research Observer","World Bank",65.91,408,98.1,35,87,140
68,"The Econometrics Journal","Royal Economic Society",66.67,693,98,58,63,155
69,"Review of Finance","European Finance Association",68.55,1105,98,72,77,106
70,"Econometric Theory","Cambridge University Press",69.36,1726,98,79,54,66
71,"The Journal of Law, Economics, and Organization","Oxford University Press",70.55,997,97.9,64,59,128
72,"Journal of International Money and Finance","Elsevier",70.57,3392,97.9,75,116,46
73,"Journal of Consumer Research","Journal of Consumer Research Inc.",72.48,2512,97.9,47,190,52
74,"Journal of Financial Markets","Elsevier",73.19,745,97.8,71,57,183
75,"Journal of Corporate Finance","Elsevier",73.7,2547,97.8,74,204,58
76,"Review of Environmental Economics and Policy","University of Chicago Press",74.14,371,97.8,60,90,194
77,"Proceedings","Federal Reserve Bank of San Francisco",74.75,558,97.8,111,41,305
78,"World Development","Elsevier",78.24,8734,97.7,113,225,32
79,"Games and Economic Behavior","Elsevier",78.75,3738,97.7,124,68,77
80,"Energy Policy","Elsevier",79.46,15882,97.7,123,442,26
81,"Journal of Industrial Economics","Wiley Blackwell",80.99,1615,97.6,81,51,79
82,"Journal of Political Economy Macroeconomics","University of Chicago Press",81.19,57,97.6,235,47,1150
83,"BIS Quarterly Review","Bank for International Settlements",81.63,384,97.6,66,75,195
84,"Labour Economics","Elsevier",82.32,2218,97.5,94,100,83
85,"Marketing Science","INFORMS",83.03,1976,97.5,68,103,68
86,"Economic Policy Review","Federal Reserve Bank of New York",84.63,444,97.5,78,40,236
87,"Economics Letters","Elsevier",86.12,14166,97.5,224,229,43
88,"Scandinavian Journal of Economics","Wiley Blackwell",86.61,1178,97.4,89,56,115
89,"Journal of Economic Geography","Oxford University Press",87.08,1091,97.4,67,144,102
90,"Mathematical Finance","Wiley Blackwell",87.64,829,97.4,65,101,134
91,"American Economic Journal: Microeconomics","American Economic Association",88.25,765,97.3,126,66,215
92,"Journal of Economic Behavior & Organization","Elsevier",89.48,7232,97.3,152,168,53
93,"Journal of Empirical Finance","Elsevier",89.83,1557,97.3,85,95,100
94,"Ecological Economics","Elsevier",94.39,7570,97.3,119,336,36
95,"Journal of Population Economics","Springer;European Society for Population Economics",94.9,1579,97.2,97,73,111
96,"Journal of Financial Stability","Elsevier",95.99,1159,97.2,91,130,135
97,"European Journal of Operational Research","Elsevier",96.46,21050,97.2,252,655,49
98,"Stata Journal","StataCorp LLC",97.2,2102,97.1,129,213,112
99,"Oxford Economic Papers","Oxford University Press",101.47,2353,97.1,139,146,81
100,"Journal of the Royal Statistical Society Series B","Royal Statistical Society",101.53,1237,97.1,80,157,151
101,"Journal of Economics & Management Strategy","Wiley Blackwell",101.56,1266,97,99,64,129
102,"Entrepreneurship Theory and Practice","",103.35,2054,97,84,311,69
103,"Journal of the American Statistical Association","Taylor & Francis Journals",105.01,4247,97,181,175,90
104,"Financial Management","Financial Management Association International",105.25,1055,97,83,93,148
105,"Economía Journal","The Latin American and Caribbean Economic Association - LACEA",107.43,222,96.9,77,67,361
106,"The Review of Corporate Finance Studies","Society for Financial Studies",108.6,207,96.9,144,124,575
107,"Small Business Economics","Springer",109.01,2569,96.9,95,249,75
108,"Canadian Journal of Economics/Revue canadienne d'économique","John Wiley & Sons",109.2,4392,96.8,143,109,64
109,"Annual Review of Resource Economics","Annual Reviews",109.52,392,96.8,102,112,293
110,"Theoretical Economics","Econometric Society",110.18,656,96.8,170,62,282
111,"Oxford Review of Economic Policy","Oxford University Press and Oxford Review of Economic Policy Limited",110.34,1381,96.8,93,123,97
112,"Foundations and Trends(R) in Microeconomics","now publishers",111.39,51,96.7,82,58,893
113,"Economic Inquiry","Western Economic Association International",112.46,3403,96.7,150,88,89
114,"Econometric Reviews","Taylor & Francis Journals",113.04,1054,96.7,120,96,187
115,"Journal of Financial Econometrics","Oxford University Press",113.3,633,96.6,96,122,231
116,"International Journal of Industrial Organization","Elsevier",114.42,2379,96.6,107,134,92
117,"Journal of the Association of Environmental and Resource Economists","University of Chicago Press",115.04,460,96.6,131,150,304
118,"American Journal of Agricultural Economics","John Wiley & Sons",116.09,9105,96.5,158,389,48
119,"American Journal of Political Science","John Wiley & Sons",116.27,1138,96.5,118,106,156
120,"Political Analysis","Cambridge University Press",117.61,773,96.5,103,174,246
121,"Proceedings - Economic Policy Symposium - Jackson Hole","Federal Reserve Bank of Kansas City",121.51,666,96.5,163,55,237
122,"Journal of Management Studies","Wiley Blackwell",122.63,2568,96.4,104,356,67
123,"European Journal of Political Economy","Elsevier",122.8,2592,96.4,147,118,87
124,"Economica","London School of Economics and Political Science",124.29,1198,96.4,145,92,171
125,"Journal of the Economic Science Association","Springer;Economic Science Association",124.93,178,96.3,155,119,730
126,"Regional Science and Urban Economics","Elsevier",126.93,2522,96.3,121,161,94
127,"Economics and Politics","Wiley Blackwell",127.18,737,96.3,133,86,306
128,"Industrial and Corporate Change","Oxford University Press and the Associazione ICC",127.25,1571,96.3,100,211,107
129,"Economic Development and Cultural Change","University of Chicago Press",127.78,2132,96.2,134,110,103
130,"Journal of Business Ethics","Springer",132.51,6856,96.2,157,476,50
131,"IZA Journal of Labor Economics","Sciendo & Forschungsinstitut zur Zukunft der Arbeit GmbH (IZA)",133.42,111,96.2,154,89,597
132,"Journal of Human Capital","University of Chicago Press",133.53,295,96.1,172,82,442
133,"Journal of World Business","Elsevier",134.11,1282,96.1,92,422,152
134,"Economic Theory","Springer;Society for the Advancement of Economic Theory (SAET)",134.72,2857,96.1,188,105,147
135,"Journal of Comparative Economics","Elsevier",134.88,2641,96,151,162,88
136,"International Journal of Forecasting","Elsevier",135.03,3145,96,153,224,98
137,"National Tax Journal","University of Chicago Press",136.1,1568,96,173,84,158
138,"Accounting, Organizations and Society","Elsevier",136.59,1737,96,86,318,93
139,"Journal of Global Economic Analysis, Center for Global Trade Analysis, Department of Agricultural Economics","Purdue University",138.66,112,95.9,73,166,477
140,"Critical Finance Review","now publishers",139.03,148,95.9,239,78,762
141,"International Tax and Public Finance","Springer;International Institute of Public Finance",139.4,1349,95.9,146,94,177
142,"European Financial Management","European Financial Management Association",139.82,789,95.8,106,151,182
143,"The B.E. Journal of Macroeconomics","De Gruyter",140.76,782,95.8,177,70,294
144,"Contemporary Accounting Research","John Wiley & Sons",141.73,1601,95.8,122,242,118
145,"Renewable and Sustainable Energy Reviews","Elsevier",143.5,14876,95.7,176,925,51
146,"Demography","Springer;Population Association of America (PAA)",143.63,2735,95.7,165,143,117
147,"Regional Studies","Taylor & Francis Journals",144.61,3699,95.7,175,289,95
148,"Organizational Behavior and Human Decision Processes","Elsevier",144.76,2216,95.7,135,240,150
149,"Resource and Energy Economics","Elsevier",145.71,1319,95.6,116,156,136
150,"The Review of Asset Pricing Studies","Society for Financial Studies",145.77,174,95.6,208,85,574
151,"Public Choice","Springer",146.17,5049,95.6,238,219,84
152,"Proceedings","Federal Reserve Bank of Dallas",146.19,78,95.5,109,74,1343
153,"Environmental & Resource Economics","Springer;European Association of Environmental and Resource Economists",147.26,2920,95.5,142,201,108
154,"The Journal of Economic Inequality","Springer;Society for the Study of Economic Inequality",148.48,816,95.5,136,163,206
155,"Quantitative Marketing and Economics (QME)","Springer",149.89,350,95.5,140,91,346
156,"Journal of Interactive Marketing","Elsevier",149.94,365,95.4,88,578,280
157,"Nature","Nature",151.84,76849,95.4,831,1080,40
158,"Journal of Statistical Software","Foundation for Open Access Statistics",152.49,1145,95.4,115,351,141
159,"Journal of Productivity Analysis","Springer",153.59,1092,95.3,105,267,145
160,"Empirical Economics","Springer",153.87,3708,95.3,232,272,139
161,"American Political Science Review","Cambridge University Press",154.57,16235,95.3,937,450,61
162,"Annals of Economics and Finance","Society for AEF",157.26,533,95.2,185,121,427
163,"International Finance","Wiley Blackwell",157.6,540,95.2,132,113,254
164,"Journal of Financial Services Research","Springer;Western Finance Association",159.61,692,95.2,125,158,214
165,"OECD Journal: Economic Studies","OECD Publishing",160.86,130,95.2,87,128,455
166,"Journal of International Financial Markets, Institutions and Money","Elsevier",161.09,1894,95.1,141,283,138
167,"Journal of Mathematical Economics","Elsevier",161.97,2740,95.1,268,178,184
168,"Journal of Business Research","Elsevier",162.15,11107,95.1,207,693,59
169,"Journal of Economic Psychology","Elsevier",162.95,2414,95,167,191,144
170,"ILR Review, Cornell University","ILR School",166.29,3870,95,400,136,114
171,"Economics of Education Review","Elsevier",166.46,3052,95,218,198,132
172,"Journal of Development Studies","Taylor & Francis Journals",167.52,2961,95,183,233,109
173,"Economic Modelling","Elsevier",167.79,6365,94.9,202,420,86
174,"Review of International Economics","Wiley Blackwell",168.11,1842,94.9,193,145,146
175,"China Economic Review","Elsevier",172.2,2359,94.9,156,313,137
176,"Conference Series ; [Proceedings]","Federal Reserve Bank of Boston",174.13,366,94.8,190,79,491
177,"The World Economy","Wiley Blackwell",174.6,3486,94.8,234,192,119
178,"Portuguese Economic Journal","Springer;Instituto Superior de Economia e Gestao",175.17,320,94.8,178,114,625
179,"Journal of the Japanese and International Economies","Elsevier",175.37,1079,94.7,168,127,217
180,"Finance and Stochastics","Springer",176.18,808,94.7,127,245,196
181,"Information Systems Research","INFORMS",176.38,1477,94.7,128,349,153
182,"Applied Energy","Elsevier",177.75,25508,94.7,250,1079,63
183,"Macroeconomic Dynamics","Cambridge University Press",179.17,1778,94.6,249,115,203
184,"The Journal of Legal Studies","University of Chicago Press",180.89,841,94.6,196,98,339
185,"The B.E. Journal of Economic Analysis & Policy","De Gruyter",181.4,1509,94.6,236,137,188
186,"Current Issues in Economics and Finance","Federal Reserve Bank of New York",182.02,208,94.5,182,80,512
187,"Agricultural Economics","International Association of Agricultural Economists",182.2,2858,94.5,149,352,104
188,"Journal of Retailing","Elsevier",183.49,673,94.5,110,533,238
189,"Health Economics, John Wiley & Sons","Ltd.",183.51,3589,94.4,233,177,133
190,"Review of Income and Wealth","International Association for Research in Income and Wealth",183.51,1959,94.4,226,171,154
191,"AEA Papers and Proceedings","American Economic Association",186.88,1151,94.4,411,133,355
192,"The Economics of Transition","The European Bank for Reconstruction and Development",187.77,752,94.4,137,131,239
193,"IZA Journal of Labor Policy","Sciendo & Forschungsinstitut zur Zukunft der Arbeit GmbH (IZA)",187.78,185,94.3,186,140,530
194,"Operations Research","INFORMS",188.5,5665,94.3,241,458,82
195,"Economics of Innovation and New Technology","Taylor & Francis Journals",190.16,1135,94.3,171,218,207
196,"Cambridge Journal of Economics","Cambridge Political Economy Society",191.3,2366,94.2,189,340,124
197,"International Review of Financial Analysis","Elsevier",192.22,4373,94.2,240,575,105
198,"Applied Economics","Taylor & Francis Journals",193.15,9772,94.2,310,325,110
199,"Economic Quarterly","Federal Reserve Bank of Richmond",193.27,391,94.2,223,83,443
200,"Tourism Management","Elsevier",193.45,1390,94.1,114,779,157
201,"Journal of Accounting and Public Policy","Elsevier",193.62,572,94.1,108,315,213
202,"Journal of Applied Economics","Universidad del CEMA",195.31,386,94.1,138,173,362
203,"Economic Perspectives","Federal Reserve Bank of Chicago",196.72,601,94,274,97,392
204,"Journal of Macroeconomics","Elsevier",198.39,2469,94,227,212,161
205,"Quarterly Journal of Political Science","now publishers",199.68,312,94,269,111,478
206,"Review of World Economics (Weltwirtschaftliches Archiv)","Springer;Institut für Weltwirtschaft (Kiel Institute for the World Economy)",200.71,1952,93.9,195,237,149
207,"Research Bulletin","European Central Bank",201.49,190,93.9,255,141,847
208,"American Law and Economics Review","American Law and Economics Association",201.79,353,93.9,231,107,425
209,"German Economic Review","De Gruyter",202.99,1157,93.9,194,153,240
210,"Journal of Regulatory Economics","Springer",203.31,1003,93.8,179,138,216
211,"Economic Geography","Taylor & Francis Journals",203.49,1268,93.8,198,302,175
212,"International Business Review","Elsevier",205.69,1930,93.8,159,449,173
213,"Emerging Markets Review","Elsevier",206.95,1163,93.7,164,331,200
214,"CESifo Economic Studies","CESifo Group",209.22,527,93.7,203,125,352
215,"Journal of Regional Science","Wiley Blackwell",209.89,1606,93.7,219,261,160
216,"Journal of the Academy of Marketing Science","Springer",210.3,686,93.7,166,637,271
217,"Transportation Research Part B: Methodological","Elsevier",210.41,3594,93.6,180,616,130
218,"American Journal of Agricultural Economics APPENDICES","Agricultural and Applied Economics Association",210.78,69,93.6,117,176,622
219,"American Journal of Health Economics","University of Chicago Press",212.64,337,93.6,391,129,599
220,"Land Economics","University of Wisconsin Press",213.31,2139,93.5,247,301,116
221,"Quantitative Finance","Taylor & Francis Journals",214.79,2746,93.5,265,326,167
222,"The Journal of Real Estate Finance and Economics","Springer",217.06,1573,93.5,228,195,223
223,"Technological Forecasting and Social Change","Elsevier",218.55,5926,93.4,267,708,126
224,"Journal of African Economies","Centre for the Study of African Economies",218.72,1035,93.4,192,183,247
225,"Food Policy","Elsevier",218.81,3707,93.4,220,567,113
226,"Energy","Elsevier",219.17,40879,93.4,468,1169,70
227,"Journal of Applied Corporate Finance","Morgan Stanley",219.53,1414,93.3,271,179,221
228,"Journal of Econometric Methods","De Gruyter",222.32,117,93.3,308,135,797
229,"New England Economic Review","Federal Reserve Bank of Boston",222.47,375,93.3,206,104,479
230,"International Review of Environmental and Resource Economics","now publishers",222.58,164,93.2,174,223,511
231,"Journal of Risk & Insurance","The American Risk and Insurance Association",222.61,850,93.2,200,184,308
232,"Foundations and Trends(R) in Entrepreneurship","now publishers",222.81,119,93.2,130,246,551
233,"Fiscal Studies","John Wiley & Sons",223.46,1100,93.2,230,209,257
234,"Journal of Housing Economics","Elsevier",223.79,843,93.1,201,217,295
235,"Real Estate Economics","American Real Estate and Urban Economics Association",224.25,1480,93.1,221,186,222
236,"Business Strategy and the Environment","Wiley Blackwell",224.68,3321,93.1,225,890,125
237,"Journal of Evolutionary Economics","Springer",224.87,1302,93,204,256,176
238,"Review","Federal Reserve Bank of St. Louis",225.12,1602,93,333,139,202
239,"Transportation Science","INFORMS",226.98,2143,93,169,552,143
240,"Proceedings","Federal Reserve Bank of St. Louis",227.19,106,92.9,294,71,896
241,"Monetary and Economic Studies, Institute for Monetary and Economic Studies","Bank of Japan",228.62,381,92.9,245,108,456
242,"International Journal of Game Theory","Springer;Game Theory Society",230.11,1475,92.9,300,126,283
243,"Journal of Agricultural Economics","Wiley Blackwell",230.46,1401,92.9,161,387,201
244,"Explorations in Economic History","Elsevier",230.64,1393,92.8,323,147,328
245,"Environment and Development Economics","Cambridge University Press",231.36,1136,92.8,187,253,232
246,"Transportation Research Part A: Policy and Practice","Elsevier",231.38,4538,92.8,217,629,121
247,"Kyklos","Wiley Blackwell",232.7,1869,92.7,266,234,178
248,"European Review of Economic History","European Historical Economics Society",237.99,575,92.7,295,152,409
249,"International Journal of Production Economics","Elsevier",238.37,9053,92.7,197,869,101
250,"Journal of Time Series Analysis","Wiley Blackwell",238.51,1894,92.6,302,207,233
251,"Journal of Policy Analysis and Management, John Wiley & Sons","Ltd.",239.35,3149,92.6,443,194,193
252,"The Journal of Economic History","Cambridge University Press",239.44,8927,92.6,893,294,166
253,"Finance Research Letters","Elsevier",240.05,8558,92.6,407,622,99
254,"IZA Journal of European Labor Studies","Springer;Forschungsinstitut zur Zukunft der Arbeit GmbH (IZA)",240.29,108,92.5,199,180,683
255,"EconStor Open Access Articles and Book Chapters","ZBW - Leibniz Information Centre for Economics",240.34,6132,92.5,559,323,159
256,"Population and Development Review, The Population Council","Inc.",241.52,1189,92.5,242,222,218
257,"Journal of Policy Modeling","Elsevier",243.18,2464,92.4,243,304,180
258,"The Journal of Technology Transfer","Springer",245.21,1419,92.4,213,405,209
259,"Journal of Economics and Business","Elsevier",246.84,1337,92.4,244,208,219
260,"Industrial Relations: A Journal of Economy and Society","Wiley Blackwell",249.24,426,92.4,354,167,514
261,"Corporate Governance: An International Review","Wiley Blackwell",252.13,653,92.3,148,407,281
262,"Review of Economics of the Household","Springer",253.62,836,92.3,301,197,364
263,"Quarterly Journal of Finance (QJF)","World Scientific Publishing Co. Pte. Ltd.",253.75,307,92.3,346,148,552
264,"Nature Climate Change","Nature",254.5,4472,92.2,347,520,120
265,"Economics of Governance","Springer",255.5,504,92.2,205,221,375
266,"Industry and Innovation","Taylor & Francis Journals",255.96,983,92.2,211,350,255
267,"Transportation","Springer",256.17,1578,92.1,212,478,189
268,"Borsa Istanbul Review, Research and Business Development Department","Borsa Istanbul",256.23,143,92.1,162,521,573
269,"Entrepreneurship & Regional Development","Taylor & Francis Journals",256.36,1007,92.1,184,427,256
270,"Journal of Political Economy Microeconomics","University of Chicago Press",256.83,76,92.1,530,188,1239
271,"Annals of Economics and Statistics","GENES",257.41,1276,92,362,155,273
272,"Renewable Energy","Elsevier",258.95,24953,92,408,1291,91
273,"Innovation Policy and the Economy","University of Chicago Press",259.55,75,92,358,132,1003
274,"International Organization","Cambridge University Press",259.75,1693,91.9,402,386,142
275,"Omega","Elsevier",260.83,4324,91.9,259,859,131
276,"Journal of Business Finance & Accounting","Wiley Blackwell",261.42,2093,91.9,276,322,164
277,"Journal of Economic and Social Measurement","IOS Press",261.86,76,91.9,392,154,1153
278,"Journal of Transport Economics and Policy","University of Bath",262.17,434,91.8,160,293,337
279,"Review of Development Economics","Wiley Blackwell",263.78,1803,91.8,299,276,197
280,"Biometrika","Biometrika Trust",264.74,1804,91.8,282,305,260
281,"IZA Journal of Development and Migration","Sciendo & Forschungsinstitut zur Zukunft der Arbeit GmbH (IZA)",265.89,234,91.7,286,205,577
282,"The Quarterly Review of Economics and Finance","Elsevier",267.86,2289,91.7,287,436,191
283,"Applied Economic Perspectives and Policy","John Wiley & Sons",270.95,2301,91.7,248,399,179
284,"Journal of International Business Policy","Palgrave Macmillan",271.16,213,91.6,278,358,687
285,"The Financial Review","Eastern Finance Association",271.45,1374,91.6,260,251,297
286,"Journal of Family Business Strategy","Elsevier",272.68,394,91.6,191,697,457
287,"Pacific-Basin Finance Journal","Elsevier",272.73,2727,91.6,288,502,192
288,"Education Economics","Taylor & Francis Journals",275.03,874,91.5,339,247,414
289,"Economic Systems","Elsevier",276.01,1037,91.5,237,324,272
290,"Review of Industrial Organization","Springer;The Industrial Organization Society",276.76,1362,91.5,290,286,208
291,"International Journal of Finance & Economics, John Wiley & Sons","Ltd.",277.44,2052,91.4,353,274,224
292,"Manchester School","University of Manchester",277.54,1859,91.4,338,236,285
293,"Journal of Applied Economics","Taylor & Francis Journals",277.8,659,91.4,306,239,410
294,"Open Economies Review","Springer",278.99,1211,91.3,285,254,311
295,"Journal of Public Economic Theory","Association for Public Economic Theory",278.99,1259,91.3,350,189,356
296,"Economic Systems Research","Taylor & Francis Journals",281.18,781,91.3,210,338,307
297,"Papers in Regional Science","Wiley Blackwell",281.21,2034,91.3,272,368,190
298,"International Economics","Elsevier",282.57,989,91.2,262,421,309
299,"Review of Economics and Institutions","Università di Perugia",283.59,109,91.2,215,227,843
300,"Journal of International Management","Elsevier",284.22,893,91.2,214,530,296
301,"The North American Journal of Economics and Finance","Elsevier",284.39,2290,91.1,284,374,249
302,"Journal of Forecasting, John Wiley & Sons","Ltd.",285.1,1477,91.1,313,266,313
303,"Information Economics and Policy","Elsevier",285.64,926,91.1,256,248,327
304,"Management International Review","Springer",286.67,702,91.1,209,486,347
305,"Empirica","Springer;Austrian Institute for Economic Research;Austrian Economic Association",286.91,847,91,303,291,412
306,"Journal of Contextual Economics (JCE) – Schmollers Jahrbuch, Duncker & Humblot","Berlin",288.61,544,91,532,262,558
307,"International Journal of Research in Marketing","Elsevier",289.34,850,91,216,539,326
308,"Journal of Behavioral and Experimental Finance","Elsevier",290.52,814,90.9,345,402,430
309,"Journal of Financial Research","Southern Finance Association;Southwestern Finance Association",290.65,1411,90.9,280,292,241
310,"JODE - Journal of Demographic Economics","Cambridge University Press",291.46,393,90.9,453,193,657
311,"Transportation Research Part E: Logistics and Transportation Review","Elsevier",291.59,3876,90.8,270,816,168
312,"Social Choice and Welfare","Springer;The Society for Social Choice and Welfare",293.66,2008,90.8,352,265,277
313,"Resources Policy","Elsevier",294.22,6023,90.8,375,742,165
314,"European Review of Agricultural Economics","Oxford University Press and the European Agricultural and Applied Economics Publications Foundation",296.29,1829,90.8,253,535,172
315,"Structural Change and Economic Dynamics","Elsevier",297.26,1894,90.7,304,434,210
316,"Research in Economics","Elsevier",297.75,934,90.7,348,241,396
317,"The British Accounting Review","Elsevier",298.34,752,90.7,229,588,325
318,"Contemporary Economic Policy","Western Economic Association International",299.44,1821,90.6,367,214,276
319,"LABOUR","CEIS",299.61,735,90.6,317,199,411
320,"Nature Energy","Nature",299.95,2216,90.6,329,694,198
321,"FinanzArchiv: Public Finance Analysis, Mohr Siebeck","Tübingen",301.51,535,90.6,319,172,458
322,"International Review of Economics & Finance","Elsevier",303.75,5283,90.5,410,528,169
323,"Studies in Nonlinear Dynamics & Econometrics","De Gruyter",304.4,794,90.5,277,277,316
324,"Economic Bulletin Articles","European Central Bank",307.01,135,90.5,460,231,945
325,"Review of Accounting Studies","Springer",307.08,1106,90.4,455,316,348
326,"Bank of England Quarterly Bulletin","Bank of England",307.11,273,90.4,326,226,652
327,"Economic Review","Federal Reserve Bank of Kansas City",307.41,902,90.4,417,181,395
328,"Financial Stability Review","European Central Bank",307.56,73,90.3,394,203,1238
329,"Oxford Development Studies","Taylor & Francis Journals",307.93,749,90.3,251,308,376
330,"Manufacturing & Service Operations Management","INFORMS",309.75,1086,90.3,322,589,170
331,"Economics & Human Biology","Elsevier",309.79,1355,90.3,405,220,388
332,"Japan and the World Economy","Elsevier",310.44,1062,90.2,335,257,367
333,"Journal Economía Chilena (The Chilean Economy)","Central Bank of Chile",312.8,210,90.2,316,200,598
334,"Journal of Multinational Financial Management","Elsevier",312.99,728,90.2,222,501,338
335,"De Economist","Springer",313.44,491,90.1,374,185,480
336,"Education Finance and Policy","MIT Press",314.13,485,90.1,465,196,585
337,"Transport Policy","Elsevier",314.14,3561,90.1,291,757,174
338,"Scottish Journal of Political Economy","Scottish Economic Society",314.15,1609,90.1,385,309,248
339,"Journal of Pension Economics and Finance","Cambridge University Press",314.38,759,90,370,270,462
340,"Social Indicators Research: An International and Interdisciplinary Journal for Quality-of-Life Measurement","Springer",316.36,6252,90,414,525,162
341,"European Accounting Review","Taylor & Francis Journals",317.43,1345,90,257,471,220
342,"Review of Network Economics","De Gruyter",317.84,378,89.9,261,243,408
343,"Climate Policy","Taylor & Francis Journals",318.47,1703,89.9,315,412,275
344,"Australian Journal of Agricultural and Resource Economics","Australian Agricultural and Resource Economics Society",323.1,3528,89.9,360,573,199
345,"Cambridge Journal of Regions, Economy and Society","Cambridge Political Economy Society",324.12,561,89.8,279,361,391
346,"Production and Operations Management","Production and Operations Management Society",328.09,1791,89.8,289,765,259
347,"Theory and Decision","Springer",329.02,1353,89.8,423,232,369
348,"Economic Review","Federal Reserve Bank of Cleveland",330.82,198,89.8,328,142,763
349,"Spatial Economic Analysis","Taylor & Francis Journals",331.92,537,89.7,297,321,459
350,"Research in International Business and Finance","Elsevier",332.89,2940,89.7,359,782,226
351,"The Annals of Regional Science","Springer;Western Regional Science Association",333.28,2068,89.7,336,410,234
352,"British Journal of Industrial Relations","London School of Economics",333.36,1746,89.6,433,263,330
353,"Transport Reviews","Taylor & Francis Journals",334.48,1115,89.6,264,679,258
354,"Proceedings of the National Academy of Sciences","Proceedings of the National Academy of Sciences",338.02,703,89.6,469,299,536
355,"Journal of the Royal Statistical Society Series A","Royal Statistical Society",338.81,2602,89.5,512,312,250
356,"International Regional Science Review","",339.33,916,89.5,344,317,377
357,"NBER International Seminar on Macroeconomics","University of Chicago Press",340.45,157,89.5,508,165,1251
358,"Technovation","Elsevier",340.92,1057,89.5,351,802,366
359,"Journal of Behavioral and Experimental Economics (formerly The Journal of Socio-Economics)","Elsevier",341.13,3066,89.4,403,364,266
360,"Social Science & Medicine","Elsevier",341.95,19759,89.4,673,621,163
361,"Economics of Transportation","Elsevier",345.6,234,89.4,273,437,578
362,"Forum for Health Economics & Policy","De Gruyter",346.32,231,89.3,472,160,688
363,"Journal of Transport Geography","Elsevier",346.88,3149,89.3,307,815,212
364,"Feminist Economics","Taylor & Francis Journals",347.55,1085,89.3,365,337,379
365,"Journal of Informetrics","Elsevier",348.56,1444,89.3,254,683,312
366,"Applied Mathematical Finance","Taylor & Francis Journals",350.94,559,89.2,292,320,444
367,"Cliometrica","Springer;Cliometric Society (Association Francaise de Cliométrie)",352.35,387,89.2,448,238,694
368,"Review of Financial Economics","John Wiley & Sons",352.49,1146,89.2,331,394,317
369,"Latin American Economic Review","Springer;Centro de Investigaciòn y Docencia Económica (CIDE)",352.76,78,89.1,330,290,942
370,"The B.E. Journal of Theoretical Economics","De Gruyter",353.7,690,89.1,474,228,517
371,"Tax Policy and the Economy","University of Chicago Press",354.33,97,89.1,584,187,1242
372,"Climate Change Economics (CCE)","World Scientific Publishing Co. Pte. Ltd.",355.04,362,89,377,260,513
373,"Journal of Law, Finance, and Accounting","now publishers",356.19,70,89,524,252,1608
374,"Applied Financial Economics","Taylor & Francis Journals",356.48,2014,89,305,392,300
375,"PSL Quarterly Review","Economia civile",356.81,762,89,349,333,463
376,"The European Journal of Finance","Taylor & Francis Journals",357.83,1590,88.9,376,398,299
377,"Economics - The Open-Access, Open-Assessment E-Journal (2007-2020)","Kiel Institute for the World Economy",359.21,542,88.9,311,319,493
378,"Journal of Supply Chain Management","Institute for Supply Management",359.27,229,88.9,258,857,576
379,"Journal of Multivariate Analysis","Elsevier",359.73,4936,88.8,528,454,243
380,"International Journal of Information Management","Elsevier",361.07,1530,88.8,334,1086,298
381,"Journal of Asian Economics","Elsevier",362.5,2032,88.8,371,447,261
382,"Venture Capital","Taylor & Francis Journals",364.78,483,88.8,298,391,426
383,"Global Finance Journal","Elsevier",365.56,1077,88.7,342,549,354
384,"Business Ethics Quarterly","Cambridge University Press",366.5,1321,88.7,293,727,274
385,"The Geneva Risk and Insurance Review","Palgrave Macmillan;International Association for the Study of Insurance Economics (The Geneva Association)",367.75,433,88.7,388,216,583
386,"Giornale degli Economisti, GDE (Giornale degli Economisti e Annali di Economia)","Bocconi University",367.8,169,88.6,296,215,685
387,"Economic Review","Federal Reserve Bank of San Francisco",368.49,401,88.6,424,169,600
388,"Management and Organization Review","Cambridge University Press",368.9,1029,88.6,309,546,340
389,"Mathematical Social Sciences","Elsevier",370.82,2476,88.5,502,335,319
390,"Journal of Labor Research","Springer",372.07,696,88.5,452,259,535
391,"Journal of Futures Markets, John Wiley & Sons","Ltd.",372.61,2629,88.5,381,472,288
392,"Review of Economic Design","Springer;Society for Economic Design",373.51,576,88.5,471,210,494
393,"Economic Review","Federal Reserve Bank of Atlanta",373.61,412,88.4,420,182,555
394,"Journal of Agricultural and Resource Economics","Western Agricultural Economics Association",373.87,1150,88.4,283,469,310
395,"Review of Corporate Finance","now publishers",374.71,80,88.4,484,372,1241
396,"European Management Journal","Elsevier",375.45,2309,88.3,343,829,211
397,"British Journal of Political Science","Cambridge University Press",375.78,2332,88.3,511,329,343
398,"PLOS Medicine","Public Library of Science",379.85,1434,88.3,281,515,470
399,"International Review of Law and Economics","Elsevier",379.98,1473,88.2,446,271,389
400,"India Policy Forum","National Council of Applied Economic Research",381.63,129,88.2,369,258,845
401,"Financial Stability Review","Banque de France",384.17,297,88.2,429,235,733
402,"Corporate Social Responsibility and Environmental Management","John Wiley & Sons",384.19,2370,88.2,373,1023,242
403,"Applied Economics Letters","Taylor & Francis Journals",385.12,8421,88.1,550,479,229
404,"Insurance: Mathematics and Economics","Elsevier",385.33,3139,88.1,393,572,314
405,"Computational Economics","Springer;Society for Computational Economics",388.35,2266,88.1,566,353,438
406,"Eurasian Business Review","Springer;Eurasia Business and Economics Society",389.36,357,88,366,441,553
407,"International Review of Finance","International Review of Finance Ltd.",390.11,647,88,395,367,445
408,"Journal of Globalization and Development","De Gruyter",391.14,199,88,387,296,686
409,"Nature Human Behaviour","Nature",392.66,2204,88,582,473,332
410,"Nature Sustainability","Nature",393.6,1624,87.9,415,711,318
411,"World Bank - Economic Premise","The World Bank",395.11,148,87.9,312,288,846
412,"Journal of Real Estate Research","American Real Estate Society",396.75,879,87.9,332,365,394
413,"Climatic Change","Springer",396.92,4141,87.8,476,620,251
414,"International Journal of the Economics of Business","Taylor & Francis Journals",398.34,750,87.8,397,300,461
415,"The Journal of Transport and Land Use, Center for Transportation Studies","University of Minnesota",398.46,146,87.8,246,522,623
416,"European Journal of Population","Springer;European Association for Population Studies",399.5,887,87.7,422,348,415
417,"The Review of International Organizations","Springer",399.58,597,87.7,438,342,532
418,"Foundations and Trends(R) in Accounting","now publishers",399.66,73,87.7,456,268,1152
419,"Business Horizons","Elsevier",400.41,3975,87.7,579,952,204
420,"International Review of Applied Economics","Taylor & Francis Journals",401.25,1163,87.6,383,431,341
421,"Marketing Letters","Springer",401.26,819,87.6,337,467,393
422,"Computational Statistics & Data Analysis","Elsevier",401.87,6523,87.6,545,685,228
423,"Journal of Commodity Markets","Elsevier",404.2,353,87.5,384,682,579
424,"OECD Journal: Journal of Business Cycle Measurement and Analysis, OECD Publishing","Centre for International Research on Economic Tendency Surveys",405.79,117,87.5,321,264,944
425,"The Journal of the Economics of Ageing","Elsevier",406.02,415,87.5,543,307,772
426,"The Journal of International Trade & Economic Development","Taylor & Francis Journals",406.84,1166,87.5,412,384,384
427,"Bank of Canada Review","Bank of Canada",407.19,307,87.4,399,250,624
428,"World of Labour","LISER",407.4,688,87.4,548,281,603
429,"Journal of Institutional and Theoretical Economics (JITE), Mohr Siebeck","Tübingen",408.31,1235,87.4,544,255,448
430,"The Japanese Economic Review","Springer",409.58,1061,87.3,478,285,467
431,"Economic Analysis and Policy","Elsevier",410.01,2910,87.3,495,781,278
432,"International Economic Journal","Taylor & Francis Journals",411.92,952,87.3,457,371,499
433,"Economic Notes","Banca Monte dei Paschi di Siena SpA",413.75,412,87.2,413,287,582
434,"Eastern Economic Journal","Palgrave Macmillan;Eastern Economic Association",415.03,1905,87.2,600,366,398
435,"International Labour Review","International Labour Organization",415.44,658,87.2,389,424,428
436,"SERIEs: Journal of the Spanish Economic Association","Springer;Spanish Economic Association",415.97,1014,87.2,498,278,483
437,"Journal of Banking and Financial Economics, University of Warsaw","Faculty of Management",416.6,104,87.1,418,269,943
438,"Stochastic Processes and their Applications","Elsevier",416.68,5346,87.1,731,596,291
439,"Business Research","Springer;German Academic Association for Business Research",416.76,112,87.1,318,695,844
440,"Journal of Sports Economics","",417.06,1071,87,416,334,431
441,"The International Journal of Accounting (TIJA)","World Scientific Publishing Co. Pte. Ltd.",417.12,825,87,275,713,353
442,"Journal of Economics","Springer",417.44,1737,87,503,390,342
443,"American Journal of Public Health","American Public Health Association",417.94,17619,87,797,732,185
444,"Demographic Research, Max Planck Institute for Demographic Research, Rostock","Germany",418.3,1880,86.9,451,426,349
445,"Southern Economic Journal","John Wiley & Sons",419.16,1833,86.9,663,408,284
446,"Rue de la Banque","Banque de France",419.45,72,86.9,622,295,1609
447,"Journal of International Development, John Wiley & Sons","Ltd.",419.69,3014,86.8,516,599,265
448,"OECD Journal on Development","OECD Publishing",419.73,68,86.8,314,279,1151
449,"Strategy Science","INFORMS",419.86,228,86.8,517,396,799
450,"Asian Economic Papers","MIT Press",420.5,498,86.7,378,370,602
451,"Accounting and Business Research","Taylor & Francis Journals",422.22,1015,86.7,361,547,365
452,"Bulletin of Economic Research","Wiley Blackwell",423.06,1375,86.7,518,303,381
453,"The Energy Journal","",423.83,2501,86.7,800,388,334
454,"Journal of Happiness Studies","Springer",427.75,2077,86.6,450,550,301
455,"World Economics, World Economics, 1 Ivory Square, Plantation Wharf, London, United Kingdom","SW11 3UE",428.57,953,86.6,665,314,540
456,"African Development Review","African Development Bank",428.84,1197,86.6,341,591,368
457,"International Productivity Monitor","Centre for the Study of Living Standards",429.02,369,86.5,496,328,654
458,"Journal of Institutional Economics","Cambridge University Press",429.79,826,86.5,426,417,497
459,"Asia Pacific Journal of Management","Springer",431.05,1039,86.5,372,634,378
460,"Agricultural and Resource Economics Review","Cambridge University Press",431.38,1680,86.4,357,558,357
461,"Metroeconomica","Wiley Blackwell",432.03,925,86.4,435,416,417
462,"Journal of Industry, Competition and Trade","Springer",432.61,568,86.4,406,400,481
463,"Environmental Science & Policy","Elsevier",434.2,397,86.4,263,1017,492
464,"Journal of Industrial Ecology","Yale University",435.34,2549,86.3,431,797,264
465,"Journal of Conflict Resolution","Peace Science Society (International)",435.89,2516,86.3,742,341,335
466,"Scientometrics","Springer;Akadémiai Kiadó",437.02,6750,86.3,527,725,245
467,"Journal of Benefit-Cost Analysis","Cambridge University Press",438.76,451,86.2,553,306,696
468,"Annals of Finance","Springer",440.22,473,86.2,488,297,627
469,"Capitalism and Society","De Gruyter",441.71,96,86.2,382,273,1005
470,"Journal of Sustainable Finance & Investment","Taylor & Francis Journals",441.89,474,86.2,401,832,628
471,"National Institute Economic Review","National Institute of Economic and Social Research",443.57,3816,86.1,745,377,345
472,"OECD Journal: Financial Market Trends","OECD Publishing",443.81,183,86.1,327,354,731
473,"Pacific Economic Review","Wiley Blackwell",443.86,675,86.1,462,345,516
474,"Journal of International Entrepreneurship","Springer",444.73,407,86,324,612,554
475,"Journal of Development Effectiveness","Taylor & Francis Journals",445.56,464,86,461,362,556
476,"Econometrics","MDPI",445.84,507,86,525,379,702
477,"Journal of the American Society for Information Science and Technology","Association for Information Science & Technology",445.87,2572,85.9,440,841,225
478,"Emerging Markets Finance and Trade","Taylor & Francis Journals",448.05,3312,85.9,490,661,323
479,"Physica A: Statistical Mechanics and its Applications","Elsevier",448.86,29480,85.9,1016,1177,181
480,"Accounting and Finance","Accounting and Finance Association of Australia and New Zealand",449.9,1836,85.9,432,724,370
481,"Journal of Cultural Economics","Springer;The Association for Cultural Economics International",451.04,786,85.8,404,430,446
482,"Journal of the Operational Research Society","Taylor & Francis Journals",451.13,4602,85.8,428,888,268
483,"Utilities Policy","Elsevier",451.38,1990,85.8,475,615,331
484,"Growth and Change","Wiley Blackwell",451.85,1237,85.7,434,519,386
485,"Journal of Economic Policy Reform","Taylor & Francis Journals",452.57,593,85.7,445,347,495
486,"The Economic Record","The Economic Society of Australia",453.12,2546,85.7,670,461,336
487,"Journal of African Business","Taylor & Francis Journals",454.53,406,85.7,368,940,581
488,"Financial Innovation","Springer;Southwestern University of Finance and Economics",454.99,911,85.6,464,827,416
489,"Defence and Peace Economics","Taylor & Francis Journals",455.39,1191,85.6,477,463,385
490,"Journal of Business Venturing Insights","Elsevier",455.83,549,85.6,470,631,629
491,"Abacus, Accounting Foundation","University of Sydney",457.82,647,85.5,356,671,460
492,"ASTIN Bulletin","Cambridge University Press",459.17,1250,85.5,459,542,380
493,"Journal of Human Development and Capabilities","Taylor & Francis Journals",460.91,870,85.5,463,483,413
494,"Behavioural Public Policy","Cambridge University Press",461.02,237,85.4,633,380,948
495,"Urban Studies","Urban Studies Journal Limited",461.23,8144,85.4,763,595,269
496,"Accounting Forum","Taylor & Francis Journals",463.06,908,85.4,320,863,383
497,"Business and Politics","Cambridge University Press",463.59,804,85.4,447,423,482
498,"Wiley Interdisciplinary Reviews: Climate Change","John Wiley & Sons",463.76,593,85.3,398,730,587
499,"Annals of Operations Research","Springer",464.31,7740,85.3,593,864,253
500,"Journal of Economic Integration, Center for Economic Integration","Sejong University",465.2,935,85.3,466,373,498
501,"International Journal of Production Research","Taylor & Francis Journals",466.5,4842,85.2,487,1160,227
502,"Psychometrika","Springer;The Psychometric Society",466.51,2575,85.2,632,645,321
503,"China & World Economy, Institute of World Economics and Politics","Chinese Academy of Social Sciences",467.49,839,85.2,454,495,538
504,"Rivista di Politica Economica","SIPI Spa",467.55,637,85.1,615,332,820
505,"Review of Derivatives Research","Springer",468.21,265,85.1,421,344,689
506,"International Journal of Health Economics and Management","Springer",468.63,452,85.1,555,280,697
507,"Economic and Financial Policy Review","Federal Reserve Bank of Dallas",469.21,207,85.1,419,244,764
508,"Technology in Society","Elsevier",469.94,2506,85,519,1088,286
509,"Public Finance Review","",471.49,1655,85,603,359,434
510,"Managerial and Decision Economics, John Wiley & Sons","Ltd.",471.94,2710,85,623,440,350
511,"Review of Quantitative Finance and Accounting","Springer",472,1854,84.9,507,503,390
512,"Social Science Quarterly","Southwestern Social Science Association",473.58,2352,84.9,630,496,440
513,"Journal of Air Transport Management","Elsevier",475.29,2384,84.9,396,858,333
514,"Land Use Policy","Elsevier",475.38,4535,84.9,430,1357,267
515,"Journal of Retailing and Consumer Services","Elsevier",475.64,3800,84.8,444,1167,279
516,"Agricultural Systems","Elsevier",476.06,5214,84.8,535,1054,244
517,"Journal of the Association for Information Science & Technology","Association for Information Science & Technology",482.77,2678,84.8,500,780,262
518,"SBP Research Bulletin, State Bank of Pakistan","Research Department",482.93,71,84.7,340,343,1002
519,"Economic History Review","Economic History Society",483.17,4114,84.7,1004,432,373
520,"International Economics and Economic Policy","Springer",485.49,709,84.7,492,411,496
521,"Journal of Common Market Studies","Wiley Blackwell",485.62,3694,84.6,709,560,324
522,"Scandinavian Journal of Statistics","Danish Society for Theoretical Statistics;Finnish Statistical Society;Norwegian Statistical Association;Swedish Statistical Association",485.73,1466,84.6,539,425,432
523,"Journal of choice modelling","Elsevier",486.73,371,84.6,427,668,655
524,"International Journal of Theoretical and Applied Finance (IJTAF)","World Scientific Publishing Co. Pte. Ltd.",487.24,1369,84.6,514,571,419
525,"The Economic and Social Review","Economic and Social Studies",487.6,507,84.5,441,381,586
526,"Journal of Contemporary Accounting and Economics","Elsevier",488.76,370,84.5,386,894,580
527,"The European Journal of Development Research","Palgrave Macmillan;European Association of Development Research and Training Institutes (EADI)",488.79,1247,84.5,480,690,387
528,"Journal of Agricultural and Applied Economics","Southern Agricultural Economics Association",489.43,3849,84.4,491,849,315
529,"Innovation and Green Development","Elsevier",492.62,210,84.4,497,981,765
530,"Journal of Financial Perspectives","EY Global FS Institute",493.2,104,84.4,482,355,1065
531,"Comparative Economic Studies","Palgrave Macmillan;Association for Comparative Economic Studies",495.63,1227,84.4,541,508,418
532,"Ecosystem Services","Elsevier",497.48,1636,84.3,379,1022,382
533,"ifo DICE Report","ifo Institute - Leibniz Institute for Economic Research at the University of Munich",497.56,681,84.3,619,401,534
534,"Economic Review","Federal Reserve Bank of Richmond",500.75,302,84.3,658,230,806
535,"Quarterly Review","Federal Reserve Bank of New York",503.5,178,84.2,551,206,897
536,"Journal of Management & Governance","Springer;Accademia Italiana di Economia Aziendale (AIDEA)",505.08,877,84.2,409,717,464
537,"EURO Journal on Transportation and Logistics","Springer;EURO - The Association of European Operational Research Societies",505.65,81,84.2,325,949,894
538,"Accounting, Auditing & Accountability Journal","Emerald Group Publishing Limited",505.94,1746,84.1,425,987,329
539,"Journal of Peace Research","Peace Research Institute Oslo",507.46,2395,84.1,794,490,372
540,"Sustainable Development, John Wiley & Sons","Ltd.",508.1,2807,84.1,563,1062,289
541,"Telecommunications Policy","Elsevier",509.84,2526,84.1,608,741,320
542,"The Journal of Economic Education","Taylor & Francis Journals",511.19,1189,84,591,409,484
543,"Journal of Post Keynesian Economics","Taylor & Francis Journals",511.38,2043,84,578,564,358
544,"Maritime Economics & Logistics","Palgrave Macmillan;International Association of Maritime Economists (IAME)",511.83,739,84,390,795,429
545,"Environment and Planning A","",513.2,7360,83.9,764,891,252
546,"Journal of Economic Interaction and Coordination","Springer;Society for Economic Science with Heterogeneous Interacting Agents",513.78,444,83.9,520,456,601
547,"European Planning Studies","Taylor & Francis Journals",514.91,2799,83.9,564,785,359
548,"International Migration Review","Wiley Blackwell",514.99,327,83.9,529,445,734
549,"Asian Economic Journal","East Asian Economic Association",515.06,448,83.8,442,418,626
550,"Rationality and Society","",515.14,824,83.8,599,403,537
551,"Australian Economic Papers","Wiley Blackwell",515.17,1549,83.8,612,451,472
552,"International Journal of Economic Theory","The International Society for Economic Theory",516.83,529,83.7,659,282,775
553,"Economics and Philosophy","Cambridge University Press",518.19,1212,83.7,713,385,485
554,"International Journal of Urban and Regional Research","Wiley Blackwell",519.17,2560,83.7,542,979,287
555,"North American Actuarial Journal","Taylor & Francis Journals",519.86,1403,83.6,575,598,449
556,"Business Economics","Palgrave Macmillan;National Association for Business Economics",520.6,823,83.6,788,498,713
557,"PLOS ONE","Public Library of Science",526.85,60772,83.6,1417,1189,186
558,"Panoeconomicus, Savez ekonomista Vojvodine, Novi Sad","Serbia",530.13,689,83.6,1074,453,821
559,"Journal des Economistes et des Etudes Humaines","De Gruyter",532.39,647,83.5,822,378,1042
560,"Review of International Political Economy","Taylor & Francis Journals",534.34,877,83.5,558,563,562
561,"Economics of Disasters and Climate Change","Springer",534.81,192,83.5,574,516,946
562,"Maritime Policy & Management","Taylor & Francis Journals",535.46,1369,83.4,436,932,397
563,"Development and Change","International Institute of Social Studies",537.21,1902,83.4,605,662,437
564,"TEST: An Official Journal of the Spanish Society of Statistics and Operations Research","Springer;Sociedad de Estadística e Investigación Operativa",539.14,1262,83.4,581,532,468
565,"Journal of the Royal Statistical Society Series C","Royal Statistical Society",539.86,2954,83.3,747,659,322
566,"Journal of Consumer Affairs","Wiley Blackwell",540,615,83.3,607,514,662
567,"Macroprudential Bulletin","European Central Bank",540.1,76,83.3,871,395,1611
568,"Socio-Economic Planning Sciences","Elsevier",540.8,2890,83.3,618,970,360
569,"Economics Bulletin","AccessEcon",542.55,6226,83.2,801,603,404
570,"Journal of Behavioral Finance","Taylor & Francis Journals",542.82,389,83.2,570,537,695
571,"Journal of Economics and Finance","Springer;Academy of Economics and Finance",543.69,1006,83.2,537,504,541
572,"Cato Journal, Cato Journal","Cato Institute",544.36,1536,83.1,662,397,450
573,"Journal of Competition Law and Economics","Oxford University Press",544.73,579,83.1,614,428,703
574,"Economic History of Developing Regions","Taylor & Francis Journals",545.75,188,83.1,710,339,1163
575,"Risk Analysis","John Wiley & Sons",546.84,4624,83.1,645,912,290
576,"Journal of Economic Studies","Emerald Group Publishing Limited",547.42,1885,83,638,819,371
577,"CESifo Forum","ifo Institute - Leibniz Institute for Economic Research at the University of Munich",548.96,888,83,688,438,606
578,"European Journal of Comparative Economics","Cattaneo University (LIUC)",549.64,278,83,481,406,653
579,"Finnish Economic Papers","Finnish Economic Association",550.45,250,82.9,661,284,1077
580,"Historical Methods: A Journal of Quantitative and Interdisciplinary History","Taylor & Francis Journals",554.37,219,82.9,949,310,1257
581,"Journal of Economic Issues","Taylor & Francis Journals",555.85,5677,82.9,1058,871,452
582,"The European Physical Journal B: Condensed Matter and Complex Systems","Springer;EDP Sciences",555.9,7237,82.8,1192,1330,351
583,"Journal of Time Series Econometrics","De Gruyter",556.02,147,82.8,616,360,1008
584,"Journal of Forest Economics","now publishers",556.03,481,82.8,364,748,584
585,"Money Affairs","CEMLA",557.08,186,82.8,467,330,1162
586,"Federal Reserve Bulletin","Board of Governors of the Federal Reserve System (U.S.)",557.16,1941,82.7,1126,346,488
587,"International Journal of Microsimulation","International Microsimulation Association",559.91,336,82.7,606,554,770
588,"Multinational Finance Journal","Multinational Finance Journal",565.05,234,82.7,493,383,851
589,"Financial Services Review","Elsevier",566.55,188,82.6,473,435,898
590,"Biometrics","The International Biometric Society",567.16,4271,82.6,698,747,422
591,"Networks and Spatial Economics","Springer",567.97,652,82.6,439,846,515
592,"Journal of Financial Economic Policy","Emerald Group Publishing Limited",568.5,462,82.6,597,566,699
593,"Medical Decision Making","",568.76,3666,82.5,883,722,476
594,"Journal of Environmental Planning and Management","Taylor & Francis Journals",569.05,2399,82.5,538,921,400
595,"Journal of Accounting Literature","Emerald Group Publishing Limited",570.59,213,82.5,515,715,798
596,"Economic Change and Restructuring","Springer",571.41,1366,82.4,629,606,501
597,"Journal of Empirical Legal Studies","John Wiley & Sons",572.98,583,82.4,771,375,778
598,"Research Evaluation","Oxford University Press",573.03,1002,82.4,504,789,465
599,"Scandinavian Journal of Management","Elsevier",573.25,869,82.3,489,806,447
600,"The European Journal of Health Economics","Springer;Deutsche Gesellschaft für Gesundheitsökonomie (DGGÖ)",573.55,2021,82.3,685,513,489
601,"OECD Journal: General Papers","OECD Publishing",573.58,196,82.3,437,639,1166
602,"Journal of Geographical Systems","Springer",574.81,605,82.3,486,726,533
603,"Political Science Research and Methods","Cambridge University Press",575.38,566,82.2,726,474,818
604,"Population Studies","Taylor & Francis Journals",575.85,449,82.2,628,497,860
605,"Journal of Economic Methodology","Taylor & Francis Journals",576.12,880,82.2,675,448,563
606,"Vienna Yearbook of Population Research","Vienna Institute of Demography (VID) of the Austrian Academy of Sciences in Vienna",576.92,346,82.1,595,446,807
607,"Asian Development Review (ADR)","World Scientific Publishing Co. Pte. Ltd.",577.55,619,82.1,666,493,707
608,"Financial Stability Report","Oesterreichische Nationalbank (Austrian Central Bank)",577.66,159,82.1,617,327,1159
609,"Business Review","Federal Reserve Bank of Philadelphia",579.76,549,82,817,275,863
610,"European Journal of Law and Economics","Springer",580.83,1125,82,684,481,592
611,"Challenge","Taylor & Francis Journals",582.88,3236,82,1407,663,527
612,"Interfaces","INFORMS",582.98,3345,82,701,812,344
613,"Political Studies","Political Studies Association",585.91,964,81.9,583,638,518
614,"Agribusiness, John Wiley & Sons","Ltd.",586.39,1749,81.9,510,814,435
615,"Innovations: Technology, Governance, Globalization","MIT Press",586.67,444,81.9,635,433,811
616,"Science and Public Policy","Oxford University Press",587.47,2123,81.8,621,855,421
617,"Journal of Economic Development, The Economic Research Institute","Chung-Ang University",588.23,540,81.8,485,660,557
618,"International Interactions","Taylor & Francis Journals",588.55,869,81.8,687,494,666
619,"Perspektiven der Wirtschaftspolitik","De Gruyter",589.84,800,81.8,660,488,782
620,"Review of Managerial Science","Springer",589.96,779,81.7,577,887,589
621,"Development Policy Review","Overseas Development Institute",591.61,1364,81.7,637,635,486
622,"Policy Sciences","Springer;Society of Policy Sciences",592.43,608,81.7,501,768,559
623,"Sustainability","MDPI",593.95,99597,81.6,1110,1609,205
624,"Financial Markets and Portfolio Management","Springer;Swiss Society for Financial Market Research",594.94,490,81.6,609,482,701
625,"Economic Development Quarterly","",596.7,1310,81.6,755,506,569
626,"Applied Economics Quarterly (formerly: Konjunkturpolitik), Duncker & Humblot GmbH","Berlin",597.1,286,81.5,694,382,768
627,"Journal of Family and Economic Issues","Springer",598.04,1015,81.5,636,623,637
628,"Nordic Journal of Political Economy","Nordic Journal of Political Economy",600.69,135,81.5,569,376,1068
629,"Mitigation and Adaptation Strategies for Global Change","Springer",601.22,1494,81.5,533,862,433
630,"OPEC Energy Review","Organization of the Petroleum Exporting Countries",601.27,228,81.4,483,524,800
631,"Central Bank Review, Research and Monetary Policy Department","Central Bank of the Republic of Turkey",601.65,280,81.4,611,484,805
632,"The Journal of Economic Asymmetries","Elsevier",601.7,491,81.4,549,833,739
633,"Journal of International Commerce, Economics and Policy (JICEP)","World Scientific Publishing Co. Pte. Ltd.",602.88,294,81.3,601,466,732
634,"Journal of Agricultural & Food Industrial Organization","De Gruyter",603.19,324,81.3,479,510,690
635,"International Journal of Applied Econometrics and Quantitative Studies","Euro-American Association of Economic Development",603.45,100,81.3,363,646,1006
636,"Western Journal of Agricultural Economics","Western Agricultural Economics Association",605.18,578,81.3,449,587,531
637,"Journal of Small Business Management","Taylor & Francis Journals",606.8,1312,81.2,647,883,672
638,"Journal of Economic Structures","Springer;Pan-Pacific Association of Input-Output Studies (PAPAIOS)",606.83,383,81.2,523,836,656
639,"Decision Analysis","INFORMS",608.2,462,81.2,552,548,698
640,"Swiss Journal of Economics and Statistics","Springer;Swiss Society of Economics and Statistics",608.41,1555,81.1,736,518,544
641,"Global Environmental Politics","MIT Press",608.66,1032,81.1,536,900,466
642,"Food Security: The Science, Sociology and Economics of Food Production and Access to Food","Springer;The International Society for Plant Pathology",608.89,1190,81.1,546,933,500
643,"Journal of International Accounting, Auditing and Taxation","Elsevier",609.53,356,81,505,828,692
644,"Annals of Tourism Research","Elsevier",610.71,1496,81,522,1289,420
645,"Atlantic Economic Journal","Springer;International Atlantic Economic Society",610.89,1299,81,803,651,610
646,"Journal of Advertising Research","Cambridge University Press",611.47,147,81,355,898,684
647,"Population Research and Policy Review","Springer;Southern Demographic Association (SDA)",612.49,998,80.9,716,545,670
648,"Health Policy","Elsevier",612.84,5175,80.9,743,739,402
649,"Journal of Business Cycle Research","Springer;Centre for International Research on Economic Tendency Surveys (CIRET)",612.9,114,80.9,770,457,1156
650,"Mathematics of Operations Research","INFORMS",612.94,628,80.8,1150,946,230
651,"CRITICAL PERSPECTIVES ON ACCOUNTING","Elsevier",613.55,942,80.8,509,968,539
652,"Australian Economic Review, The University of Melbourne","Melbourne Institute of Applied Economic and Social Research",616.49,1645,80.8,783,594,616
653,"AStA Advances in Statistical Analysis","Springer;German Statistical Society",616.76,558,80.7,631,561,741
654,"Journal of Consumer Policy","Springer",616.91,610,80.7,580,644,631
655,"Journal of Theoretical Politics","",617.03,876,80.7,849,369,747
656,"International Entrepreneurship and Management Journal","Springer",617.58,854,80.7,557,1061,561
657,"Canadian Journal of Agricultural Economics/Revue canadienne d'agroeconomie","Canadian Agricultural Economics Society/Societe canadienne d'agroeconomie",618.16,2095,80.6,641,811,399
658,"Journal of Artificial Societies and Social Simulation","Journal of Artificial Societies and Social Simulation",618.52,1079,80.6,604,688,591
659,"Public Finance = Finances publiques","",619.06,1007,80.6,734,419,608
660,"Journal of Entrepreneurial Finance, Pepperdine University","Graziadio School of Business and Management",619.11,223,80.5,534,460,1012
661,"International Journal of Manpower","Emerald Group Publishing Limited",620.34,1975,80.5,776,642,506
662,"The Journal of Mechanism and Institution Design, Society for the Promotion of Mechanism and Institution Design","University of York",621.17,51,80.5,827,298,1601
663,"New Political Economy","Taylor & Francis Journals",621.39,744,80.5,610,721,710
664,"Economie Internationale","CEPII research center",621.52,256,80.4,526,443,767
665,"Financial Analysts Journal","Taylor & Francis Journals",622.6,1621,80.4,1033,555,642
666,"Review of Behavioral Economics","now publishers",627.55,209,80.4,739,462,1074
667,"Mathematical Methods of Operations Research","Springer;Gesellschaft für Operations Research (GOR);Nederlands Genootschap voor Besliskunde (NGB)",629.34,1434,80.3,640,604,502
668,"Journal of Chinese Economic and Business Studies","Taylor & Francis Journals",630.31,511,80.3,598,562,659
669,"Quarterly Journal of International Agriculture","Humboldt-Universitaat zu Berlin",630.58,91,80.3,380,865,895
670,"Econometrics and Statistics","Elsevier",631.34,364,80.2,756,565,905
671,"China Finance Review International","Emerald Group Publishing Limited",631.55,342,80.2,573,844,854
672,"Research in Transportation Economics","Elsevier",634.16,2303,80.2,562,948,439
673,"World Trade Review","Cambridge University Press",639.58,1033,80.2,870,480,564
674,"Canadian Public Policy","University of Toronto Press",642.08,2183,80.1,864,529,524
675,"Australasian marketing journal","Elsevier",643.59,366,80.1,458,1187,693
676,"Computational Management Science","Springer",644.79,588,80.1,571,750,660
677,"Journal of Business Economics","Springer",644.95,457,80,592,910,773
678,"Journal of Behavioral Public Administration","Center for Experimental and Behavioral Public Administration",645.67,67,80,648,543,1465
679,"Economic Bulletin Boxes","European Central Bank",645.76,447,80,1077,485,1104
680,"FRBSF Economic Letter","Federal Reserve Bank of San Francisco",649.68,2249,80,1184,439,647
681,"Basic Income Studies","De Gruyter",649.76,328,79.9,669,512,1088
682,"Annals of the Institute of Statistical Mathematics","Springer;The Institute of Statistical Mathematics",649.88,2013,79.9,735,618,546
683,"South African Journal of Economics","Economic Society of South Africa",651.4,1880,79.9,911,703,436
684,"Health Economics, Policy and Law","Cambridge University Press",651.75,614,79.8,679,491,661
685,"Bulletin of Indonesian Economic Studies","Taylor & Francis Journals",652.5,745,79.8,654,556,634
686,"Post-Communist Economies","Taylor & Francis Journals",653.56,985,79.8,602,611,636
687,"Health Care Management Science","Springer",655.61,780,79.7,547,813,604
688,"Focus on European Economic Integration","Oesterreichische Nationalbank (Austrian Central Bank)",656.62,232,79.7,588,517,850
689,"International Journal of Accounting Information Systems","Elsevier",658.26,353,79.7,494,1193,691
690,"Financial Markets, Institutions & Instruments","John Wiley & Sons",658.41,289,79.7,784,487,1017
691,"Review of Keynesian Economics","Edward Elgar Publishing",661.98,514,79.6,650,822,740
692,"Statistics & Probability Letters","Elsevier",662.1,9581,79.6,1000,971,423
693,"Constitutional Political Economy","Springer",662.24,811,79.6,696,585,605
694,"Journal of Public Policy","Cambridge University Press",664.7,1200,79.5,707,778,542
695,"Journal of Financial Regulation","Oxford University Press",664.87,116,79.5,728,583,1348
696,"Politics & Society","",666.31,1250,79.5,799,593,568
697,"Forest Policy and Economics","Elsevier",667.45,2708,79.5,589,1120,526
698,"Sociological Methods & Research","",668.17,1495,79.4,828,581,543
699,"The Developing Economies","Institute of Developing Economies",668.95,722,79.4,642,686,588
700,"The Service Industries Journal","Taylor & Francis Journals",669.62,1947,79.4,639,1002,451
701,"Review of Political Economy","Taylor & Francis Journals",669.73,1349,79.3,758,803,519
702,"Journal of Classification","Springer;The Classification Society",670.03,775,79.3,624,823,711
703,"Risk Management and Insurance Review","American Risk and Insurance Association",671.05,469,79.3,706,505,738
704,"Public Management Review","Taylor & Francis Journals",671.26,1706,79.2,620,1081,473
705,"Resources, Conservation & Recycling","Elsevier",672.18,1802,79.2,594,1246,523
706,"Journal of Environmental Economics and Policy","Taylor & Francis Journals",673.37,323,79.2,644,705,853
707,"Journal of Applied Statistics","Taylor & Francis Journals",673.46,4012,79.2,977,958,548
708,"European Journal of Economics and Economic Policies: Intervention","Edward Elgar Publishing",673.72,601,79.1,774,763,742
709,"Macro Bulletin","Federal Reserve Bank of Kansas City",674.8,76,79.1,959,363,1466
710,"Journal of Social Entrepreneurship","Taylor & Francis Journals",675.65,379,79.1,585,923,736
711,"IISE Transactions","Taylor & Francis Journals",675.98,1503,79,587,1119,471
712,"Review of Regional Research: Jahrbuch für Regionalwissenschaft","Springer;Gesellschaft für Regionalforschung (GfR)",676.29,235,79,634,586,801
713,"Financial History Review","Cambridge University Press",676.51,446,79,984,393,962
714,"Tourism Economics","",677.06,1972,78.9,626,1077,505
715,"Management Review Quarterly","Springer",679.37,383,78.9,678,992,809
716,"Journal of African Development","African Finance and Economic Association (AFEA)",681.49,212,78.9,554,672,848
717,"Global Economy Journal (GEJ)","World Scientific Publishing Co. Pte. Ltd.",681.77,724,78.9,664,607,663
718,"Journal of the American Planning Association","Taylor & Francis Journals",683.68,1233,78.8,693,1051,567
719,"African Journal of Agricultural and Resource Economics","African Association of Agricultural Economists",684.33,255,78.8,556,654,804
720,"Review of Economics","De Gruyter",684.43,234,78.8,772,580,899
721,"RBA Bulletin (Print copy discontinued)","Reserve Bank of Australia",684.72,267,78.7,689,489,1080
722,"Islamic Economic Studies","Emerald Group Publishing Limited",685.07,248,78.7,499,728,803
723,"Journal of Asset Management","Palgrave Macmillan",685.74,959,78.7,732,745,607
724,"American Journal of Economics and Sociology","Wiley Blackwell",686.78,2468,78.7,1267,746,572
725,"Sport Management Review","Taylor & Francis Journals",687.07,1601,78.6,506,1111,522
726,"Wiley Interdisciplinary Reviews: Energy and Environment","Wiley Blackwell",687.36,473,78.6,540,1018,658
727,"International Review of Economics","Springer;Happiness Economics and Interpersonal Relations (HEIRS)",687.93,540,78.6,727,531,813
728,"Environmental Economics and Policy Studies","Springer;Society for Environmental Economics and Policy Studies - SEEPS",688.1,761,78.5,690,698,664
729,"Revista ESPE - Ensayos sobre Política Económica","Banco de la Republica de Colombia",688.14,973,78.5,627,658,635
730,"Estudios Económicos, El Colegio de México","Centro de Estudios Económicos",691.2,419,78.5,903,414,1282
731,"The American Statistician","Taylor & Francis Journals",692.41,1657,78.4,847,723,503
732,"Foundations and Trends(R) in Marketing","now publishers",692.71,66,78.4,531,640,1064
733,"International Game Theory Review (IGTR)","World Scientific Publishing Co. Pte. Ltd.",692.92,822,78.4,808,534,665
734,"Journal of the Asia Pacific Economy","Taylor & Francis Journals",693.79,1163,78.4,702,774,565
735,"Margin: The Journal of Applied Economic Research","National Council of Applied Economic Research",693.94,345,78.3,718,624,1020
736,"Australian Journal of Management","Australian School of Business",694.02,1175,78.3,714,776,566
737,"Journal of Economics Library","KSP Journals",694.68,150,78.3,686,500,1009
738,"International Journal of Innovation Management (ijim)","World Scientific Publishing Co. Pte. Ltd.",694.82,1469,78.2,672,1130,520
739,"Middle East Development Journal","Taylor & Francis Journals",697,345,78.2,625,714,735
740,"Frontiers of Business Research in China","Springer",697.04,105,78.2,567,868,1066
741,"The Economists' Voice","De Gruyter",697.67,548,78.2,882,464,814
742,"Housing Policy Debate","Taylor & Francis Journals",698.85,1029,78.1,819,540,785
743,"Eurasian Economic Review","Springer;Eurasia Business and Economics Society",700.67,356,78.1,646,824,856
744,"Review of Social Economy","Taylor & Francis Journals",700.77,882,78.1,750,627,715
745,"Agriculture and Human Values, Springer;The Agriculture, Food","& Human Values Society (AFHVS)",707.22,2592,78,715,1131,401
746,"China Agricultural Economic Review","Emerald Group Publishing Limited",708.5,614,78,572,989,705
747,"Finance","Presses universitaires de Grenoble",709.9,179,78,777,509,1161
748,"Journal of Optimization Theory and Applications","Springer",710.5,5159,77.9,1013,1122,509
749,"Journal for Labour Market Research","Springer;Institute for Employment Research/ Institut für Arbeitsmarkt- und Berufsforschung (IAB)",711.03,1644,77.9,1021,704,675
750,"The Geneva Papers on Risk and Insurance - Issues and Practice","Palgrave Macmillan;The Geneva Association",711.05,1614,77.9,807,675,570
751,"The Electricity Journal","Elsevier",711.46,1846,77.9,832,756,487
752,"Games","MDPI",711.48,815,77.8,914,551,822
753,"Economic Synopses","Federal Reserve Bank of St. Louis",711.71,488,77.8,1104,413,1294
754,"Economic Issues Journal Articles","Economic Issues",713.48,230,77.8,561,641,1014
755,"The Pakistan Development Review","Pakistan Institute of Development Economics",713.65,2183,77.7,717,964,490
756,"Politica economica","Società editrice il Mulino",714.27,436,77.7,854,656,1102
757,"International Journal of Corporate Social Responsibility","Springer",717.72,129,77.7,521,1201,1007
758,"Global Economic Review","Taylor & Francis Journals",717.74,690,77.6,748,632,745
759,"Review of Middle East Economics and Finance","De Gruyter",718.04,244,77.6,586,673,802
760,"The Journals of Gerontology: Series B","The Gerontological Society of America",720.31,3471,77.6,821,901,475
761,"Agricultural and Food Economics","Springer;Italian Society of Agricultural Economics (SIDEA)",720.55,472,77.6,590,1060,700
762,"Revue économique","Presses de Sciences-Po",720.74,4040,77.5,1125,807,619
763,"Italian Economic Journal: A Continuation of Rivista Italiana degli Economisti and Giornale degli Economisti","Springer;Società Italiana degli Economisti (Italian Economic Association)",722.26,689,77.5,818,613,870
764,"Ekonomia","Cyprus Economic Society and University of Cyprus",724.5,135,77.5,804,452,1476
765,"Accounting in Europe","Taylor & Francis Journals",725.22,324,77.4,560,915,769
766,"Journal of Prediction Markets","University of Buckingham Press",728.48,131,77.4,682,536,1158
767,"Energies","MDPI",729.87,59306,77.4,1261,1959,292
768,"Journal of Property Research","Taylor & Francis Journals",730.58,509,77.4,653,643,812
769,"Asian Economic Policy Review","Japan Center for Economic Research",733.35,767,77.3,826,744,781
770,"Journal of Organization Design","Springer;Organizational Design Community",735.26,191,77.3,737,734,1164
771,"Nature Communications","Nature",736.56,84668,77.3,2033,1799,235
772,"Chicago Fed Letter","Federal Reserve Bank of Chicago",739.22,664,77.2,1216,404,1206
773,"Peace Economics, Peace Science, and Public Policy","De Gruyter",739.99,516,77.2,932,538,969
774,"Economic and Political Studies","Taylor & Francis Journals",740.89,301,77.2,816,582,1084
775,"Review of Economic Analysis","Digital Initiatives at the University of Waterloo Library",742.6,229,77.1,908,470,1174
776,"International Journal of Business and Economics, School of Management Development, Feng Chia University, Taichung","Taiwan",744.3,364,77.1,649,740,904
777,"Journal of Developmental Entrepreneurship (JDE)","World Scientific Publishing Co. Pte. Ltd.",744.92,617,77.1,680,838,706
778,"TOP: An Official Journal of the Spanish Society of Statistics and Operations Research","Springer;Sociedad de Estadística e Investigación Operativa",746.47,886,77.1,703,839,668
779,"New Zealand Economic Papers","Taylor & Francis Journals",746.52,555,77,795,553,865
780,"Naval Research Logistics (NRL)","John Wiley & Sons",747,1903,77,691,1033,545
781,"Australian Accounting Review","CPA Australia",747.62,933,77,613,1118,590
782,"JRFM","MDPI",748.29,3991,76.9,885,1206,528
783,"Quality & Quantity: International Journal of Methodology","Springer",748.49,4238,76.9,896,1147,441
784,"Statistica Neerlandica","Netherlands Society for Statistics and Operations Research",750.8,1328,76.9,1015,738,611
785,"OECD Journal on Budgeting","OECD Publishing",752.53,357,76.9,697,608,808
786,"The Review of Austrian Economics","Springer;Society for the Development of Austrian Economics",752.7,870,76.8,751,707,667
787,"Revue d'économie politique","Dalloz",755.22,951,76.8,967,610,878
788,"INFORMS Journal on Computing","INFORMS",755.66,801,76.8,943,1244,363
789,"Baltic Journal of Economics","Baltic International Centre for Economic Policy Studies",756.27,206,76.7,699,614,1169
790,"Electronic Markets","Springer;IIM University of St. Gallen",757.51,683,76.7,683,1243,709
791,"Vniversitas Económica","Universidad Javeriana - Bogotá",758.14,126,76.7,1087,459,1624
792,"Review of Law & Economics","De Gruyter",758.63,503,76.6,824,557,911
793,"Development Southern Africa","Taylor & Francis Journals",760.38,1491,76.6,740,897,614
794,"Economia Politica: Journal of Analytical and Institutional Economics","Springer;Fondazione Edison",761.29,860,76.6,855,719,827
795,"Economic Theory Bulletin","Springer;Society for the Advancement of Economic Theory (SAET)",762.7,292,76.6,1066,477,1380
796,"Revista Desarrollo y Sociedad, Universidad de los Andes,Facultad de Economía","CEDE",763.04,480,76.5,964,570,968
797,"International Journal of Energy Economics and Policy","Econjournals",763.8,3077,76.5,811,1259,507
798,"International Advances in Economic Research","Springer;International Atlantic Economic Society",765.4,1632,76.5,941,784,615
799,"Economic Commentary","Federal Reserve Bank of Cleveland",766.01,877,76.4,1169,429,1048
800,"International Journal of Managerial Finance","Emerald Group Publishing Limited",766.32,596,76.4,676,1032,704
801,"International Environmental Agreements: Politics, Law and Economics","Springer",766.34,784,76.4,725,896,712
802,"World Economic Review","World Economics Association",768.02,50,76.4,576,718,1464
803,"European Union Politics","",768.24,782,76.3,905,625,987
804,"Computational Statistics","Springer",768.32,1807,76.3,981,870,676
805,"The Journal of Higher Education","Taylor & Francis Journals",768.85,1346,76.3,836,751,640
806,"Journal of Risk Finance","Emerald Group Publishing Limited",769.02,786,76.2,853,998,560
807,"PLOS Biology","Public Library of Science",769.66,706,76.2,757,861,632
808,"International Studies of Management & Organization","Taylor & Francis Journals",769.75,710,76.2,704,911,633
809,"The Singapore Economic Review (SER)","World Scientific Publishing Co. Pte. Ltd.",769.82,1376,76.1,898,755,720
810,"Journal of Risk Research","Taylor & Francis Journals",771.2,1861,76.1,759,977,571
811,"Eastern European Economics","Taylor & Francis Journals",771.28,1009,76.1,793,696,716
812,"Journal of Experimental Political Science","Cambridge University Press",772.33,235,76.1,884,647,1261
813,"Algorithmic Finance","IOS Press",773.48,76,76,643,701,1342
814,"The Review of Regional Studies","Southern Regional Science Association",774.45,511,76,729,670,912
815,"Journal of Urban Technology","Taylor & Francis Journals",775.09,467,76,565,1344,737
816,"Reliability Engineering and System Safety","Elsevier",776.96,7658,75.9,848,1649,405
817,"Journal of Developing Areas, Tennessee State University","College of Business",778.51,1281,75.9,724,1042,639
818,"Reserve Bank of New Zealand Bulletin","Reserve Bank of New Zealand",778.68,935,75.9,1025,492,748
819,"Tijdschrift voor Economische en Sociale Geografie","Royal Dutch Geographical Society KNAG",780.3,1489,75.8,753,920,593
820,"Information Systems Frontiers","Springer",782.12,1782,75.8,825,1198,504
821,"Annals of Public and Cooperative Economics","Wiley Blackwell",782.68,1499,75.8,991,916,521
822,"Indus Journal of Management & Social Science (IJMSS)","Department of Business Administration",783.86,111,75.8,596,878,1471
823,"Journal of Income Distribution","Ad libros publications inc.",784.43,554,75.7,846,601,864
824,"European Transport \ Trasporti Europei, ISTIEE","Institute for the Study of Transport within the European Economic Integration",784.48,213,75.7,568,893,766
825,"Journal of the Knowledge Economy","Springer;Portland International Center for Management of Engineering and Technology (PICMET)",785.74,2830,75.7,1095,1348,547
826,"History of Political Economy","Duke University Press",785.77,1970,75.6,925,652,723
827,"Journal of Wine Economics","Cambridge University Press",786.48,641,75.6,880,648,744
828,"Annals of Financial Economics (AFE)","World Scientific Publishing Co. Pte. Ltd.",786.61,311,75.6,738,852,955
829,"Estudios de Economia, University of Chile","Department of Economics",789.72,634,75.6,969,465,869
830,"Schmalenbach Journal of Business Research","Springer",791.13,1313,75.5,1037,850,469
831,"Netnomics","Springer",791.16,224,75.5,695,669,1013
832,"NBER Macroeconomics Annual","University of Chicago Press",791.41,245,75.5,1551,499,1494
833,"Environment, Development and Sustainability: A Multidisciplinary Approach to the Theory and Practice of Sustainable Development","Springer",791.87,6524,75.4,1011,1358,453
834,"Review of Urban & Regional Development Studies","Wiley Blackwell",791.93,400,75.4,652,772,771
835,"Hacienda Pública Española / Review of Public Economics","IEF",791.99,548,75.4,856,680,815
836,"International Statistical Review","International Statistical Institute",793.57,1430,75.3,980,848,612
837,"Journal of Real Estate Research","Taylor & Francis Journals",793.63,850,75.3,1017,649,826
838,"Cogent Economics & Finance","Taylor & Francis Journals",795.01,2161,75.3,829,1204,617
839,"Quarterly Economic Commentary: Special Articles","Economic and Social Research Institute (ESRI)",795.41,163,75.3,723,541,1069
840,"AMS Review","Springer;Academy of Marketing Science",796.79,322,75.2,657,1136,900
841,"Journal of Financial Transformation","Capco Institute",799.69,545,75.2,995,579,972
842,"Journal of Media Economics","Taylor & Francis Journals",800.16,469,75.2,917,523,965
843,"Agricultural Finance Review","Emerald Group Publishing Limited",800.36,671,75.1,668,1040,708
844,"Management Research Review","Emerald Group Publishing Limited",801.89,1143,75.1,766,1105,638
845,"Advances in accounting","Elsevier",805.07,405,75.1,674,1097,810
846,"Quarterly Bulletin Articles","Central Bank of Ireland",805.35,156,75.1,852,507,1250
847,"Journal of the American Society for Information Science","Association for Information Science & Technology",809.32,3006,75,1012,1200,474
848,"Marine Policy","Elsevier",809.58,3186,75,842,1121,508
849,"Judgment and Decision Making","Cambridge University Press",813.23,1014,75,1264,761,1135
850,"Frontiers of Economics in China-Selected Publications from Chinese Universities","Higher Education Press",814.23,599,74.9,860,664,867
851,"Information Technology for Development","Taylor & Francis Journals",815.03,490,74.9,719,1215,774
852,"electronic International Journal of Time Use Research","Research Institute on Professions (Forschungsinstitut Freie Berufe (FFB)) and The International Association for Time Use Research (IATUR)",815.32,77,74.9,656,597,1240
853,"Marine Resource Economics","University of Chicago Press",815.49,265,74.8,792,674,1079
854,"Applied Economic Analysis","Emerald Group Publishing Limited",815.59,189,74.8,754,770,1071
855,"Brazilian Review of Econometrics","Sociedade Brasileira de Econometria - SBE",816.17,415,74.8,965,559,960
856,"Czech Journal of Economics and Finance (Finance a uver), Charles University Prague","Faculty of Social Sciences",816.49,1227,74.8,974,692,671
857,"Asia-Pacific Financial Markets","Springer;Japanese Association of Financial Economics and Engineering",816.93,539,74.7,845,773,776
858,"Richmond Fed Economic Brief","Federal Reserve Bank of Richmond",820.63,380,74.7,1480,527,1689
859,"Journal of Financial Management, Markets and Institutions (JFMMI)","World Scientific Publishing Co. Pte. Ltd.",821.73,165,74.7,940,626,1357
860,"Journal for Labour Market Research, Institut für Arbeitsmarkt- und Berufsforschung (IAB), Nürnberg [Institute for Employment Research, Nuremberg","Germany]",822.93,1622,74.6,1290,830,753
861,"Agricultural Water Management","Elsevier",824.13,9125,74.6,944,1718,454
862,"Natural Hazards: Journal of the International Society for the Prevention and Mitigation of Natural Hazards","Springer;International Society for the Prevention and Mitigation of Natural Hazards",825.63,9677,74.6,1022,1510,406
863,"Journal of Brand Management","Palgrave Macmillan",826.91,433,74.5,655,1398,859
864,"Journal of Business Economics and Management","Taylor & Francis Journals",827.07,629,74.5,671,1142,743
865,"Journal of Bioeconomics","Springer",827.53,429,74.5,796,787,858
866,"OECD Journal: Competition Law and Policy","OECD Publishing",828.03,71,74.5,741,511,1341
867,"Ecological Modelling","Elsevier",830.26,5917,74.4,1014,1648,403
868,"Review of Development Finance Journal","Chartered Institute of Development Finance",831.94,73,74.4,839,760,1610
869,"OR Spectrum: Quantitative Approaches in Management","Springer;Gesellschaft für Operations Research e.V.",833.75,391,74.4,708,1164,908
870,"Australian Journal of Labour Economics (AJLE), Bankwest Curtin Economics Centre (BCEC)","Curtin Business School",834.16,385,74.3,813,712,907
871,"Dynamic Games and Applications","Springer",836.29,621,74.3,994,691,1124
872,"Annals of the American Association of Geographers","Taylor & Francis Journals",836.58,1466,74.3,841,1007,641
873,"Revista de Analisis Economico – Economic Analysis Review","Universidad Alberto Hurtado/School of Economics and Business",836.82,174,74.3,760,609,1070
874,"Social Responsibility Journal","Emerald Group Publishing Limited",837.06,1178,74.2,700,1472,609
875,"International Journal of Technological Learning, Innovation and Development","Inderscience Enterprises Ltd",838.59,347,74.2,781,847,855
876,"Journal of Agricultural Cooperation","National Council of Farmer Cooperatives",838.82,90,74.2,513,783,1004
877,"Review of Accounting and Finance","Emerald Group Publishing Limited",841.4,541,74.1,761,1091,777
878,"Energy RESEARCH LETTERS","Asia-Pacific Applied Economics Association",841.93,103,74.1,721,1114,1154
879,"Journal of Economics, Finance and Administrative Science","Emerald Group Publishing Limited",842.25,335,74.1,712,1110,901
880,"Journal of Economics and Statistics (Jahrbuecher fuer Nationaloekonomie und Statistik)","De Gruyter",842.41,2639,74,1708,1013,525
881,"Journal of Regional Analysis and Policy","Mid-Continent Regional Science Association",843.19,681,74,872,702,780
882,"Latin American Journal of Economics-formerly Cuadernos de Economía","Instituto de Economía. Pontificia Universidad Católica de Chile.",843.96,843,74,962,657,746
883,"Asia-Pacific Economic History Review","John Wiley & Sons",845.05,453,74,1102,526,1105
884,"Risks","MDPI",845.16,1712,73.9,919,1159,722
885,"The African Finance Journal","Africagrowth Institute",845.22,194,73.9,722,879,1011
886,"Digital Finance","Springer",845.5,179,73.9,930,914,1363
887,"Recherches économiques de Louvain","De Boeck Université",847.02,236,73.8,812,569,1015
888,"HSE Economic Journal","National Research University Higher School of Economics",851.03,639,73.8,1059,766,1315
889,"Choices: The Magazine of Food, Farm, and Resource Issues","Agricultural and Applied Economics Association",852.98,1840,73.8,968,866,644
890,"PharmacoEconomics","Springer",853.22,1896,73.8,961,947,677
891,"Journal of Emerging Market Finance","Institute for Financial Management and Research",854.77,355,73.7,762,835,903
892,"Payments System Research Briefing","Federal Reserve Bank of Kansas City",855.14,70,73.7,1114,455,1771
893,"Advances in Complex Systems (ACS)","World Scientific Publishing Co. Pte. Ltd.",856.57,895,73.7,901,1000,669
894,"Bankers, Markets & Investors","ESKA Publishing",858.05,80,73.6,970,600,1612
895,"Journal of Causal Inference","De Gruyter",862.65,254,73.6,1331,653,1497
896,"Customer Needs and Solutions","Springer;Institute for Sustainable Innovation and Growth (iSIG)",865.59,136,73.6,780,840,1247
897,"Journal of Innovation and Entrepreneurship","Springer",866.33,562,73.5,805,1366,817
898,"Proceedings â€“ Payments System Research Conferences","Federal Reserve Bank of Kansas City",866.33,59,73.5,992,415,1767
899,"International Journal of Entrepreneurial Venturing","Inderscience Enterprises Ltd",867.84,354,73.5,733,1138,902
900,"International Real Estate Review","Global Social Science Institute",867.96,412,73.5,945,633,958
901,"Economie et Statistique / Economics and Statistics","Institut National de la Statistique et des Etudes Economiques (INSEE)",868.09,3032,73.4,1072,767,727
902,"Statistical Inference for Stochastic Processes","Springer",868.32,474,73.4,833,800,966
903,"Statistical Methods & Applications","Springer;Società Italiana di Statistica",872.53,1004,73.4,921,845,750
904,"Journal of Management Control: Zeitschrift für Planung und Unternehmenssteuerung","Springer",872.7,201,73.3,681,1293,1073
905,"Journal of Nonparametric Statistics","Taylor & Francis Journals",872.86,891,73.3,912,764,876
906,"Asia-Pacific Journal of Accounting & Economics","Taylor & Francis Journals",873.09,638,73.3,889,1005,918
907,"Water Resources Management: An International Journal, Published for the European Water Resources Association (EWRA)","Springer;European Water Resources Association (EWRA)",874.59,5842,73.3,877,1690,549
908,"International Food and Agribusiness Management Review","International Food and Agribusiness Management Association",876.95,560,73.2,878,1174,630
909,"International Journal of Economics and Financial Issues","Econjournals",877.01,2078,73.2,907,1281,678
910,"Review of Environment, Energy and Economics - Re3","Fondazione Eni Enrico Mattei",879.45,187,73.2,971,544,1366
911,"Environmental and Energy Policy and the Economy","University of Chicago Press",879.98,50,73.1,960,821,2508
912,"Strategic Behavior and the Environment","now publishers",880.2,102,73.1,906,576,1469
913,"Economic Letter","Federal Reserve Bank of Dallas",880.73,163,73.1,1071,475,1356
914,"Annals of Actuarial Science","Cambridge University Press",881.64,385,73,859,886,1029
915,"Journal of Economics, Race, and Policy","Springer",882.48,180,73,1359,584,1479
916,"Latin American Journal of Central Banking (previously Monetaria)","Elsevier",884.24,341,73,1143,736,1019
917,"Review of Behavioral Finance","Emerald Group Publishing Limited",884.57,355,73,843,1004,1022
918,"Aussenwirtschaft, University of St. Gallen, School of Economics and Political Science","Swiss Institute for International Economics and Applied Economics Research",885.03,289,72.9,1056,577,1083
919,"Letters in Spatial and Resource Sciences","Springer",885.18,401,72.9,863,826,956
920,"Journal of the Association for Consumer Research","University of Chicago Press",886.57,451,72.9,887,966,861
921,"IJFS","MDPI",887.01,1051,72.8,868,1305,717
922,"Monetary Policy & the Economy","Oesterreichische Nationalbank (Austrian Central Bank)",887.02,383,72.8,931,706,1026
923,"Économie et Prévision","Programme National Persée",887.13,1642,72.8,979,716,832
924,"Hitotsubashi Journal of Economics","Hitotsubashi University",887.15,579,72.7,985,788,819
925,"Construction Management and Economics","Taylor & Francis Journals",887.33,2294,72.7,814,1248,594
926,"Risk Management","Palgrave Macmillan",887.82,201,72.7,858,960,1168
927,"International Journal of Development Issues","Emerald Group Publishing Limited",889.06,371,72.7,823,1074,906
928,"Russian Journal of Economics","ARPHA Platform",890.68,243,72.6,769,954,950
929,"Business & Information Systems Engineering: The International Journal of WIRTSCHAFTSINFORMATIK","Springer;Gesellschaft für Informatik e.V. (GI)",890.96,866,72.6,787,1354,714
930,"Network Science","Cambridge University Press",891.14,324,72.6,1024,666,1180
931,"Applied Econometrics and International Development","Euro-American Association of Economic Development",891.42,599,72.5,752,950,868
932,"Journal of International Economic Law","Oxford University Press",891.91,1043,72.5,1124,628,925
933,"Economies","MDPI",892.46,1923,72.5,886,1444,645
934,"Central European Journal of Operations Research","Springer;Slovak Society for Operations Research;Hungarian Operational Research Society;Czech Society for Operations Research;Österr. Gesellschaft für Operations Research (ÖGOR);Slovenian Society Informatika - Section for Operational Research;Croatian Operational Research Society",894.96,952,72.5,820,1102,749
935,"Metron - International Journal of Statistics, Dipartimento di Statistica","Probabilità e Statistiche Applicate - University of Rome",895.78,307,72.4,749,817,953
936,"Sustainability Accounting, Management and Policy Journal","Emerald Group Publishing Limited",895.87,537,72.4,840,1481,914
937,"Environment and Planning C","",896.51,2663,72.4,1191,1014,595
938,"Group Decision and Negotiation","Springer",896.51,1227,72.3,875,939,788
939,"Asian Academy of Management Journal of Accounting and Finance (AAMJAF)","Penerbit Universiti Sains Malaysia",900.58,208,72.3,677,1056,1170
940,"Intereconomics: Review of European Economic Policy","Sciendo",901.19,3212,72.3,1272,955,650
941,"Voprosy Ekonomiki","NP Voprosy Ekonomiki",903.07,3513,72.2,1888,1053,681
942,"Industrial Relations Journal","Wiley Blackwell",903.4,472,72.2,1098,735,1108
943,"Strategic Management Review","now publishers",903.86,83,72.2,935,867,1467
944,"Risk, Decision and Policy","Cambridge University Press",905.65,58,72.2,851,602,1603
945,"International Journal of Productivity and Performance Management","Emerald Group Publishing Limited",905.81,1545,72.1,874,1525,674
946,"Regional Economic Development","Federal Reserve Bank of St. Louis",906.49,56,72.1,1019,468,1602
947,"management revue - Socio-Economic Studies","Nomos Verlagsgesellschaft mbH & Co. KG",908.76,668,72.1,791,1034,779
948,"The International Journal of Biostatistics","De Gruyter",909.83,539,72,1067,743,915
949,"EconPol Forum","CESifo",909.94,226,72,1576,678,1851
950,"Indian Economic Review","Springer",911.22,887,72,972,804,875
951,"Agricultural Economics Review","Greek Association of Agricultural Economists",912.13,254,72,711,927,951
952,"Prague Economic Papers","Prague University of Economics and Business",913.71,846,71.9,928,882,825
953,"South-Eastern Europe Journal of Economics","Association of Economic Universities of South and Eastern Europe and the Black Sea Region",915.39,230,71.9,778,843,1075
954,"International Journal of Housing Policy","Taylor & Francis Journals",915.57,844,71.9,983,905,783
955,"Economia e Politica Industriale: Journal of Industrial and Business Economics","Springer;Associazione Amici di Economia e Politica Industriale",915.93,980,71.8,947,953,879
956,"Review of Policy Research","Policy Studies Organization",916.34,2138,71.8,1099,1025,646
957,"Review of Business and Economic Literature","Intersentia",916.56,204,71.8,857,771,947
958,"Journal of Applied Accounting Research","Emerald Group Publishing Limited",916.62,550,71.7,775,1345,816
959,"Journal of Smart Economic Growth","",917.69,182,71.7,939,1071,1010
960,"City","Taylor & Francis Journals",917.82,1445,71.7,963,1258,613
961,"Lahore Journal of Economics, Department of Economics","The Lahore School of Economics",917.88,499,71.7,789,985,862
962,"Journal of Entrepreneurship and Public Policy","Emerald Group Publishing Limited",918.79,289,71.6,873,918,1178
963,"Economic Bulletin","Banco de España",921.6,452,71.6,1277,574,1288
964,"Mathematics and Computers in Simulation (MATCOM)","Elsevier",922.75,6875,71.6,1343,1290,550
965,"European Journal of Information Systems","Taylor & Francis Journals",923.45,1301,71.5,976,1392,719
966,"Oeconomia Copernicana","Institute of Economic Research",925.35,421,71.5,692,1783,857
967,"Financial Industry Perspectives","Federal Reserve Bank of Kansas City",927.39,58,71.5,942,444,1973
968,"Journal of Economics and Econometrics","Economics and Econometrics Society",930.91,171,71.4,894,665,1160
969,"Abante","Escuela de Administracion. Pontificia Universidad Católica de Chile.",931.93,83,71.4,838,590,1344
970,"Journal of Educational and Behavioral Statistics","",932.41,1373,71.4,1293,731,831
971,"Journal of Management & Organization","Cambridge University Press",932.69,1353,71.4,897,1423,673
972,"Transportation Planning and Technology","Taylor & Francis Journals",933.3,1050,71.3,802,1313,786
973,"Applied Stochastic Models in Business and Industry","John Wiley & Sons",933.38,1194,71.3,936,1100,751
974,"Israel Economic Review","Bank of Israel",933.99,172,71.3,1165,568,1359
975,"Asian Economics Letters","Asia-Pacific Applied Economics Association",934.07,115,71.2,810,1132,1347
976,"The Review of Black Political Economy","Springer;National Economic Association",934.11,1302,71.2,1402,630,995
977,"Vierteljahreshefte zur Arbeits- und Wirtschaftsforschung, Duncker & Humblot","Berlin",934.44,1219,71.2,1141,699,926
978,"Southern Journal of Agricultural Economics","Southern Agricultural Economics Association",934.99,1259,71.2,890,1009,718
979,"Revue d'économie industrielle","De Boeck Université",935.76,1538,71.1,1170,926,721
980,"International Journal of Educational Development","Elsevier",936.24,1437,71.1,1139,983,886
981,"Service Business","Springer;Pan-Pacific Business Association",936.35,569,71.1,730,1418,866
982,"Macroeconomics and Finance in Emerging Market Economies","Taylor & Francis Journals",937.1,384,71,934,820,1027
983,"IDS Bulletin","Blackwell Publishing",938.74,438,71,806,938,910
984,"Contemporary Social Science","Taylor & Francis Journals",938.95,480,71,1034,1255,1111
985,"Third World Quarterly","Taylor & Francis Journals",939.16,2327,70.9,1028,1078,680
986,"Economics of Peace and Security Journal","EPS Publishing",939.49,252,70.9,1007,677,1265
987,"Global Policy","London School of Economics and Political Science",939.65,1560,70.9,1119,1052,752
988,"Innovation and Development","Taylor & Francis Journals",941.53,311,70.9,837,1039,1086
989,"Review of Business and Economic Literature, KU Leuven, Faculty of Economics and Business (FEB)","Review of Business and Economic Literature",941.54,241,70.8,1032,684,1016
990,"Foundations and Trends(R) in Technology, Information and Operations Management","now publishers",941.82,125,70.8,786,892,1067
991,"Conflict Management and Peace Science","Peace Science Society (International)",943.81,843,70.8,1212,809,824
992,"IIUM Journal of Economics and Management","IIUM Journal of Economis and Management",945.65,109,70.7,667,959,1155
993,"International Review of Economic Education, Economics Network","University of Bristol",946.67,123,70.7,768,837,1157
994,"Decisions in Economics and Finance","Springer;Associazione per la Matematica",947.89,614,70.7,1068,777,1123
995,"International Journal of Social Economics","Emerald Group Publishing Limited",948.14,2989,70.7,1178,1328,649
996,"Communications & Strategies, IDATE","Com&Strat dept.",948.16,194,70.6,744,1037,1165
997,"Mineral Economics","Springer;Raw Materials Group (RMG);Luleå University of Technology",948.8,463,70.6,978,1239,963
998,"PLOS Genetics","Public Library of Science",950.56,649,70.6,844,951,978
999,"Public Policy Review, Policy Research Institute","Ministry of Finance Japan",952.13,356,70.5,1127,667,1183
1000,"Economic Papers","The Economic Society of Australia",952.57,1601,70.5,1151,790,792
1001,"Economic Insights","Federal Reserve Bank of Philadelphia",954.16,119,70.5,1554,605,1794
1002,"Journal of Banking Regulation","Palgrave Macmillan",955.54,380,70.4,1093,853,1188
1003,"Operations Management Research","Springer",956.68,480,70.4,933,1400,967
1004,"Review of Pacific Basin Financial Markets and Policies (RPBFMP)","World Scientific Publishing Co. Pte. Ltd.",957.73,820,70.4,904,941,921
1005,"Health Economics Review","Springer",958.45,766,70.4,1064,973,872
1006,"Housing Studies","Taylor & Francis Journals",959.07,1368,70.3,1044,984,830
1007,"China Economic Journal","Taylor & Francis Journals",959.16,384,70.3,1135,993,1028
1008,"Region et Developpement, Region et Developpement, LEAD","Universite du Sud - Toulon Var",963.22,537,70.3,1085,881,971
1009,"Operations Research Perspectives","Elsevier",963.63,321,70.2,782,1378,1018
1010,"CWAE Newsletter, Agricultural and Applied Economics Association","Committee on Women in Agricultural Economics (CWAE)",968.21,68,70.2,705,592,1606
1011,"Chaos, Solitons & Fractals","Elsevier",969.01,13447,70.2,1341,1764,510
1012,"Statistical Papers","Springer",970.63,2079,70.2,1136,1028,793
1013,"Northeastern Journal of Agricultural and Resource Economics","Northeastern Agricultural and Resource Economics Association",971.13,263,70.1,785,885,852
1014,"Economic Research-Ekonomska Istraživanja","Taylor & Francis Journals",971.17,2176,70.1,1050,1526,724
1015,"Regional Science Policy & Practice","Wiley Blackwell",973.1,710,70.1,1006,1092,919
1016,"Children and Youth Services Review","Elsevier",973.12,7969,70,1413,1359,621
1017,"Nuclear Law Bulletin","OECD Publishing",975.67,283,70,954,799,1082
1018,"Indian Growth and Development Review","Emerald Group Publishing Limited",976.6,211,70,915,792,1171
1019,"Journal of Cooperatives","NCERA-210",976.83,124,69.9,651,1089,1246
1020,"Journal of Management Analytics","Taylor & Francis Journals",976.86,194,69.9,773,1519,1072
1021,"International Journal of Urban Sciences","Taylor & Francis Journals",979.93,463,69.9,815,1173,964
1022,"Journal of Enterprising Culture (JEC)","World Scientific Publishing Co. Pte. Ltd.",983.51,634,69.9,902,1098,917
1023,"KASBIT Business Journals (KBJ)","Khadim Ali Shah Bukhari Institute of Technology (KASBIT)",983.81,96,69.8,913,1066,1468
1024,"Research in Accounting Regulation","Elsevier",983.98,198,69.8,779,1095,1167
1025,"Papers published in Journals (Open Access)","International Water Management Institute",986.61,284,69.8,809,1536,952
1026,"International Journal of Political Economy","Taylor & Francis Journals",986.77,835,69.7,1120,1041,823
1027,"Campbell Systematic Reviews","John Wiley & Sons",987.3,845,69.7,1183,924,923
1028,"International Journal of Sustainable Economy","Inderscience Enterprises Ltd",987.58,537,69.7,1030,996,1039
1029,"Brussels Economic Review","ULB -- Universite Libre de Bruxelles",987.83,896,69.6,1392,796,877
1030,"Biophysical Economics and Resource Quality","Springer",988.38,120,69.6,830,1115,1245
1031,"Mathematical Population Studies","Taylor & Francis Journals",988.45,410,69.6,1031,752,1030
1032,"Public Sector Economics","Institute of Public Finance",988.95,382,69.6,938,956,1025
1033,"Journal of Entrepreneurial and Organizational Diversity","European Research Institute on Cooperative and Social Enterprises",989.18,118,69.5,869,957,1243
1034,"Revue de l'OFCE","Presses de Sciences-Po",989.38,1539,69.5,1168,876,932
1035,"International Journal of Happiness and Development","Inderscience Enterprises Ltd",990.3,182,69.5,1076,810,1365
1036,"International Journal of Entrepreneurship and Small Business","Inderscience Enterprises Ltd",992.49,1643,69.4,993,1347,754
1037,"Accounting Education","Taylor & Francis Journals",992.74,959,69.4,765,1420,784
1038,"Asia and the Pacific Policy Studies","Wiley Blackwell",994.06,392,69.4,926,1096,909
1039,"Work, Employment & Society","British Sociological Association",996.23,2725,69.4,1337,934,725
1040,"Revista de Economía del Rosario","Universidad del Rosario",997.42,239,69.3,1001,762,1175
1041,"Economic Review","National Bank of Belgium",997.5,346,69.3,1398,676,1390
1042,"Economics and Business Letters","Oviedo University Press",997.83,360,69.3,1018,1073,1184
1043,"Humanities and Social Sciences Communications","Palgrave Macmillan",1000.06,6768,69.2,1508,1527,620
1044,"EURO Journal on Computational Optimization","Springer;EURO - The Association of European Operational Research Societies",1001.51,88,69.2,720,1220,1345
1045,"World Development Perspectives","Elsevier",1006.21,513,69.2,1005,1127,1113
1046,"International Journal of Public Health","Springer;Swiss School of Public Health (SSPH+)",1006.68,2303,69.1,1009,1249,679
1047,"Contributions to Political Economy","Cambridge Political Economy Society",1007.38,415,69.1,948,1075,1031
1048,"SCIENZE REGIONALI","FrancoAngeli Editore",1007.97,412,69.1,1029,899,959
1049,"Energy & Environment","",1008.69,2639,69.1,1305,1425,648
1050,"Quantile","Quantile",1009.11,86,69,1038,636,1780
1051,"Journal of Environmental Assessment Policy and Management (JEAPM)","World Scientific Publishing Co. Pte. Ltd.",1011.33,731,69,927,1454,871
1052,"Asian-Pacific Economic Literature, The Crawford School","The Australian National University",1011.4,795,69,1089,986,873
1053,"Económica, Departamento de Economía, Facultad de Ciencias Económicas","Universidad Nacional de La Plata",1011.49,204,68.9,1117,729,1255
1054,"Journal","Review of Agrarian Studies",1012.88,286,68.9,1010,929,1670
1055,"Transnational Corporations Review","Ottawa United Learning Academy",1013.21,224,68.9,1092,904,1259
1056,"Public Money & Management","Taylor & Francis Journals",1014.99,2228,68.9,1084,1219,759
1057,"Western economic developments","Federal Reserve Bank of San Francisco",1015.18,94,68.8,1240,617,842
1058,"Accounting Research Journal","Emerald Group Publishing Limited",1016.16,469,68.8,865,1322,1032
1059,"Journal of Economics and Financial Analysis","Tripal Publishing House",1018.41,62,68.8,881,1103,1768
1060,"Regulation & Governance","John Wiley & Sons",1019.12,774,68.7,1134,1129,1129
1061,"Rivista di storia economica","Società editrice il Mulino",1020.26,455,68.7,1397,650,1106
1062,"The European Journal of the History of Economic Thought","Taylor & Francis Journals",1020.42,1530,68.7,1284,854,996
1063,"Qualitative Research in Financial Markets","Emerald Group Publishing Limited",1020.63,389,68.6,888,1265,1093
1064,"Journal of Gender, Agriculture and Food Security (Agri-Gender), Africa Centre for Gender","Social Research and Impact Assessment",1020.82,50,68.6,798,1057,1340
1065,"Review of Radical Political Economics","Union for Radical Political Economics",1023.23,2104,68.6,1435,1247,794
1066,"Zeitschrift fuer Personalforschung. German Journal of Research in Human Resource Management","Rainer Hampp Verlag",1024.28,135,68.6,746,1232,1350
1067,"Global Journal of Emerging Market Economies","Emerging Markets Forum",1025.15,318,68.5,1080,935,1272
1068,"Economic Bulletin and Financial Stability Report Articles and Banco de Portugal Economic Studies, Banco de Portugal","Economics and Research Department",1025.47,448,68.5,1436,737,1406
1069,"British Actuarial Journal","Cambridge University Press",1026.92,731,68.5,1200,895,984
1070,"Public Transport","Springer",1027.88,280,68.4,834,1396,1081
1071,"Czech Economic Review, Charles University Prague, Faculty of Social Sciences","Institute of Economic Studies",1028.11,136,68.4,920,754,1351
1072,"Journal for Economic Forecasting","Institute for Economic Forecasting",1029.22,1024,68.4,957,1245,881
1073,"Journal of Innovation Economics","De Boeck Université",1031.47,441,68.3,918,1228,1103
1074,"Revista Estudios Económicos","Banco Central de Reserva del Perú",1031.95,201,68.3,1035,805,1368
1075,"International Journal of Entrepreneurship and Innovation Management","Inderscience Enterprises Ltd",1033.02,721,68.3,966,1175,983
1076,"Review of African Political Economy","Taylor & Francis Journals",1033.52,1474,68.3,1259,990,887
1077,"International Journal of Business and Economic Sciences Applied Research (IJBESAR), Democritus University of Thrace (DUTH), Kavala Campus","Greece",1033.55,307,68.2,899,1153,954
1078,"Journal of Global Entrepreneurship Research","Springer;UNESCO Chair in Entrepreneurship",1034.68,403,68.2,850,1502,957
1079,"Computational and Mathematical Organization Theory","Springer",1035.23,582,68.2,1046,963,1041
1080,"Central European Journal of Economic Modelling and Econometrics","Central European Journal of Economic Modelling and Econometrics",1036.36,189,68.1,1020,856,1367
1081,"IJERPH","MDPI",1036.51,65203,68.1,1733,2110,424
1082,"Business History Review","Cambridge University Press",1037.64,6843,68.1,2027,1063,728
1083,"Metrika: International Journal for Theoretical and Applied Statistics","Springer",1038.21,2234,68.1,1204,1101,760
1084,"Journal of Economic Analysis","Anser Press",1038.35,116,68,952,1457,1349
1085,"Turkish Economic Review","KSP Journals",1038.74,155,68,892,1036,1355
1086,"Equilibrium. Quarterly Journal of Economics and Economic Policy","Institute of Economic Research",1039.02,517,68,861,1559,913
1087,"International Journal of Economics and Empirical Research (IJEER)","The Economics and Social Development Organization (TESDO)",1040.07,173,67.9,790,1373,1360
1088,"The AMFITEATRU ECONOMIC journal, Academy of Economic Studies - Bucharest","Romania",1042.16,1487,67.9,924,1671,790
1089,"Journal of Shipping and Trade","Springer",1044.22,228,67.9,900,1363,1260
1090,"World Patent Information","Elsevier",1044.46,891,67.8,1252,1012,828
1091,"Asian Business & Management","Palgrave Macmillan",1046.91,311,67.8,916,1411,1085
1092,"Bangladesh Development Studies","Bangladesh Institute of Development Studies (BIDS)",1047.4,287,67.8,866,976,1177
1093,"Evaluation Review","",1048.09,1608,67.8,1654,753,933
1094,"International Social Security Review","John Wiley & Sons",1049.17,1012,67.7,1276,875,991
1095,"Journal of the History of Economic Thought","Cambridge University Press",1049.75,1713,67.7,1376,884,935
1096,"International Journal of Global Energy Issues","Inderscience Enterprises Ltd",1049.81,1064,67.7,1155,1288,787
1097,"C.D. Howe Institute Commentary","C.D. Howe Institute",1052.85,330,67.6,996,793,1386
1098,"Economics of Transition and Institutional Change","John Wiley & Sons",1053.75,246,67.6,1215,942,1495
1099,"Foreign Trade Review","",1058.76,1467,67.6,1758,1021,1058
1100,"Journal of Quantitative Economics","Springer;The Indian Econometric Society (TIES)",1060.12,542,67.6,1061,1107,1116
1101,"Journal of Insurance Issues","Western Risk and Insurance Association",1063.14,364,67.5,1147,919,1091
1102,"International Journal of Global Environmental Issues","Inderscience Enterprises Ltd",1064.31,493,67.5,975,1150,1034
1103,"DIW Weekly Report, DIW Berlin","German Institute for Economic Research",1065.17,887,67.5,1350,872,1218
1104,"Revista CEPAL","Naciones Unidas Comisión Económica para América Latina y el Caribe (CEPAL)",1065.44,3373,67.4,1389,1026,836
1105,"Flexible Services and Manufacturing Journal","Springer",1068.1,362,67.4,876,1538,1023
1106,"Articles","International Journal of Transport Economics",1068.3,104,67.4,767,1162,1346
1107,"Environment and Planning B","",1069.79,3565,67.3,1400,1394,618
1108,"Studies in Economics and Finance","Emerald Group Publishing Limited",1072.06,798,67.3,1094,1195,920
1109,"Computational Optimization and Applications","Springer",1072.11,1592,67.3,989,1589,791
1110,"Research in Higher Education","Springer;Association for Institutional Research",1075.36,503,67.3,1387,818,1413
1111,"Economic Bulletin","Bank of Greece",1075.5,147,67.2,1288,687,1630
1112,"Rivista Internazionale di Scienze Sociali, Vita e Pensiero","Pubblicazioni dell'Universita' Cattolica del Sacro Cuore",1075.86,513,67.2,1381,759,1304
1113,"Business History","Taylor & Francis Journals",1076.09,2550,67.2,1456,988,938
1114,"Scandinavian Economic History Review","Taylor & Francis Journals",1076.7,317,67.1,1484,758,1385
1115,"Public Budgeting & Finance","Wiley Blackwell",1076.71,267,67.1,1214,945,1375
1116,"Journal of Capital Markets Studies","Emerald Group Publishing Limited",1079.72,81,67.1,1065,1371,1614
1117,"Mind & Society: Cognitive Studies in Economics and Social Sciences","Springer;Fondazione Rosselli",1080.32,401,67.1,1227,994,1095
1118,"Information Systems and e-Business Management","Springer",1082.23,364,67,953,1462,1024
1119,"South Asia Economic Journal","Institute of Policy Studies of Sri Lanka",1082.97,578,67,1106,1020,973
1120,"Asia Pacific Business Review","Taylor & Francis Journals",1083.88,1330,67,1145,1230,927
1121,"Revista Brasileira de Economia - RBE","EPGE Brazilian School of Economics and Finance - FGV EPGE (Brazil)",1085.85,1402,66.9,1512,1106,789
1122,"INVESTIGACIONES REGIONALES - Journal of REGIONAL RESEARCH","Asociación Española de Ciencia Regional",1086.06,593,66.9,1186,1045,974
1123,"Rivista di Diritto ed Economia dello Sport","Centro di diritto e business dello Sport",1086.54,62,66.9,862,825,1604
1124,"Applied Mathematics and Computation","Elsevier",1088.41,8407,66.8,1181,2108,529
1125,"Statistical Applications in Genetics and Molecular Biology","De Gruyter",1088.43,697,66.8,1152,1143,982
1126,"Current Issues in Tourism","Taylor & Francis Journals",1089.53,2358,66.8,1146,1646,795
1127,"Local Economy","London South Bank University",1090.37,1993,66.8,1670,1199,1231
1128,"Qualitative Research in Accounting & Management","Emerald Group Publishing Limited",1090.94,416,66.7,867,1440,1097
1129,"Economic & Labour Market Review","Palgrave Macmillan;Office for National Statistics",1091.56,376,66.7,1251,794,1187
1130,"Accounting History Review","Taylor & Francis Journals",1091.66,513,66.7,1069,930,1303
1131,"Agrekon","Taylor & Francis Journals",1091.72,2024,66.6,1154,1292,757
1132,"The International Trade Journal","Taylor & Francis Journals",1093.88,444,66.6,1060,1104,1285
1133,"Applied Health Economics and Health Policy","Springer",1094.37,1113,66.6,1142,1197,882
1134,"Journal Transition Studies Review","Transition Academia Press",1094.43,571,66.5,1083,1082,916
1135,"Information Technologies and International Development","MIT Press",1096.69,126,66.5,1054,786,1473
1136,"Industrial and Organizational Psychology","Cambridge University Press",1097.33,1743,66.5,1285,1280,755
1137,"Local Government Studies","Taylor & Francis Journals",1097.67,690,66.5,1159,1158,981
1138,"European Integration online Papers (EIoP)","European Community Studies Association Austria (ECSA-A)",1099.95,257,66.4,879,1059,1176
1139,"Visnyk of the National Bank of Ukraine","National Bank of Ukraine",1099.97,74,66.4,1509,700,2255
1140,"Evaluation and Program Planning","Elsevier",1100.01,2904,66.4,1246,1445,726
1141,"Journal of Applied Finance & Banking","SCIENPRESS Ltd",1100.24,795,66.3,1082,1353,874
1142,"Review of Agricultural and Environmental Studies - Revue d'Etudes en Agriculture et Environnement (RAEStud)","Institut National de la Recherche Agronomique (INRA)",1100.84,425,66.3,958,1190,961
1143,"Cyprus Economic Policy Review, University of Cyprus","Economics Research Centre",1101.37,144,66.3,1086,907,1352
1144,"Económica, Instituto de Investigaciones Económicas, Facultad de Ciencias Económicas","Universidad Nacional de La Plata",1101.49,208,66.3,1301,749,1369
1145,"Notas de Investigación Journal Economía Chilena (The Chilean Economy)","Central Bank of Chile",1104.16,125,66.2,1269,689,1622
1146,"Journal of Enterprising Communities: People and Places in the Global Economy","Emerald Group Publishing Limited",1105.18,618,66.2,1027,1441,977
1147,"Agricultural Economics Research Review","Agricultural Economics Research Association (India)",1105.99,831,66.2,1090,1217,922
1148,"Managerial Auditing Journal","Emerald Group Publishing Limited",1106.11,1649,66.1,1260,1716,643
1149,"Journal of Global Optimization","Springer",1107.22,2085,66.1,1043,1473,834
1150,"Revue Finance ContrÃ´le StratÃ©gie","revues.org",1107.28,557,66.1,1078,1141,1118
1151,"European Journal of Industrial Relations","",1107.5,121,66,1311,1067,1619
1152,"Journal of Agribusiness","Agricultural Economics Association of Georgia",1109.03,480,66,923,1140,1110
1153,"International Journal of Water Resources Development","Taylor & Francis Journals",1109.21,920,66,990,1367,989
1154,"Methodology and Computing in Applied Probability","Springer",1109.28,1449,66,1211,1225,930
1155,"Revue française d'économie","Presses de Sciences-Po",1110.08,1041,65.9,1354,877,1136
1156,"International Journal of Automotive Technology and Management","Inderscience Enterprises Ltd",1112.43,511,65.9,1096,1044,1199
1157,"Asia-Pacific Sustainable Development Journal","United Nations Economic and Social Commission for Asia and the Pacific (ESCAP)",1113.17,311,65.9,1062,980,1087
1158,"Journal of Central Banking Theory and Practice","Central bank of Montenegro",1115.08,370,65.8,1105,1194,1186
1159,"Post-Soviet Affairs","Taylor & Francis Journals",1115.44,346,65.8,1201,909,1389
1160,"Accounting Perspectives","John Wiley & Sons",1116.56,225,65.8,986,1235,1173
1161,"Review of Economics & Finance, Better Advances Press","Canada",1117.17,260,65.8,1023,1134,1078
1162,"Journal of Criminal Justice","Elsevier",1120.27,2805,65.7,1374,1087,888
1163,"The Regional Economist","Federal Reserve Bank of St. Louis",1120.97,808,65.7,1546,775,1215
1164,"International Journal of Banking, Accounting and Finance","Inderscience Enterprises Ltd",1121.55,297,65.7,1158,1010,1270
1165,"Journal of Food Distribution Research","Food Distribution Research Society",1121.92,2110,65.6,1349,1356,758
1166,"Journal of Quantitative Analysis in Sports","De Gruyter",1121.97,547,65.6,1175,1019,1117
1167,"Society and Economy, Akadémiai Kiadó","Hungary",1124.04,599,65.6,1309,1064,1205
1168,"DIW Wochenbericht, DIW Berlin","German Institute for Economic Research",1126.24,4376,65.5,1564,1156,838
1169,"East Asian Economic Review","Korea Institute for International Economic Policy",1126.42,462,65.5,1338,860,1290
1170,"Journal of Behavioral Economics for Policy","Society for the Advancement of Behavioral Economics (SABE)",1127.05,174,65.5,1364,842,1639
1171,"Economic Research Guardian","Mutascu Publishing",1127.34,153,65.5,1052,1116,1354
1172,"SAGE Open","",1127.43,9441,65.4,1434,1901,596
1173,"Advances in Data Analysis and Classification","Springer;German Classification Society - Gesellschaft für Klassifikation (GfKl);Japanese Classification Society (JCS);Classification and Data Analysis Group of the Italian Statistical Society (CLADAG);International Federation of Classification Societies (IFCS)",1128.89,536,65.4,1073,1324,970
1174,"China Journal of Accounting Studies","Taylor & Francis Journals",1130.34,303,65.4,1275,1148,1674
1175,"Supreme Court Economic Review","University of Chicago Press",1130.4,98,65.3,1415,710,1787
1176,"Institutions and Economies (formerly known as International Journal of Institutions and Economies), Faculty of Economics and Administration","University of Malaya",1130.62,201,65.3,956,1192,1254
1177,"Electronic Commerce Research","Springer",1130.78,762,65.3,1123,1482,985
1178,"Global Journal of Flexible Systems Management","Springer;Global Institute of Flexible Systems Management",1131.38,360,65.2,910,1683,1185
1179,"Food Research Institute Studies, Stanford University","Food Research Institute",1132.06,242,65.2,1101,937,949
1180,"International Journal of Agricultural Resources, Governance and Ecology","Inderscience Enterprises Ltd",1132.2,393,65.2,946,1214,1094
1181,"International Journal of Computational Economics and Econometrics","Inderscience Enterprises Ltd",1132.51,459,65.2,1320,931,1537
1182,"International Journal of Sustainable Development","Inderscience Enterprises Ltd",1133.69,627,65.1,973,1326,1125
1183,"The International Journal of Business and Finance Research","The Institute for Business and Finance Research",1136.19,421,65.1,998,1237,1100
1184,"Information Technology & Tourism","Springer",1136.78,335,65.1,955,1628,1181
1185,"Competition and Regulation in Network Industries","",1137.07,599,65,1205,1109,975
1186,"Modern Finance","Modern Finance Institute",1138.15,52,65,1182,1307,1765
1187,"International Journal of Innovation and Sustainable Development","Inderscience Enterprises Ltd",1138.61,512,65,987,1480,1036
1188,"Homo Oeconomicus: Journal of Behavioral and Institutional Economics","Springer",1139.26,602,65,1416,873,1122
1189,"Journal of African Trade","Springer",1141.22,64,64.9,1113,1308,1769
1190,"European Journal of Interdisciplinary Studies","Bucharest Economic Academy",1147.41,215,64.9,1063,944,1172
1191,"American Sociological Review","",1148.56,166,64.9,1496,965,2047
1192,"International Journal of Financial Research, International Journal of Financial Research","Sciedu Press",1149.47,1060,64.8,1270,1306,1137
1193,"Entrepreneurial Business and Economics Review","Centre for Strategic and International Entrepreneurship at the Cracow University of Economics.",1150.11,192,64.8,835,1535,1253
1194,"PLOS Computational Biology","Public Library of Science",1151.48,4034,64.8,1370,1591,682
1195,"Revista de Historia Económica / Journal of Iberian and Latin American Economic History","Cambridge University Press",1151.52,1608,64.7,1698,969,997
1196,"Journal of Global Scholars of Marketing Science","Taylor & Francis Journals",1152.76,431,64.7,1008,1463,1101
1197,"Review of Market Integration","India Development Foundation",1153.23,156,64.7,1352,791,1634
1198,"Monetary Trends","Federal Reserve Bank of St. Louis",1153.45,134,64.7,1446,619,2022
1199,"Journal of Statistical and Econometric Methods","SCIENPRESS Ltd",1156.11,238,64.6,982,1375,1660
1200,"Emerging Economy Studies","International Management Institute",1157.24,106,64.6,1053,1108,1470
1201,"Scandinavian Actuarial Journal","Taylor & Francis Journals",1158.54,790,64.6,1303,1277,1323
1202,"Journal of East European Management Studies","Nomos Verlagsgesellschaft mbH & Co. KG",1161.74,514,64.5,891,1491,1038
1203,"Journal of Scheduling","Springer",1161.74,404,64.5,1039,1503,1096
1204,"Development","Palgrave Macmillan;Society for International Deveopment",1162.82,1836,64.5,1433,1443,756
1205,"Revue d'Etudes en Agriculture et Environnement","Editions NecPlus",1166.63,119,64.5,929,1316,1244
1206,"ifo Schnelldienst","ifo Institute - Leibniz Institute for Economic Research at the University of Munich",1166.85,4746,64.4,1775,1329,890
1207,"International Journal of Modern Physics C (IJMPC)","World Scientific Publishing Co. Pte. Ltd.",1167.85,4638,64.4,1607,1672,761
1208,"Journal of Environmental Studies and Sciences","Springer;Association of Environmental Studies and Sciences",1167.99,977,64.4,1199,1295,1053
1209,"Revue d'économie régionale et urbaine","Armand Colin",1168.88,1071,64.3,1372,1178,1221
1210,"Politics, Philosophy & Economics","",1168.93,490,64.3,1631,801,1295
1211,"Regional Studies, Regional Science","Taylor & Francis Journals",1169.03,395,64.3,1160,1266,1399
1212,"Cogent Business & Management","Taylor & Francis Journals",1169.25,3435,64.2,1244,1762,796
1213,"Internet Policy Review: Journal on Internet Regulation, Alexander von Humboldt Institute for Internet and Society (HIIG)","Berlin",1169.48,398,64.2,1174,1302,1189
1214,"Resources","MDPI",1171.18,1408,64.2,1138,1897,929
1215,"European Journal of Ageing","Springer",1171.85,548,64.2,1163,1303,1201
1216,"Advances in Decision Sciences, Asia University","Taiwan",1172.78,201,64.1,951,1386,1649
1217,"Review of Applied Economics, Lincoln University","Department of Financial and Business Systems",1178.23,80,64.1,1042,906,1613
1218,"Land","MDPI",1179.03,11603,64.1,1324,2109,651
1219,"SPP Research Papers, The School of Public Policy","University of Calgary",1179.55,353,64,1304,880,1517
1220,"Journal of Economics Bibliography","KSP Journals",1179.59,155,64,1040,1171,1249
1221,"International Journal of Information Technology & Decision Making (IJITDM)","World Scientific Publishing Co. Pte. Ltd.",1179.6,1357,64,1156,1714,829
1222,"Quarterly Report on the Euro Area (QREA), Directorate General Economic and Financial Affairs (DG ECFIN)","European Commission",1180.09,180,64,1361,874,1830
1223,"The American Economist","Sage Publications",1181.73,1810,63.9,1759,1047,936
1224,"Journal of Economic Development, Environment and People","Alliance of Central-Eastern European Universities",1183.33,205,63.9,1203,1253,1844
1225,"Contemporary Economics","Vizja University",1185.17,560,63.9,1167,1417,1119
1226,"India Quarterly: A Journal of International Affairs","",1185.64,3030,63.8,2430,1250,1598
1227,"Global Crime","Taylor & Francis Journals",1185.93,499,63.8,1360,995,1198
1228,"System Dynamics Review","System Dynamics Society",1186.08,282,63.8,1002,1497,1268
1229,"International Journal of Critical Infrastructure Protection","Elsevier",1186.31,487,63.7,988,1685,1033
1230,"Asian Review of Accounting","Emerald Group Publishing Limited",1187.21,571,63.7,1041,1636,1040
1231,"Journal of Financial Reporting and Accounting","Emerald Group Publishing Limited",1187.25,499,63.7,1036,1633,1197
1232,"Journal of Property Investment & Finance","Emerald Group Publishing Limited",1189.15,880,63.7,1164,1346,1050
1233,"Future Business Journal","Springer",1191.53,801,63.6,1198,1669,1046
1234,"Coyuntura Económica","Fedesarrollo",1192.1,675,63.6,1348,1027,1044
1235,"International Journal of Economic Sciences","European Research Center",1192.28,189,63.6,909,1405,1484
1236,"Business and Economic Horizons (BEH)","Prague Development Center (PRADEC)",1192.39,522,63.5,1057,1297,1114
1237,"The Indian Journal of Labour Economics","Springer;The Indian Society of Labour Economics (ISLE)",1192.44,542,63.5,1308,1165,1308
1238,"Cahiers d'Economie et de Sociologie Rurales (CESR)","Institut National de la Recherche Agronomique (INRA)",1192.88,514,63.5,1132,1224,1037
1239,"Review of Agricultural, Food and Environmental Studies","Springer",1192.96,1016,63.4,1075,1331,1437
1240,"Europe-Asia Studies","Taylor & Francis Journals",1193.01,4733,63.4,1811,1168,839
1241,"Economia","ANPEC - AssociaÃ§Ã£o Nacional dos Centros de PÃ³s-GraduaÃ§Ã£o em Economia [Brazilian Association of Graduate Programs in Economics]",1193.09,450,63.4,1263,1076,1194
1242,"Asian Economic and Financial Review","Asian Economic and Social Society",1193.8,1341,63.4,1144,1797,883
1243,"Environment Systems and Decisions","Springer",1193.96,1430,63.3,1177,1588,885
1244,"Managing Global Transitions, University of Primorska","Faculty of Management Koper",1194.35,356,63.3,999,1449,1089
1245,"Applied Econometrics","Russian Presidential Academy of National Economy and Public Administration (RANEPA)",1194.61,540,63.3,1256,1117,1115
1246,"ERSA Working Paper Series","Economic Research Southern Africa",1194.66,139,63.2,2123,1069,1802
1247,"International Review of Economics Education","Elsevier",1196.01,274,63.2,1207,1264,1377
1248,"Foresight and STI Governance","National Research University Higher School of Economics",1197.63,878,63.2,1161,1650,1049
1249,"Amber Waves:The Economics of Food, Farming, Natural Resources, and Rural America, United States Department of Agriculture","Economic Research Service",1197.65,1354,63.2,1520,1145,884
1250,"Mobilities","Taylor & Francis Journals",1199.8,777,63.1,1111,1483,986
1251,"Economic Roundup, The Treasury","Australian Government",1200.6,127,63.1,1047,902,1474
1252,"Child Indicators Research","Springer;The International Society of Child Indicators (ISCI)",1201.09,1028,63.1,1254,1487,1055
1253,"Service Science","INFORMS",1201.35,348,63,1222,1500,1021
1254,"Planning Practice & Research","Taylor & Francis Journals",1202.15,615,63,1051,1563,976
1255,"The Region","Federal Reserve Bank of Minneapolis",1202.26,356,63,1524,709,1392
1256,"Business & Economic Review, Institute of Management Sciences, Peshawar","Pakistan",1203.51,178,62.9,1003,1361,1362
1257,"Economia Internazionale / International Economics","Camera di Commercio Industria Artigianato Agricoltura di Genova",1203.67,1003,62.9,1410,1144,990
1258,"Planning Theory & Practice","Taylor & Francis Journals",1204.57,660,62.9,1045,1504,1043
1259,"Asia-Pacific Journal of Operational Research (APJOR)","World Scientific Publishing Co. Pte. Ltd.",1204.76,1144,62.9,1118,1471,993
1260,"REGION","European Regional Science Association",1206.34,194,62.8,1140,1055,1485
1261,"Journal of Financial Regulation and Compliance","Emerald Group Publishing Limited",1207.25,1020,62.8,1373,1257,1054
1262,"Chinese Economy","Taylor & Francis Journals",1209.51,1453,62.8,1467,1146,931
1263,"4OR","Springer",1211.87,293,62.7,1070,1438,1179
1264,"International Journal of Green Economics","Inderscience Enterprises Ltd",1213.6,423,62.7,1188,1321,1283
1265,"FinTech","MDPI",1214.62,175,62.7,1329,1309,1640
1266,"METRON","Springer;Sapienza Università di Roma",1214.84,312,62.7,1153,1203,1384
1267,"RAUSP Management Journal","Emerald Group Publishing Limited",1219.5,181,62.6,1202,1362,1481
1268,"Acta Oeconomica, Akadémiai Kiadó","Hungary",1220.18,516,62.6,1209,1275,1200
1269,"Applied Research in Quality of Life","Springer;International Society for Quality-of-Life Studies",1222.72,1143,62.6,1249,1421,1142
1270,"Pakistan Journal of Applied Economics","Applied Economics Research Centre",1223.33,248,62.5,1091,1152,1264
1271,"Revue d'économie financière","Association d'économie financière",1223.57,3430,62.5,2030,1123,1233
1272,"Entrepreneurship Research Journal","De Gruyter",1223.61,388,62.5,1336,1155,1092
1273,"Revista de Economía Institucional","Universidad Externado de Colombia - Facultad de Economía",1224.17,638,62.4,1457,1128,1313
1274,"Energy Economics Letters","Asian Economic and Social Society",1225.77,87,62.4,997,1531,1615
1275,"International Journal of Accounting & Information Management","Emerald Group Publishing Limited",1227.68,436,62.4,1233,1631,1284
1276,"Estey Centre Journal of International Law and Trade Policy","Estey Centre for Law and Economics in International Trade",1227.73,211,62.4,1206,928,1256
1277,"International Journal of Emerging Markets","Emerald Group Publishing Limited",1228.12,1379,62.3,1323,1644,1227
1278,"Revista de Contabilidad - Spanish Accounting Review","Elsevier",1228.45,118,62.3,895,1429,1472
1279,"Water International","Taylor & Francis Journals",1228.92,948,62.3,1129,1485,1052
1280,"Economic Analysis","Economic and Social Research Institute (ESRI)",1232.41,165,62.2,1345,908,2046
1281,"International Journal of Business Governance and Ethics","Inderscience Enterprises Ltd",1232.72,422,62.2,1185,1274,1191
1282,"International Journal of Financial Engineering (IJFE)","World Scientific Publishing Co. Pte. Ltd.",1233.71,498,62.2,1280,1368,1299
1283,"Statistics & Risk Modeling","De Gruyter",1234.92,763,62.1,1394,1188,1045
1284,"Natural Resources Forum","Blackwell Publishing",1238.38,1798,62.1,1355,1606,833
1285,"Publius: The Journal of Federalism","CSF Associates Inc.",1238.97,868,62.1,1492,1196,1047
1286,"Journal of Statistical Distributions and Applications","Springer",1239.19,85,62.1,1130,1124,1779
1287,"International Journal of Sport Finance","Fitness Information Technology",1239.67,225,62,1538,1185,849
1288,"Economic Affairs","Wiley Blackwell",1240.03,1639,62,1585,1296,998
1289,"Bio-based and Applied Economics Journal","Italian Association of Agricultural and Applied Economics (AIEAA)",1240.53,138,62,1173,1372,1248
1290,"Korean Economic Review","Korean Economic Association",1241.72,679,61.9,1660,997,1209
1291,"Systems Research and Behavioral Science","Wiley Blackwell",1242.51,1159,61.9,1166,1688,994
1292,"The Review of Finance and Banking, Academia de Studii Economice din Bucuresti, Romania / Facultatea de Finante, Asigurari","Banci si Burse de Valori / Catedra de Finante",1243.64,146,61.9,1055,1384,1353
1293,"Journal for Economic Educators, Middle Tennessee State University","Business and Economic Research Center",1245.46,72,61.9,1384,851,1773
1294,"International Journal of Financial Services Management","Inderscience Enterprises Ltd",1245.46,239,61.8,1176,1338,1262
1295,"Global Business Review","International Management Institute",1245.63,1636,61.8,1379,1547,934
1296,"Indian Journal of Corporate Governance","",1248.04,221,61.8,1112,1574,1258
1297,"ACCRA","Association francophone de comptabilité",1248.08,664,61.7,1302,1452,979
1298,"International Journal of Disclosure and Governance","Palgrave Macmillan",1248.14,302,61.7,1108,1741,1271
1299,"Gender, Work and Organization","Wiley Blackwell",1248.25,1265,61.7,1421,1314,1143
1300,"Corporate Reputation Review","Palgrave Macmillan",1249.2,211,61.6,1122,1601,1370
1301,"Administrative Sciences","MDPI",1249.88,1811,61.6,1238,1899,937
1302,"L'industria","Società editrice il Mulino",1252.08,1115,61.6,1695,1046,1141
1303,"Journal of Global Fashion Marketing","Taylor & Francis Journals",1252.13,384,61.6,1213,1539,1396
1304,"Quarterly selection of articles - Bulletin de la Banque de France","Banque de France",1253.38,226,61.5,1559,889,1655
1305,"Journal of Marketing for Higher Education","Taylor & Francis Journals",1253.48,493,61.5,1097,1542,1035
1306,"Annals of Spiru Haret University, Economic Series","Universitatea Spiru Haret",1253.87,404,61.5,1451,1397,1281
1307,"Regional and Sectoral Economic Studies","Euro-American Association of Economic Development",1254.86,465,61.4,1229,1310,1196
1308,"Intelligent Systems in Accounting, Finance and Management, John Wiley & Sons","Ltd.",1256.83,500,61.4,1363,1223,1301
1309,"Reflets et perspectives de la vie économique","De Boeck Université",1257.52,587,61.4,1582,1011,1204
1310,"International Journal of Public Policy","Inderscience Enterprises Ltd",1258.43,388,61.4,1234,1320,1278
1311,"Journal of Business Valuation and Economic Loss Analysis","De Gruyter",1259.05,126,61.3,1568,769,1795
1312,"European Journal of Management and Business Economics","Emerald Group Publishing Limited",1259.64,201,61.3,1162,1600,1648
1313,"Revue d’économie du développement","De Boeck Université",1261.23,477,61.3,1358,1149,1411
1314,"International Journal on Food System Dynamics, International Center for Management, Communication","and Research",1261.68,360,61.2,1100,1556,1090
1315,"Journal of Historical Political Economy","now publishers",1262.12,91,61.2,1716,1035,1993
1316,"Fuzzy Optimization and Decision Making","Springer",1262.21,248,61.2,1049,1778,1263
1317,"QA - Rivista dell'Associazione Rossi-Doria","Associazione Rossi Doria",1265.71,297,61.1,1577,922,1671
1318,"Water Economics and Policy (WEP)","World Scientific Publishing Co. Pte. Ltd.",1266.89,382,61.1,1334,1139,1395
1319,"Economies et Sociétés (Serie 'Histoire Economique Quantitative')","Association Française de Cliométrie (AFC)",1269.67,128,61.1,1437,733,2020
1320,"Policy and Society","Darryl S. Jarvis and M. Ramesh",1270.74,157,61.1,1172,1516,1815
1321,"Journal of Advances in Management Research","Emerald Group Publishing Limited",1270.98,474,61,1103,1750,1109
1322,"Journal of Population Research","Springer",1271.24,263,61,1297,1157,1499
1323,"Revista Economía","Fondo Editorial - Pontificia Universidad Católica del Perú",1272.15,437,61,1697,1008,1536
1324,"EuroChoices","The Agricultural Economics Society",1272.16,586,60.9,1220,1562,1120
1325,"Research in World Economy, Research in World Economy","Sciedu Press",1275.72,269,60.9,1208,1437,1267
1326,"Insights into Regional Development","VsI Entrepreneurship and Sustainability Center",1276.04,243,60.9,950,1864,1076
1327,"Forecasting","MDPI",1277.41,327,60.9,1289,1499,1273
1328,"International Journal of Globalisation and Small Business","Inderscience Enterprises Ltd",1278.72,264,60.8,1128,1495,1266
1329,"WSI-Mitteilungen","Nomos Verlagsgesellschaft mbH & Co. KG",1278.75,1284,60.8,1534,1176,1225
1330,"Journal of Global Information Technology Management","Taylor & Francis Journals",1279.56,682,60.8,1196,1564,1127
1331,"Journal of Advanced Studies in Finance","ASERS Publishing",1280.17,91,60.7,1116,1048,1616
1332,"Journal of Combinatorial Optimization","Springer",1280.65,2685,60.7,1483,1798,835
1333,"Australian & New Zealand Journal of Statistics","Australian Statistical Publishing Association Inc.",1281.85,71,60.7,1079,936,1772
1334,"European Journal of Innovation Management","Emerald Group Publishing Limited",1283.47,1101,60.6,1469,1796,1138
1335,"Economic Annals, Faculty of Economics and Business","University of Belgrade",1286.26,499,60.6,1333,1216,1300
1336,"Economía Mexicana NUEVA ÉPOCA, CIDE","División de Economía",1287.08,278,60.6,1555,808,1866
1337,"Entrepreneurship and Sustainability Issues","VsI Entrepreneurship and Sustainability Center",1287.11,1408,60.6,1157,1896,928
1338,"Financial Stability Review","Banco de España",1288.66,96,60.5,1557,975,1998
1339,"Operational Research","Springer",1289.14,853,60.5,1180,1712,1217
1340,"Indian Journal of Agricultural Economics","Indian Society of Agricultural Economics",1289.19,3170,60.5,1712,1393,889
1341,"Journal of Infrastructure Development","India Development Foundation",1290.14,134,60.4,1328,1090,1475
1342,"Information Technology and Management","Springer",1292.77,226,60.4,1189,1478,1371
1343,"Economic Bulletin","Federal Reserve Bank of Kansas City",1292.87,142,60.4,1964,831,2308
1344,"Journal of Global History","Cambridge University Press",1293.07,674,60.3,1822,1006,1318
1345,"Meditari Accountancy Research","Emerald Group Publishing Limited",1294.87,586,60.3,1235,1881,1203
1346,"Statistica, Department of Statistics","University of Bologna",1294.91,1253,60.3,1371,1279,1329
1347,"The Economic and Labour Relations Review","",1297.84,975,60.3,1464,1218,1133
1348,"International Journal of Housing Markets and Analysis","Emerald Group Publishing Limited",1297.88,731,60.2,1339,1352,1212
1349,"Journal of Housing Research","Taylor & Francis Journals",1298.8,334,60.2,1835,1043,1513
1350,"Journal of Trust Research","Taylor & Francis Journals",1299.5,180,60.2,1236,1234,1480
1351,"Higher Education Management and Policy","OECD Publishing",1299.5,242,60.1,1171,1186,1373
1352,"Journal of Economics and Political Economy","KSP Journals",1300.32,198,60.1,1287,1083,1487
1353,"International Journal of Social Welfare","John Wiley & Sons",1300.36,164,60.1,1230,1209,1637
1354,"Policy Hub","Federal Reserve Bank of Atlanta",1301.51,68,60.1,2070,917,2244
1355,"International Journal of Integrated Supply Management","Inderscience Enterprises Ltd",1301.97,293,60,1121,1498,1269
1356,"International Journal of Monetary Economics and Finance","Inderscience Enterprises Ltd",1305.61,538,60,1382,1325,1306
1357,"Journal of Reviews on Global Economics","Lifescience Global",1305.75,336,60,1241,1254,1387
1358,"Public Organization Review","Springer",1306.01,923,59.9,1327,1505,1051
1359,"Information Resources Management Journal (IRMJ)","IGI Global Scientific Publishing",1306.17,674,59.9,1190,1584,1126
1360,"jbm - Journal of Business Market Management, Free University Berlin","Marketing Department",1306.65,54,59.9,922,1612,1766
1361,"Migration Letters","Migration Letters",1307.61,666,59.8,1429,1269,1207
1362,"Journal of Marketing Behavior","now publishers",1308.87,70,59.8,1224,1030,1980
1363,"Journal of Official Statistics","Sciendo",1309.35,508,59.8,1821,962,1540
1364,"Journal of Economic and Administrative Sciences","Emerald Group Publishing Limited",1310.23,426,59.8,1219,1784,1192
1365,"International Journal of Knowledge-Based Development","Inderscience Enterprises Ltd",1311.06,271,59.7,1148,1318,1376
1366,"AStA Wirtschafts- und Sozialstatistisches Archiv","Springer;Deutsche Statistische Gesellschaft - German Statistical Society",1311.22,362,59.7,1571,961,1520
1367,"Forum for Social Economics","Taylor & Francis Journals",1314.17,897,59.7,1445,1271,1327
1368,"The Patient: Patient-Centered Outcomes Research","Springer;International Academy of Health Preference Research",1314.36,852,59.6,1399,1380,1130
1369,"SN Business & Economics","Springer",1317.15,1102,59.6,1593,1586,1139
1370,"International Journal of Accounting, Auditing and Performance Evaluation","Inderscience Enterprises Ltd",1318.2,494,59.6,1221,1451,1296
1371,"INRAE Sciences Sociales, Institut national de recherche pour l'agriculture, l'alimentation et l'environnement (INRAE), Departement Sciences Sociales, Agriculture et Alimentation","Espace et Environnement (SAE2)",1323.3,290,59.6,1781,982,2383
1372,"International Journal of Islamic and Middle Eastern Finance and Management","Emerald Group Publishing Limited",1323.42,657,59.5,1388,1639,1316
1373,"Zbornik radova Ekonomskog fakulteta u Rijeci/Proceedings of Rijeka Faculty of Economics, University of Rijeka","Faculty of Economics and Business",1323.55,289,59.5,1133,1448,1379
1374,"AEI Economic Perspectives","American Enterprise Institute",1323.81,57,59.5,1854,681,2233
1375,"International Journal of Economics & Business Administration (IJEBA)","International Journal of Economics & Business Administration (IJEBA)",1324.23,879,59.4,1300,1950,924
1376,"El Trimestre Económico","Fondo de Cultura Económica",1324.48,1130,59.4,1648,1099,1222
1377,"Landscape Research","Taylor & Francis Journals",1326.18,1071,59.4,1137,1890,992
1378,"International Journal of Revenue Management","Inderscience Enterprises Ltd",1326.63,297,59.3,1242,1409,1506
1379,"South East European Journal of Economics and Business","Sciendo",1328.34,351,59.3,1273,1413,1391
1380,"Social and Environmental Accountability Journal","Taylor & Francis Journals",1329.98,468,59.3,1243,1603,1107
1381,"Journal of Urban Design","Taylor & Francis Journals",1331.18,839,59.3,1193,1792,988
1382,"Enterprise & Society","Cambridge University Press",1332.11,2165,59.2,2048,1205,1147
1383,"Bulletin de la Banque de France","Banque de France",1333,843,59.2,1847,974,1427
1384,"Journal of Marketing Analytics","Palgrave Macmillan",1333.58,388,59.2,1239,1746,1397
1385,"Review of Evolutionary Political Economy","Springer",1334.41,167,59.1,1490,1407,1819
1386,"EEAG Report on the European Economy","CESifo",1335.42,193,59.1,1595,834,1836
1387,"International Journal of Innovation and Technology Management (IJITM)","World Scientific Publishing Co. Pte. Ltd.",1336.18,1023,59.1,1283,1687,1220
1388,"Journal of Agricultural Economics Research, United States Department of Agriculture","Economic Research Service",1336.8,671,59,1565,1419,980
1389,"Journal of Entrepreneurship, Management and Innovation","Fundacja Upowszechniająca Wiedzę i Naukę ""Cognitione""",1337.67,368,59,1149,1665,1393
1390,"Journal of Social and Economic Development","Springer;Institute for Social and Economic Change",1338.23,482,59,1391,1406,1293
1391,"Global Business and Economics Review","Inderscience Enterprises Ltd",1339.37,961,59,1494,1469,1132
1392,"Organizations and Markets in Emerging Economies, Faculty of Economics","Vilnius University",1339.43,126,58.9,1026,1532,1623
1393,"Environmetrics, John Wiley & Sons","Ltd.",1339.51,723,58.9,1318,1327,1211
1394,"International Planning Studies","Taylor & Francis Journals",1339.76,428,58.9,1131,1630,1193
1395,"Journal of Computational Social Science","Springer",1341.2,461,58.8,1532,1390,1409
1396,"Wirtschaftsdienst","Sciendo",1342.54,8104,58.8,1939,1592,941
1397,"Review of Economic and Business Studies, Alexandru Ioan Cuza University","Faculty of Economics and Business Administration",1342.96,376,58.8,1380,1319,1275
1398,"Journal of Business and Socio-economic Development","Emerald Group Publishing Limited",1343.44,89,58.8,1228,1654,1783
1399,"Journal of Rural Cooperation, Hebrew University","Center for Agricultural Economic Research",1344.57,235,58.7,1109,1387,1372
1400,"The Engineering Economist","Taylor & Francis Journals",1344.86,306,58.7,1340,1300,1509
1401,"European Journal of Economic and Social Systems","Lavoisier",1349.51,149,58.7,1292,1070,1805
1402,"History of Economic Ideas, Fabrizio Serra Editore","Pisa - Roma",1351.54,638,58.6,1570,1276,1314
1403,"Revista de Estabilidad Financiera","Banco de España",1352.9,97,58.6,1604,991,1999
1404,"Journal of Applied Economic Sciences, Spiru Haret University","Faculty of Financial Management and Accounting Craiova",1353.31,211,58.6,1226,1126,1653
1405,"Asia-Pacific Journal of Risk and Insurance","De Gruyter",1353.33,219,58.5,1462,972,1489
1406,"Naval Research Logistics Quarterly","John Wiley & Sons",1353.45,1009,58.5,1441,1486,880
1407,"Publications","MDPI",1353.99,539,58.5,1197,1829,1307
1408,"EURO Journal on Decision Processes","Springer;EURO - The Association of European Operational Research Societies",1354.11,67,58.5,1107,1370,1770
1409,"International Journal of Low-Carbon Technologies","Oxford University Press",1354.51,1151,58.4,1294,2025,1056
1410,"Financial Update","Federal Reserve Bank of Atlanta",1355.23,461,58.4,1829,903,1195
1411,"Romanian Economic Journal","Department of International Business and Economics from the Academy of Economic Studies Bucharest",1355.42,590,58.4,1282,1709,1121
1412,"South Asian Journal of Macroeconomics and Public Finance","",1355.66,149,58.3,1342,1262,1632
1413,"Applied Stochastic Models and Data Analysis","John Wiley & Sons",1357.28,342,58.3,1366,1137,1388
1414,"Theoretical and Applied Economics","Asociatia Generala a Economistilor din Romania / Editura Economica",1358.33,2880,58.3,1528,1761,939
1415,"Journal of Accounting in Emerging Economies","Emerald Group Publishing Limited",1359.12,354,58.3,1258,1823,1518
1416,"Complexity","Hindawi",1359.78,6770,58.2,1493,2034,840
1417,"RAE - Revista de Administração de Empresas","FGV-EAESP Escola de Administração de Empresas de São Paulo (Brazil)",1359.89,2884,58.2,2519,1426,1763
1418,"International Journal of Behavioural Accounting and Finance","Inderscience Enterprises Ltd",1363.39,142,58.2,1306,1202,1478
1419,"Community Development","Taylor & Francis Journals",1366.9,939,58.1,1377,1585,1131
1420,"L'Actualité Economique","Société Canadienne de Science Economique",1367.91,1469,58.1,1871,1001,1334
1421,"Journal of Gambling Business and Economics","University of Buckingham Press",1368.64,129,58.1,1319,1068,1797
1422,"International Journal of Corporate Governance","Inderscience Enterprises Ltd",1368.76,213,58,1321,1172,1845
1423,"Journal of Accounting Education","Elsevier",1375.41,391,58,1237,1576,1279
1424,"Eastern Journal of European Studies, Centre for European Studies","Alexandru Ioan Cuza University",1376,458,58,1330,1580,1289
1425,"International Journal of Management and Network Economics","Inderscience Enterprises Ltd",1376.22,70,58,1088,1272,1607
1426,"African Journal of Economic and Management Studies","Emerald Group Publishing Limited",1377.04,452,57.9,1412,1876,1408
1427,"Review of Economic Perspectives","Sciendo",1378.74,262,57.9,1543,1339,1498
1428,"ECONOMICS AND POLICY OF ENERGY AND THE ENVIRONMENT","FrancoAngeli Editore",1378.85,343,57.9,1383,1461,1182
1429,"Romanian Journal of Regional Science","Romanian Regional Science Association",1379.19,205,57.8,1274,1263,1488
1430,"Agriculture","MDPI",1379.45,12131,57.8,1671,2464,729
1431,"Russian Journal of Money and Finance","Bank of Russia",1379.52,167,57.8,1465,1133,1820
1432,"Asia-Pacific Journal of Regional Science","Springer",1381.14,420,57.8,1353,1602,1403
1433,"The ANNALS of the American Academy of Political and Social Science","",1381.42,10180,57.7,2664,1763,841
1434,"International Journal of Economic Policy in Emerging Economies","Inderscience Enterprises Ltd",1382.82,666,57.7,1444,1391,1317
1435,"Nankai Business Review International","Emerald Group Publishing Limited",1384.15,403,57.7,1253,1578,1402
1436,"Social Sciences","MDPI",1385.39,4356,57.6,1658,1839,837
1437,"The Japanese Political Economy","Taylor & Francis Journals",1386.37,853,57.6,1889,999,1428
1438,"Asian Journal of Agriculture and Development","Southeast Asian Regional Center for Graduate Study and Research in Agriculture (SEARCA)",1386.94,384,57.6,1299,1315,1277
1439,"Public Administration & Development","Blackwell Publishing",1387.73,705,57.5,1626,1312,1210
1440,"Journal of Intelligent Manufacturing","Springer",1387.97,1713,57.5,1316,1835,999
1441,"Revue française de gestion","Lavoisier",1390.07,1832,57.5,1586,1607,1230
1442,"Revue économique de l'OCDE","Éditions OCDE",1391.79,52,57.5,1634,798,2223
1443,"Rivista di statistica ufficiale, ISTAT - Italian National Institute of Statistics - (Rome","ITALY)",1391.97,83,57.4,1368,1207,1777
1444,"Journal of Heuristics","Springer",1393.12,302,57.4,1223,1627,1381
1445,"Notas Económicas, Faculty of Economics","University of Coimbra",1393.89,192,57.4,1513,1163,1835
1446,"European Journal of Industrial Engineering","Inderscience Enterprises Ltd",1394.05,670,57.3,1266,1756,1208
1447,"International Journal of Economics and Finance","Canadian Center of Science and Education",1395.52,1455,57.3,1498,1488,1228
1448,"Croatian Economic Survey, The Institute of Economics","Zagreb",1395.8,121,57.3,1317,1182,1620
1449,"Nationaløkonomisk tidsskrift","Nationaløkonomisk Forening",1396.59,307,57.2,2088,1016,1876
1450,"ifo Schnelldienst Digital","ifo Institute - Leibniz Institute for Economic Research at the University of Munich",1397.01,85,57.2,1486,1226,1988
1451,"Global Journal of Business Research","The Institute for Business and Finance Research",1397.59,470,57.2,1286,1416,1410
1452,"Revista de Economía y Estadística, Universidad Nacional de Córdoba, Facultad de Ciencias Económicas","Instituto de Economía y Finanzas",1397.7,156,57.2,1673,967,1813
1453,"Géographie, économie, société","Lavoisier",1398.74,451,57.1,1430,1521,1407
1454,"International Review on Public and Nonprofit Marketing","Springer;International Association of Public and Non-Profit Marketing",1398.81,398,57.1,1279,1782,1280
1455,"Journal of Political Institutions and Political Economy","now publishers",1401.47,124,57.1,1896,1049,2294
1456,"Applied Economics and Finance","Redfame publishing",1401.5,580,57,1468,1582,1202
1457,"IBT Journal of Business Studies (JBS), Ilma University","Faculty of Management Science",1402.99,301,57,1425,1410,1672
1458,"The Journal of Mathematical Sociology","Taylor & Francis Journals",1403.15,94,57,1680,1181,2276
1459,"Journal of Electronic Commerce in Organizations (JECO)","IGI Global Scientific Publishing",1403.35,417,57,1257,1747,1190
1460,"KDI Journal of Economic Policy","Korea Development Institute (KDI)",1404.11,161,56.9,1641,1113,2327
1461,"Virtual Economics","The London Academy of Science and Business",1404.63,145,56.9,1225,1852,1628
1462,"International Journal of Management and Decision Making","Inderscience Enterprises Ltd",1405.18,569,56.9,1414,1402,1309
1463,"Journal of Public Procurement","Emerald Group Publishing Limited",1406.1,385,56.8,1497,1450,1527
1464,"Journal of Entrepreneurship and Innovation in Emerging Economies","Entrepreneurship Development Institute of India",1406.69,969,56.8,1556,1287,1328
1465,"Australian Bulletin of Labour","National Institute of Labour Studies",1407.07,377,56.8,1231,1236,1687
1466,"Voprosy obrazovaniya / Educational Studies Moscow","National Research University Higher School of Economics",1407.56,1048,56.7,1720,1641,1581
1467,"Ensayos Económicos, Central Bank of Argentina","Economic Research Department",1409.93,181,56.7,1923,943,1482
1468,"Clean Technol.","MDPI",1411.63,450,56.7,1310,2006,1287
1469,"Hitotsubashi Journal of commerce and management","Hitotsubashi University",1411.78,185,56.7,1536,1024,1832
1470,"International Journal of Economic Policy Studies","Springer",1412.01,172,56.6,1409,1475,1823
1471,"economic sociology. perspectives and conversations","Max Planck Institute for the Study of Societies",1412.21,447,56.6,1615,1238,1910
1472,"Urban Research & Practice","Taylor & Francis Journals",1416.07,476,56.6,1313,1632,1292
1473,"Journal of King Abdulaziz University: Islamic Economics, King Abdulaziz University","Islamic Economics Institute.",1416.85,575,56.5,1533,1294,1310
1474,"Industrielle Beziehungen. Zeitschrift für Arbeit, Organisation und Management","Verlag Barbara Budrich",1421.43,302,56.5,1606,1094,1673
1475,"Journal of Financial Services Marketing","Palgrave Macmillan",1423.44,369,56.5,1315,1925,1394
1476,"ECONOMIA PUBBLICA","FrancoAngeli Editore",1425.24,546,56.5,1752,1240,1418
1477,"Vikalpa: The Journal for Decision Makers","",1426.36,282,56.4,1278,1661,1378
1478,"Journal of Urbanism: International Research on Placemaking and Urban Sustainability","Taylor & Francis Journals",1426.98,367,56.4,1187,1872,1274
1479,"International Journal of Systems Science","Taylor & Francis Journals",1428.84,3585,56.4,1563,2198,1061
1480,"International Journal of Academic Research in Accounting, Finance and Management Sciences, Human Resource Management Academic Research Society, International Journal of Academic Research in Accounting","Finance and Management Sciences",1429.03,690,56.3,1217,2020,1128
1481,"Revue de la Régulation - Capitalisme, institutions, pouvoirs","Association Recherche et Régulation",1430.58,395,56.3,1463,1415,1529
1482,"Sri Lankan Journal of Agricultural Economics","Sri Lanka Agricultural Economics Association (SAEA)",1431.36,63,56.3,1307,1161,1605
1483,"Rural America/ Rural Development Perspectives, United States Department of Agriculture","Economic Research Service",1431.82,463,56.2,1356,1379,1291
1484,"International Journal of Food and Agricultural Economics (IJFAEC), Alanya Alaaddin Keykubat University","Department of Economics and Finance",1432.16,173,56.2,1403,1518,1252
1485,"The Journal of Comparative Economic Studies (JCES)","The Japanese Society for Comparative Economic Studies (JSCES)",1432.36,56,56.2,1271,1015,1972
1486,"American Journal of Economics and Business Administration","Science Publications",1433.18,307,56.2,1367,1377,1383
1487,"Studies in Agricultural Economics","Research Institute for Agricultural Economics",1433.3,418,56.1,1322,1748,1098
1488,"International Journal of Critical Infrastructures","Inderscience Enterprises Ltd",1433.61,492,56.1,1210,1933,1112
1489,"Accounting and Management Information Systems, Faculty of Accounting and Management Information Systems","The Bucharest University of Economic Studies",1435.23,496,56.1,1248,1751,1297
1490,"Brazilian Review of Finance","Brazilian Society of Finance",1435.54,240,56,1466,1212,1661
1491,"Logistics","MDPI",1436.2,751,56,1369,2095,1214
1492,"Journal of Economic and Financial Studies (JEFS)","LAR Center Press",1436.5,156,56,1325,1434,1635
1493,"European Financial and Accounting Journal","Prague University of Economics and Business",1436.91,261,55.9,1390,1479,1860
1494,"MNB Bulletin (discontinued)","Magyar Nemzeti Bank (Central Bank of Hungary)",1438.25,138,55.9,1401,1125,1801
1495,"International Journal of Managerial and Financial Accounting","Inderscience Enterprises Ltd",1438.91,424,55.9,1296,1666,1534
1496,"La Lettre du CEPII","CEPII research center",1440.17,326,55.9,1668,1031,1881
1497,"Journal of Economic Insight","Missouri Valley Economic Association",1443.24,228,55.8,1638,1072,1657
1498,"Agenda - A Journal of Policy Analysis and Reform, Australian National University, College of Business and Economics","School of Economics",1445.51,794,55.8,1655,1256,1324
1499,"E3 Journal of Business Management and Economics.","E3 Journals",1446.18,128,55.8,1218,1551,1625
1500,"Bank i Kredyt","Narodowy Bank Polski",1446.55,312,55.7,1511,1301,1510
1501,"EconomicDynamics Newsletter","Review of Economic Dynamics",1447.52,87,55.7,2017,720,2270
1502,"Evolutionary and Institutional Economics Review","Springer",1449.02,302,55.7,1542,1340,1507
1503,"Annual Proceedings","The Association for the Study of the Cuban Economy",1449.82,1244,55.7,2275,1166,2203
1504,"Journal of Global Mobility","Emerald Group Publishing Limited",1450.32,269,55.6,1418,1496,1668
1505,"Economic Thought","World Economics Association",1451.05,111,55.6,1432,1221,1617
1506,"International Journal of Management and Marketing Research","The Institute for Business and Finance Research",1454.41,177,55.6,1194,1858,1361
1507,"Australasian Agribusiness Review, University of Melbourne","Department of Agriculture and Food Systems",1454.47,130,55.5,1250,1284,1626
1508,"Theoretical and Practical Research in the Economic Fields","ASERS Publishing",1454.79,149,55.5,1351,1337,1633
1509,"Journal of Cultural Economy","Taylor & Francis Journals",1455.42,944,55.5,1601,1468,1432
1510,"Pacific Accounting Review","Emerald Group Publishing Limited",1457.62,513,55.4,1452,1878,1414
1511,"Iranian Economic Review (IER), Faculty of Economics,University of Tehran.Tehran","Iran",1457.72,435,55.4,1375,1579,1405
1512,"Zagreb International Review of Economics and Business","Sciendo",1458.25,504,55.4,1450,1528,1302
1513,"Mondes en développement","De Boeck Université",1460.1,925,55.4,1736,1484,1431
1514,"Ekonomi-tek - International Economics Journal","Turkish Economic Association",1460.22,59,55.3,1589,1029,2235
1515,"Journal of Economics and Behavioral Studies","AMH International",1460.81,1007,55.3,1438,1794,1134
1516,"Journal of Economics and Management, College of Business, Feng Chia University","Taiwan",1461,154,55.3,1395,1233,1811
1517,"PLOS Neglected Tropical Diseases","Public Library of Science",1461.23,1248,55.2,1627,1355,1224
1518,"WIFO Monatsberichte (monthly reports)","WIFO",1461.55,3773,55.2,2151,1900,1062
1519,"International Journal of Ethics and Systems","Emerald Group Publishing Limited",1461.82,288,55.2,1326,1867,1505
1520,"Asia Pacific Journal of Public Administration","Taylor & Francis Journals",1462.72,402,55.2,1472,1540,1532
1521,"International Journal of Agricultural Management","Institute of Agricultural Management",1462.88,168,55.1,1268,1678,1358
1522,"European Review","Cambridge University Press",1463.61,1758,55.1,1950,1590,1144
1523,"International Journal of Business and Social Research","LAR Center Press",1468.54,1113,55.1,1393,1802,1140
1524,"Polish Journal of Management Studies, Czestochowa Technical University","Department of Management",1469.59,446,55,1295,1930,1286
1525,"Business and Economic Research","Macrothink Institute",1469.61,651,55,1706,1311,1422
1526,"Sociological Research Online","",1471.25,2376,55,1804,1647,1060
1527,"International Gambling Studies","Taylor & Francis Journals",1472.6,622,54.9,1453,1465,1420
1528,"International Journal of Economics and Business Research","Inderscience Enterprises Ltd",1472.83,1054,54.9,1662,1470,1582
1529,"International Journal of Product Development","Inderscience Enterprises Ltd",1472.93,585,54.9,1460,1583,1311
1530,"Far East Journal of Psychology and Business","Far East Research Centre",1473.88,180,54.9,1245,1552,1364
1531,"Journal of Economic and Social Thought","KSP Journals",1474.32,137,54.8,1179,1620,1477
1532,"Rationality, Markets and Morals, Frankfurt School Verlag","Frankfurt School of Finance & Management",1475.18,95,54.8,1636,1065,1997
1533,"Progress in Development Studies","",1475.47,1114,54.8,1875,1442,1441
1534,"International Journal of Transitions and Innovation Systems","Inderscience Enterprises Ltd",1475.87,92,54.7,1312,1493,1784
1535,"Remittances Review","Remittances Review",1476.22,60,54.7,1332,1349,1975
1536,"International Journal of Business Performance Management","Inderscience Enterprises Ltd",1476.4,786,54.7,1473,1711,1322
1537,"Brazilian Journal of Political Economy","Center of Political Economy",1478.56,1852,54.7,2005,1566,1146
1538,"Bulletin of Business and Economics (BBE)","Research Foundation for Humanity (RFH)",1478.7,849,54.6,1699,1888,1216
1539,"International Journal of Energy Technology and Policy","Inderscience Enterprises Ltd",1478.89,531,54.6,1459,1753,1305
1540,"Nordic Tax Journal","Sciendo",1479.35,106,54.6,1824,1003,2005
1541,"Annals of Computational Economics, George Mason University","Mercatus Center",1479.84,148,54.5,1646,1184,2036
1542,"European Research Studies Journal","European Research Studies Journal",1482.33,4099,54.5,1755,2031,940
1543,"Montenegrin Journal of Economics","Economic Laboratory for Transition Research (ELIT)",1483.32,602,54.5,1426,1882,1312
1544,"Estudios Economicos de Desarrollo Internacional","Euro-American Association of Economic Development",1484.8,100,54.4,1335,1333,2002
1545,"Studies in Microeconomics","",1485.96,203,54.4,1690,1210,1650
1546,"International Review of Public Administration","Taylor & Francis Journals",1487.06,650,54.4,1527,1546,1559
1547,"International Area Studies Review, Center for International Area Studies","Hankuk University of Foreign Studies",1487.29,596,54.4,1684,1241,1549
1548,"International Journal of Public Administration","Taylor & Francis Journals",1487.54,1599,54.3,1754,1715,1452
1549,"International Journal of Multicriteria Decision Making","Inderscience Enterprises Ltd",1491.71,157,54.3,1232,1623,1636
1550,"German Journal of Agricultural Economics, Humboldt-Universitaet zu Berlin","Department for Agricultural Economics",1493,2686,54.3,2029,1837,1000
1551,"International Journal of Human Rights and Constitutional Studies","Inderscience Enterprises Ltd",1496.17,92,54.2,1291,1494,1785
1552,"Wirtschaft im Wandel","Halle Institute for Economic Research (IWH)",1497.04,1510,54.2,1872,1381,1229
1553,"Journal of Risk Management in Financial Institutions","Henry Stewart Publications",1497.09,647,54.2,1956,1242,1729
1554,"Canadian Tax Journal","Canadian Tax Foundation",1497.19,302,54.1,1905,1135,1874
1555,"DANUBE: Law and Economics Review","European Association Comenius - EACO",1498.61,160,54.1,1428,1299,1816
1556,"Commodities","MDPI",1498.91,101,54.1,1663,1513,2003
1557,"Journal of International Migration and Integration","Springer",1499.69,968,54.1,1799,1286,1748
1558,"International Journal of Academic Research in Business and Social Sciences, Human Resource Management Academic Research Society","International Journal of Academic Research in Business and Social Sciences",1501.18,1865,54,1620,2028,1059
1559,"Journal of Revenue and Pricing Management","Palgrave Macmillan",1501.4,532,54,1479,1634,1417
1560,"Policy Studies","Taylor & Francis Journals",1502.38,890,54,1734,1467,1573
1561,"International Journal of Entrepreneurial Knowledge","Center for International Scientific Research of VSO and VSPP",1502.39,105,53.9,1115,1972,1789
1562,"Asian Journal of Economic Modelling","Asian Economic and Social Society",1503.8,270,53.9,1378,1626,1502
1563,"Journal of Interdisciplinary Economics","",1503.81,665,53.9,1810,1268,1561
1564,"International Journal of Environmental Technology and Management","Inderscience Enterprises Ltd",1504.79,743,53.9,1548,1757,1321
1565,"International Journal of Innovation and Regional Development","Inderscience Enterprises Ltd",1506.4,85,53.8,1314,1530,2268
1566,"Journal of Accounting & Organizational Change","Emerald Group Publishing Limited",1507.39,525,53.8,1424,1935,1542
1567,"Asian Development Policy Review","Asian Economic and Social Society",1509.56,246,53.8,1514,1701,1496
1568,"International Journal of Business Innovation and Research","Inderscience Enterprises Ltd",1510.16,1185,53.7,1540,1893,1223
1569,"Political Studies Review","Political Studies Association",1511.04,1848,53.7,2171,1608,1145
1570,"Turkish Economic Review","EconSciences Journals",1511.06,268,53.7,1481,1575,1667
1571,"Accounting, Economics, and Law: A Convivium","De Gruyter",1512.34,317,53.6,1677,1388,1511
1572,"DECISION: Official Journal of the Indian Institute of Management Calcutta","Springer;Indian Institute of Management Calcutta",1516.72,344,53.6,1449,1663,1514
1573,"Inside the Vault","Federal Reserve Bank of St. Louis",1516.99,51,53.6,1406,1084,1969
1574,"Revue de l'Entrepreneuriat","De Boeck Université",1519.04,404,53.6,1622,1558,1696
1575,"Revista de Economía y Finanzas (REyF)","Asociación Cuadernos de Economía",1519.66,303,53.5,1686,1270,1508
1576,"Queueing Systems: Theory and Applications","Springer",1519.72,521,53.5,1495,1544,1541
1577,"Population (french edition)","Institut National d'Études Démographiques (INED)",1520.22,798,53.5,1983,1382,1325
1578,"Bulletin de droit nucléaire","Éditions OCDE",1521.6,146,53.4,1447,1433,1629
1579,"Knowledge Management Research & Practice","Taylor & Francis Journals",1521.71,1025,53.4,1598,1795,1438
1580,"Challenges","MDPI",1521.81,517,53.4,1365,2011,1415
1581,"Investigaciones de Historia Económica - Economic History Research (IHE-EHR), Journal of the Spanish Economic History Association","Asociación Española de Historia Económica",1521.92,355,53.4,1891,1154,1887
1582,"REVISTA ADMINISTRATIE SI MANAGEMENT PUBLIC, Faculty of Administration and Public Management, Academy of Economic Studies, Bucharest","Romania",1523.49,249,53.3,1195,2141,1374
1583,"Innovation & Management Review","Emerald Group Publishing Limited",1523.66,171,53.3,1448,1771,1822
1584,"Philippine Review of Economics","University of the Philippines School of Economics and Philippine Economic Society",1523.78,762,53.3,1790,1229,1570
1585,"Bulletin of Economic Theory and Analysis","BETA Journals",1524.24,67,53.2,1501,1395,2540
1586,"European Research on Management and Business Economics (ERMBE)","Academia Europea de Dirección y Economía de la Empresa (AEDEM)",1525.06,383,53.2,1408,1902,1276
1587,"Food Review/ National Food Review, United States Department of Agriculture","Economic Research Service",1526.13,977,53.2,1863,1508,1219
1588,"Argomenti, University of Urbino Carlo Bo, Department of Economics","Society & Politics",1526.56,55,53.1,1669,1179,1970
1589,"Revista Latinoamericana de Desarrollo Economico","Carrera de Economía de la Universidad Católica Boliviana (UCB)",1527.04,233,53.1,1832,1038,1856
1590,"Review of Marketing Science","De Gruyter",1528.02,128,53.1,1573,1183,1796
1591,"The Journal of Philosophical Economics, Bucharest Academy of Economic Studies","The Journal of Philosophical Economics",1528.78,260,53.1,1691,1364,1666
1592,"Communities and Banking","Federal Reserve Bank of Boston",1529.79,330,53,2096,978,2119
1593,"ECONOMIC COMPUTATION AND ECONOMIC CYBERNETICS STUDIES AND RESEARCH, Faculty of Economic Cybernetics","Statistics and Informatics",1529.97,145,53,1081,1853,1803
1594,"Community Development Innovation Review","Federal Reserve Bank of San Francisco",1532.45,193,53,1689,1222,1646
1595,"Journal of Real Estate Portfolio Management","Taylor & Francis Journals",1533.5,576,52.9,1859,1403,1720
1596,"Theoretical Population Biology","Elsevier",1534.84,957,52.9,1526,1604,1433
1597,"Tourism and Hospitality Management, University of Rijeka","Faculty of Tourism and Hospitality Management",1535.33,306,52.9,1247,1992,1382
1598,"Journal of Management Sciences, Geist Science, Iqra University","Faculty of Business Administration",1535.35,82,52.8,1281,1511,1776
1599,"SPOUDAI Journal of Economics and Business, SPOUDAI Journal of Economics and Business","University of Piraeus",1536.61,180,52.8,1357,1699,1643
1600,"Journal of Business Analytics","Taylor & Francis Journals",1540.05,116,52.8,1474,1695,1791
1601,"Statistical Theory and Related Fields","Taylor & Francis Journals",1540.81,279,52.8,1768,1376,2101
1602,"Advances in Management and Applied Economics","SCIENPRESS Ltd",1541.99,739,52.7,1605,1668,1426
1603,"Capital Markets Law Journal","Oxford University Press",1542.14,230,52.7,1877,1273,1854
1604,"Journal of the ASFMRA","American Society of Farm Managers and Rural Appraisers",1544.43,362,52.7,1553,1557,1521
1605,"IW-Trends – Vierteljahresschrift zur empirischen Wirtschaftsforschung","Institut der deutschen Wirtschaft (IW) / German Economic Institute",1544.53,626,52.6,1653,1351,1553
1606,"Asia Europe Journal","Springer",1544.88,772,52.6,1707,1466,1571
1607,"Arthaniti: Journal of Economic Theory and Practice","",1545.4,92,52.6,1482,1492,1995
1608,"Economic and Industrial Democracy, Department of Economic History, Uppsala University","Sweden",1546.78,1910,52.6,2307,1489,1454
1609,"Journal of Real Estate Literature","Taylor & Francis Journals",1547.43,499,52.5,1996,1464,1710
1610,"International Journal of Learning and Intellectual Capital","Inderscience Enterprises Ltd",1549.59,529,52.5,1420,1879,1416
1611,"Management Research and Practice, Research Centre in Public Administration and Public Services, Bucharest","Romania",1550.01,349,52.5,1298,1779,1682
1612,"Open Economics","De Gruyter",1551.31,54,52.4,1265,1594,2229
1613,"International Journal of Business Performance and Supply Chain Modelling","Inderscience Enterprises Ltd",1551.37,244,52.4,1347,1865,1493
1614,"International Journal of Pluralism and Economics Education","Inderscience Enterprises Ltd",1551.52,326,52.4,1600,1342,1678
1615,"American Journal of Business","Emerald Group Publishing Limited",1551.8,498,52.3,1531,1786,1298
1616,"Journal of Administrative and Business Studies","Professor Dr. Usman Raja",1552.99,149,52.3,1048,1979,1631
1617,"Management & Marketing","Sciendo",1559.63,743,52.3,1427,2036,1213
1618,"Demográfia","Hungarian Demographic Research Institute",1561.27,55,52.3,1362,1332,1971
1619,"Revista Cuadernos de Economia, Universidad Nacional de Colombia, FCE","CID",1561.31,870,52.2,1789,1565,1429
1620,"International Journal of Health Planning and Management","Wiley Blackwell",1563.35,1618,52.2,1629,1605,1453
1621,"African Journal of Science, Technology, Innovation and Development","Taylor & Francis Journals",1563.35,1061,52.2,1817,1889,1439
1622,"Visnyk of National University of Civil Protection of Ukraine. Public Administration series.","National University of Civil Protection of Ukraine",1564.09,86,52.1,1867,1058,2269
1623,"International Journal of Accounting and Finance","Inderscience Enterprises Ltd",1564.35,142,52.1,1489,1432,1627
1624,"Asian Journal of Economics and Empirical Research","Asian Online Journal Publishing Group",1564.54,189,52.1,1386,1700,1483
1625,"International Journal of Performance Analysis in Sport","Taylor & Francis Journals",1565.65,1351,52.1,1545,1643,1332
1626,"South European Society and Politics","Taylor & Francis Journals",1565.77,353,52,1732,1414,1884
1627,"Journal of Chinese Economic and Foreign Trade Studies","Emerald Group Publishing Limited",1566.63,242,52,1550,1818,1662
1628,"Journal of the New Economic Association","New Economic Association",1566.73,970,52,1666,1507,1434
1629,"Business and Human Rights Journal","Cambridge University Press",1568.6,366,51.9,1574,1706,1523
1630,"Eurasian Journal of Economics and Finance","Eurasian Publications",1569.44,226,51.9,1477,1659,1491
1631,"Community Investments","Federal Reserve Bank of San Francisco",1571.66,189,51.9,1807,1085,1833
1632,"Indian Journal of Human Development","",1571.9,353,51.8,1583,1501,1684
1633,"Revista Ecos de Economía","Universidad EAFIT",1573.32,190,51.8,1612,1435,1834
1634,"European Competition Journal","Taylor & Francis Journals",1574.4,187,51.8,1820,1385,2062
1635,"Revista de Gestão","Emerald Group Publishing Limited",1575.05,177,51.8,1470,1857,1642
1636,"International Journal of Trade and Global Markets","Inderscience Enterprises Ltd",1575.95,698,51.7,1613,1640,1564
1637,"Austrian Economic Quarterly","WIFO",1578.17,347,51.7,1562,1389,1515
1638,"Journal of Cyber Policy","Taylor & Francis Journals",1579.21,269,51.7,1476,1660,1501
1639,"Business and Economics Research Journal, Bursa Uludag University","Faculty of Economics and Administrative Sciences",1580.11,713,51.6,1588,1943,1424
1640,"Journal of Social and Administrative Sciences","KSP Journals",1582.31,121,51.6,1404,1430,1621
1641,"Innovations","De Boeck Université",1582.94,635,51.6,1681,1686,1554
1642,"International Journal of Operational Research","Inderscience Enterprises Ltd",1583.02,1412,51.6,1523,1898,1333
1643,"International Journal of Sustainable Development & World Policy","Conscientia Beam",1583.15,81,51.5,1422,1615,1775
1644,"Wirtschaft und Gesellschaft - WuG, Kammer für Arbeiter und Angestellte für Wien","Abteilung Wirtschaftswissenschaft und Statistik",1583.36,1188,51.5,2118,1278,1754
1645,"African Journal of Economic and Sustainable Development","Inderscience Enterprises Ltd",1585.43,206,51.5,1522,1862,1651
1646,"Sustainability Nexus Forum","Springer",1585.45,195,51.4,1440,1813,1486
1647,"Bulletin of Applied Economics","Risk Market Journals",1585.46,149,51.4,1617,1458,2037
1648,"Theoretical and Empirical Researches in Urban Management, Research Centre in Public Administration and Public Services, Bucharest","Romania",1586.2,477,51.4,1431,1932,1412
1649,"International Journal of Business and Emerging Markets","Inderscience Enterprises Ltd",1587.58,386,51.3,1560,1745,1528
1650,"Monte Carlo Methods and Applications","De Gruyter",1587.59,699,51.3,1985,1453,1319
1651,"Mathematics","MDPI",1588.42,24879,51.3,2169,2465,892
1652,"Economic Review","Hitotsubashi University",1588.78,2166,51.3,2400,1282,1456
1653,"Journal of Race, Ethnicity and the City","Taylor & Francis Journals",1589.71,56,51.2,1946,1260,2232
1654,"Journal of South Asian Development","",1593.97,396,51.2,1764,1577,1400
1655,"International Journal of Business Environment","Inderscience Enterprises Ltd",1594.71,350,51.2,1515,1744,1516
1656,"Regional Update","Federal Reserve Bank of Atlanta",1595.6,139,51.1,2114,913,2027
1657,"Journal of Research in Islamic Economics, King Abdulaziz University","Islamic Economics Institute.",1595.98,113,51.1,1491,1360,1618
1658,"Research in Applied Economics","Macrothink Institute",1597.03,69,51.1,1346,1474,1978
1659,"International Journal of Business and Globalisation","Inderscience Enterprises Ltd",1597.15,1185,51,1676,1642,1443
1660,"IIM Kozhikode Society & Management Review","",1600.04,271,51,1475,1738,1503
1661,"Journal of BRSA Banking and Financial Markets","Banking Regulation and Supervision Agency",1600.32,175,51,1519,1476,1641
1662,"Review of Economics and Political Science","Emerald Group Publishing Limited",1600.37,161,51,1587,1855,1817
1663,"Athens Journal of Business & Economics","Athens Institute for Education and Research (ATINER)",1602.38,194,50.9,1599,1573,1837
1664,"International Journal of Finance & Banking Studies","Center for the Strategic Studies in Business and Finance",1603.4,287,50.9,1471,1866,1504
1665,"Communications in Statistics - Theory and Methods","Taylor & Francis Journals",1605.62,5651,50.9,1861,1840,1149
1666,"Journal of Environmental Law","Oxford University Press",1605.78,162,50.8,1798,1460,1818
1667,"Journal of Payments Strategy & Systems","Henry Stewart Publications",1608.23,711,50.8,2057,1523,1566
1668,"Research in Economics and Business: Central and Eastern Europe, Tallinn School of Economics and Business Administration","Tallinn University of Technology",1608.55,84,50.8,1478,1383,1778
1669,"Dependence Modeling","De Gruyter",1609.18,222,50.8,1723,1436,1850
1670,"Philippine Journal of Development","Philippine Institute for Development Studies",1609.69,418,50.7,1628,1285,1533
1671,"China Finance and Economic Review","De Gruyter",1610.12,305,50.7,1656,1593,1676
1672,"International Journal of Global Business and Competitiveness","Springer",1611.08,136,50.7,1454,1851,1799
1673,"ifo Dresden berichtet","ifo Institute - Leibniz Institute for Economic Research at the University of Munich",1611.12,1390,50.6,2046,1524,1450
1674,"Nursing & Health Sciences","John Wiley & Sons",1612.59,728,50.6,1262,2177,1731
1675,"Cahiers d’économie politique / Papers in Political Economy","L'Harmattan",1613.26,588,50.6,1838,1283,1722
1676,"Journal of Finance and Investment Analysis","SCIENPRESS Ltd",1617.31,229,50.5,1458,1680,1658
1677,"Societies","MDPI",1617.47,1772,50.5,1710,1836,1336
1678,"Southwest Economy","Federal Reserve Bank of Dallas",1617.59,864,50.5,2181,1093,1739
1679,"International Journal of Business Administration, International Journal of Business Administration","Sciedu Press",1619.3,730,50.5,1572,1945,1320
1680,"Ensayos Revista de Economia, Universidad Autonoma de Nuevo Leon","Facultad de Economia",1619.73,190,50.4,1885,1151,2065
1681,"Man and the Economy","De Gruyter",1620.05,135,50.4,1916,1335,2023
1682,"Journal of Knowledge Management, Economics and Information Technology","ScientificPapers.org",1622.65,354,50.4,1518,1780,1519
1683,"Economia Agraria y Recursos Naturales","Spanish Association of Agricultural Economists",1625.44,219,50.3,1761,1477,1654
1684,"Intelligence","Elsevier",1626.11,481,50.3,1793,1581,1706
1685,"International Review of Management and Marketing","Econjournals",1626.86,973,50.3,1485,2024,1435
1686,"Accounting & Taxation","The Institute for Business and Finance Research",1626.97,175,50.3,1443,1657,1825
1687,"Sankhya B: The Indian Journal of Statistics","Springer;Indian Statistical Institute",1627.68,259,50.2,1692,1625,1859
1688,"Journal of Economic Sociology","National Research University Higher School of Economics",1627.82,118,50.2,1735,1208,1793
1689,"World Journal of Applied Economics","WERI-World Economic Research Institute",1628.76,74,50.2,1625,1652,1982
1690,"Regional Science Inquiry","Hellenic Association of Regional Scientists",1630.48,425,50.1,1541,1749,1701
1691,"Iktisat Isletme ve Finans","Bilgesel Yayincilik",1631.24,2175,50.1,2279,1689,1337
1692,"Sustainable Agriculture Research","Canadian Center of Science and Education",1631.24,435,50.1,1504,2085,1404
1693,"International Journal of Business Forecasting and Marketing Intelligence","Inderscience Enterprises Ltd",1631.8,313,50,1801,1821,1877
1694,"International Journal of Action Research","Rainer Hampp Verlag",1632.85,123,50,1567,1514,2015
1695,"International Business Research","Canadian Center of Science and Education",1634.25,1339,50,1675,1895,1331
1696,"International Journal of Social Ecology and Sustainable Development (IJSESD)","IGI Global Scientific Publishing",1634.64,491,50,1621,2010,1709
1697,"Rivista economica del Mezzogiorno","Società editrice il Mulino",1634.65,1246,49.9,2183,1422,1590
1698,"Business Perspectives and Research","",1636.21,271,49.9,1487,1988,1669
1699,"Jahrbuch für Wirtschaftsgeschichte / Economic History Yearbook","De Gruyter",1636.93,2512,49.9,2563,1424,1460
1700,"Academic Journal of Economic Studies, Faculty of Finance, Banking and Accountancy Bucharest","""Dimitrie Cantemir"" Christian University Bucharest",1637.77,362,49.8,1525,1924,1522
1701,"ifo World Economic Survey","ifo Institute - Leibniz Institute for Economic Research at the University of Munich",1638.47,72,49.8,1674,1231,1981
1702,"Studies in Economics and Econometrics","Taylor & Francis Journals",1638.52,514,49.8,1921,1522,1714
1703,"Lecturas de Economía, Universidad de Antioquia","Departamento de Economía",1640.75,953,49.7,1903,1549,1577
1704,"Journal of Islamic Accounting and Business Research","Emerald Group Publishing Limited",1641.81,608,49.7,1584,2016,1726
1705,"Future Internet","MDPI",1643.12,3329,49.7,1918,2463,1001
1706,"STUDI ECONOMICI","FrancoAngeli Editore",1643.16,348,49.7,1881,1213,1681
1707,"Journal of Probability and Statistics","Hindawi",1643.7,460,49.6,1731,1548,1704
1708,"Journal of Developing Societies","",1644.23,529,49.6,1787,1560,1543
1709,"Journal of Advanced Research in Management","ASERS Publishing",1646.19,482,49.6,1516,1877,1538
1710,"Page One Economics Newsletter","Federal Reserve Bank of St. Louis",1647.84,139,49.5,1971,1170,2028
1711,"International Journal of Management and Enterprise Development","Inderscience Enterprises Ltd",1649.17,566,49.5,1535,1938,1547
1712,"Journal of Management and Strategy, Journal of Management and Strategy","Sciedu Press",1650.03,381,49.5,1499,1825,1526
1713,"Japanese Journal of Agricultural Economics (formerly Japanese Journal of Rural Economics)","Agricultural Economics Society of Japan (AESJ)",1650.77,178,49.5,1507,1572,1826
1714,"Discrete Dynamics in Nature and Society","Hindawi",1651.26,5245,49.4,1765,1961,1148
1715,"International Journal of Information Systems and Supply Chain Management (IJISSCM)","IGI Global Scientific Publishing",1651.88,392,49.4,1510,1826,1692
1716,"PLOS Climate","Public Library of Science",1654.97,229,49.4,1982,1554,2360
1717,"Journal of Finance and Economics Research, Geist Science, Iqra University","Faculty of Business Administration",1655.27,51,49.3,1405,1719,1968
1718,"Journal of Maps","Taylor & Francis Journals",1657.15,1346,49.3,1650,2192,1226
1719,"Journal of Agribusiness in Developing and Emerging Economies","Emerald Group Publishing Limited",1657.33,418,49.3,1682,1929,1699
1720,"Journal of Advanced Research in Law and Economics","ASERS Publishing",1658.53,737,49.2,1813,1884,1568
1721,"Sumerianz Journal of Economics and Finance","Sumerianz Publication",1659.04,71,49.2,1753,1455,2545
1722,"International Journal of Innovation and Economic Development","Inovatus Services Ltd.",1659.11,269,49.2,1609,1920,1500
1723,"Moneta e Credito","Economia civile",1660.23,447,49.2,1959,1267,1702
1724,"International Journal of Human Resources Development and Management","Inderscience Enterprises Ltd",1660.95,453,49.1,1558,1785,1703
1725,"Global Journal of Intellectual & Developmental Disabilities","Juniper Publishers Inc.",1661.9,152,49.1,1396,1568,2321
1726,"International Journal of Stochastic Analysis","Hindawi",1662.61,855,49.1,1841,1793,1326
1727,"Advances in Operations Research","Hindawi",1664.75,180,49,1344,1982,1829
1728,"Development in Practice","Taylor & Francis Journals",1666.16,2864,49,2119,1838,1232
1729,"Public Policy Review","Institute for Public Policy Research",1666.32,519,49,2131,1251,2162
1730,"Millennial Asia","",1666.86,363,49,1718,1664,1686
1731,"Utilitas","Cambridge University Press",1667.95,1286,48.9,2223,1587,1446
1732,"Annals of Data Science","Springer",1670.91,551,48.9,1694,1937,1546
1733,"TEC Empresarial, School of Business","Costa Rica Institute of Technology (ITCR)",1674.83,143,48.9,1874,1809,2030
1734,"Journal of Management and Sustainability","Canadian Center of Science and Education",1675.55,323,48.8,1843,1743,1879
1735,"Agricultural Economics","Czech Academy of Agricultural Sciences",1676.47,1600,48.8,1864,1956,1335
1736,"Mathematical Problems in Engineering","Hindawi",1676.72,21952,48.8,2006,2466,891
1737,"International Journal of E-Business Research (IJEBR)","IGI Global Scientific Publishing",1679.64,396,48.7,1547,1928,1693
1738,"Romanian Journal of Economics","Institute of National Economy",1680.08,680,48.7,1749,1883,1423
1739,"Economia & lavoro","Carocci editore",1684.16,908,48.7,2154,1304,1745
1740,"Frontiers in Finance and Economics","SKEMA Business School",1686.57,87,48.7,1618,1456,1781
1741,"Journal of Chinese Governance","Taylor & Francis Journals",1687.58,286,48.6,1722,1739,1869
1742,"Circular Economy and Sustainability","Springer",1687.71,872,48.6,1909,2299,1430
1743,"Ilorin Journal of Economic Policy, Department of Economics","University of Ilorin",1689.03,88,48.6,1581,1847,1782
1744,"International Journal of Development and Conflict","Gokhale Institute of Politics and Economics",1689.98,108,48.5,1725,1446,2007
1745,"BANCARIA","Bancaria Editrice",1690.07,639,48.5,2212,1545,2177
1746,"OPSEARCH","Springer;Operational Research Society of India",1690.58,644,48.5,1505,2172,1557
1747,"Journal of Economics Teaching","Journal of Economics Teaching",1691.4,117,48.4,1907,1298,2290
1748,"RWI Konjunkturberichte","RWI - Leibniz-Institut für Wirtschaftsforschung",1691.47,180,48.4,1439,1983,1644
1749,"Noble International Journal of Economics and Financial Research","Noble Academic Publsiher",1691.81,74,48.4,1639,1721,2254
1750,"Asian Journal of Agriculture and Rural Development","Asian Economic and Social Society",1693.18,1146,48.4,1696,1800,1585
1751,"Ekonomicheskaya Politika / Economic Policy","Russian Presidential Academy of National Economy and Public Administration",1693.28,399,48.3,1685,2112,1531
1752,"Western Economics Forum","Western Agricultural Economics Association",1693.56,315,48.3,1683,1537,1878
1753,"Économie rurale","French Society of Rural Economics (SFER Société Française d'Economie Rurale)",1694.54,5796,48.3,2174,2037,1236
1754,"International Journal of Services and Operations Management","Inderscience Enterprises Ltd",1695.84,1384,48.2,1667,1954,1449
1755,"Asian Journal of Empirical Research","Asian Economic and Social Society",1695.9,341,48.2,1688,1681,1680
1756,"International Journal of E-Planning Research (IJEPR)","IGI Global Scientific Publishing",1697.91,225,48.2,1442,2248,1490
1757,"International Journal of Procurement Management","Inderscience Enterprises Ltd",1698.08,795,48.2,1619,2022,1572
1758,"Journal of Theoretical Probability","Springer",1698.23,1931,48.1,2115,1645,1596
1759,"Revista de Economía Laboral - Spanish Journal of Labour Economics","Asociación Española de Economía Laboral - AEET",1699.47,104,48.1,1805,1334,2004
1760,"The Review of Faith & International Affairs","Taylor & Francis Journals",1699.61,650,48.1,2128,1404,1932
1761,"Greenhouse Gases: Science and Technology","Blackwell Publishing",1700.41,951,48,1649,2101,1576
1762,"Scientific Annals of Economics and Business","Sciendo",1700.83,245,48,1500,1819,1663
1763,"PSU Research Review","Emerald Group Publishing Limited",1702.71,152,48,1517,1980,1807
1764,"International Journal of Information and Decision Sciences","Inderscience Enterprises Ltd",1704.55,354,47.9,1549,1996,1685
1765,"The Valuation Journal","The National Association of Authorized Romanian Valuers",1705.37,119,47.9,2062,1261,3013
1766,"Operations Research and Decisions, Wroclaw University of Science and Technology","Faculty of Management",1706.95,590,47.9,1879,1754,1548
1767,"Economics Update","Federal Reserve Bank of Atlanta",1707.5,151,47.9,1990,1112,1806
1768,"Journal of Asian Business Strategy","Asian Economic and Social Society",1708.03,236,47.8,1423,2139,1492
1769,"Transfer: European Review of Labour and Research","",1709.91,2176,47.8,2277,1717,1457
1770,"Politics and Governance","Cogitatio Press",1712.86,1248,47.8,2383,1952,1057
1771,"RIVISTA DI ECONOMIA E STATISTICA DEL TERRITORIO","FrancoAngeli Editore",1713.22,192,47.7,1784,1534,1645
1772,"iRASD Journal of Economics","International Research Alliance for Sustainable Development (iRASD)",1713.65,94,47.7,1603,2046,1786
1773,"Scientific Annals of Economics and Business (continues Analele Stiintifice), Alexandru Ioan Cuza University","Faculty of Economics and Business Administration",1715.01,354,47.7,1932,1682,1886
1774,"Main Street Economist","Federal Reserve Bank of Kansas City",1715.07,136,47.7,1616,1227,2025
1775,"African Journal of Economic Review","African Journal of Economic Review",1715.85,254,47.6,1794,1820,1665
1776,"Journal of International Business Research and Marketing","Inovatus Services Ltd.",1717.27,175,47.6,1665,1571,1824
1777,"EuroEconomica","Danubius University of Galati",1717.32,651,47.6,1940,1755,1560
1778,"Behavioral Ecology","International Society for Behavioral Ecology",1717.78,3634,47.5,2126,2030,1234
1779,"Economic Analysis Letters","Anser Press",1717.87,76,47.5,1701,1846,2259
1780,"Poverty & Public Policy","John Wiley & Sons",1718.35,509,47.5,2042,1667,1713
1781,"Economic Review: Journal of Economics and Business, University of Tuzla","Faculty of Economics",1718.83,151,47.4,1530,1770,2040
1782,"International Journal of Social Psychiatry","",1720.65,4241,47.4,2192,1958,1063
1783,"Acta Universitatis Agriculturae et Silviculturae Mendelianae Brunensis","Mendel University Press",1723.18,1285,47.4,1763,1894,1445
1784,"Acta Universitatis Danubius. OEconomica","Danubius University of Galati",1725.16,2806,47.4,1901,2029,1461
1785,"Journal of Social and Development Sciences","AMH International",1726.24,402,47.3,1705,2000,1401
1786,"Vision","",1726.82,1321,47.3,1884,2026,1330
1787,"Expert Journal of Economics","Sprint Investify",1727.43,76,47.3,1644,1550,1983
1788,"Asia Focus","Federal Reserve Bank of San Francisco",1728.16,59,47.2,1878,1180,1974
1789,"American Journal of Finance and Accounting","Inderscience Enterprises Ltd",1729.79,157,47.2,1700,1570,1814
1790,"International Journal of Electronic Finance","Inderscience Enterprises Ltd",1730.66,427,47.2,1743,1828,1905
1791,"Journal of Commerce and Trade","Society for Advanced Management Studies",1731.8,475,47.2,2345,1323,2440
1792,"International Journal of Data Analysis Techniques and Strategies","Inderscience Enterprises Ltd",1731.94,419,47.1,1930,1684,1903
1793,"Revista de Análisis del BCB","Banco Central de Bolivia",1736.33,171,47.1,2059,1252,2329
1794,"Bulletin of Monetary Economics and Banking","Bank Indonesia",1736.87,691,47.1,1962,1941,1563
1795,"Chinese Journal of Urban and Environmental Studies (CJUES)","World Scientific Publishing Co. Pte. Ltd.",1737.38,350,47,1602,2075,1683
1796,"Annales Universitatis Apulensis Series Oeconomica, Faculty of Sciences, ""1 Decembrie 1918"" University","Alba Iulia",1738.61,1064,47,1756,2103,1440
1797,"Central European Economic Journal","Sciendo",1739.39,596,47,1958,1529,1724
1798,"American Journal of Trade and Policy","Asian Business Consortium",1740.05,133,46.9,1855,1515,2301
1799,"Economic Studies journal","Bulgarian Academy of Sciences - Economic Research Institute",1741.02,1153,46.9,2090,1833,1586
1800,"International Journal of Management Science and Business Administration","Inovatus Services Ltd.",1741.98,384,46.9,1591,2079,1690
1801,"International Journal of Business, Economics and Management","Conscientia Beam",1743.99,209,46.9,1503,2060,1652
1802,"Proceedings â€“ Rural and Agricultural Conferences","Federal Reserve Bank of Kansas City",1744.7,154,46.8,1611,1459,1810
1803,"Business and Management Research, Business and Management Research","Sciedu Press",1744.72,323,46.8,1608,1994,1512
1804,"Africagrowth Agenda","Africagrowth Institute",1746.35,152,46.8,1842,1727,2041
1805,"Lifetime Data Analysis: An International Journal Devoted to Statistical Methods and Applications for Time-to-Event Data","Springer",1746.72,371,46.7,1633,1707,1892
1806,"PLOS Sustainability and Transformation","Public Library of Science",1747.99,75,46.7,2031,1653,2258
1807,"Business and Management Studies","Redfame publishing",1750.46,215,46.7,1623,1776,1848
1808,"Ethiopian Journal of Economics","Ethiopian Economics Association",1750.89,203,46.6,1948,1408,1840
1809,"International Journal of Empirical Finance","Research Academy of Social Sciences",1751.25,110,46.6,1575,1849,1790
1810,"Journal of Socio-Economics in Agriculture (Until 2015: Yearbook of Socioeconomics in Agriculture)","Swiss Society for Agricultural Economics and Rural Sociology",1751.59,78,46.6,1385,2041,1774
1811,"Journal of Empirical Economics","Research Academy of Social Sciences",1751.98,111,46.6,1552,1726,2009
1812,"Journal of Education for Sustainable Development","",1752.52,466,46.5,2014,1343,1705
1813,"NRB Economic Review, Nepal Rastra Bank","Economic Research Department",1752.62,103,46.5,1594,1725,1788
1814,"Humanistic Management Journal","Springer",1753.25,214,46.5,1757,1775,1846
1815,"International Journal of Management and Sustainability","Conscientia Beam",1753.91,398,46.4,1661,2080,1530
1816,"Contaduría y Administración","Accounting and Management",1753.91,530,46.4,1724,2012,1544
1817,"Nova Economia, Economics Department","Universidade Federal de Minas Gerais (Brazil)",1754.2,616,46.4,2102,1637,1551
1818,"Afro-Asian Journal of Finance and Accounting","Inderscience Enterprises Ltd",1755.28,548,46.4,1815,1936,1545
1819,"Stato e mercato","Società editrice il Mulino",1756.47,569,46.3,2255,1401,1924
1820,"Journal of Applied Economic Research, Graduate School of Economics and Management","Ural Federal University",1756.62,233,46.3,2214,1736,2364
1821,"World Review of Entrepreneurship, Management and Sustainable Development","Inderscience Enterprises Ltd",1757.63,787,46.3,1774,1831,1734
1822,"Economic Thought journal","Bulgarian Academy of Sciences - Economic Research Institute",1757.78,1182,46.2,2196,1892,1587
1823,"Politická ekonomie","Prague University of Economics and Business",1758.18,1439,46.2,2227,1760,1451
1824,"National Institute UK Economic Outlook","National Institute of Economic and Social Research",1759.62,154,46.2,2148,1569,2043
1825,"FINANCIAL REPORTING","FrancoAngeli Editore",1760.62,227,46.1,1672,1733,1656
1826,"Expert Journal of Marketing","Sprint Investify",1761.38,69,46.1,1488,1845,1979
1827,"INFORMS Joural on Data Science","INFORMS",1761.84,65,46.1,2147,1428,2537
1828,"Management Dynamics in the Knowledge Economy, College of Management","National University of Political Studies and Public Administration",1763.92,394,46.1,1590,2164,1398
1829,"Applied Finance and Accounting","Redfame publishing",1763.98,116,46,1578,1767,2012
1830,"Asian Journal of Applied Economics, Kasetsart University","Center for Applied Economics Research",1764.45,82,46,1819,1596,1986
1831,"The Journal of Educational Research","Taylor & Francis Journals",1765.05,740,46,1750,1710,1732
1832,"International Journal of Marketing Studies","Canadian Center of Science and Education",1765.2,380,45.9,1561,2160,1525
1833,"Estudios Públicos","Centro de Estudios Públicos",1769.81,135,45.9,2150,1317,2302
1834,"Statistics and Public Policy","Taylor & Francis Journals",1770.76,80,45.9,1852,1595,2265
1835,"Economic Analysis Working Papers (2002-2010). Atlantic Review of Economics (2011-2016), Colexio de Economistas de A Coruña","Spain and Fundación Una Galicia Moderna",1772.43,232,45.9,1771,1735,1659
1836,"Journal of the Northeastern Agricultural Economics Council","Northeastern Agricultural and Resource Economics Association",1773.34,501,45.8,1858,1752,1711
1837,"International Journal of Productivity and Quality Management","Inderscience Enterprises Ltd",1773.47,1230,45.8,1729,2105,1589
1838,"The Law and Development Review","De Gruyter",1773.47,344,45.8,2055,1412,2411
1839,"International Journal of Aviation Management","Inderscience Enterprises Ltd",1775.11,53,45.7,1419,1905,2226
1840,"Journal of Clinical Nursing","John Wiley & Sons",1776.11,5007,45.7,1802,2199,1338
1841,"Regional Review","Federal Reserve Bank of Boston",1776.12,234,45.7,2226,1050,2365
1842,"International Journal of Business and Administrative Studies","Professor Dr. Bahaudin G. Mujtaba",1779.29,173,45.6,1255,2352,1638
1843,"Journal of Digital Banking","Henry Stewart Publications",1780.12,342,45.6,2321,1439,2408
1844,"Systems Engineering","John Wiley & Sons",1782.16,687,45.6,1719,2175,1562
1845,"Journal of the International Council for Small Business","Taylor & Francis Journals",1782.23,232,45.6,1992,1734,2085
1846,"Financial and Economic Review","Magyar Nemzeti Bank (Central Bank of Hungary)",1782.29,331,45.5,2065,1365,2121
1847,"Journal of Academic Research in Economics, Spiru Haret University","Faculty of Accounting and Financial Management Constanta",1784.58,265,45.5,1711,1703,1863
1848,"Economic Alternatives, University of National and World Economy, Sofia","Bulgaria",1785.06,636,45.5,1955,1830,1555
1849,"International Journal of Regional Development","Macrothink Institute",1785.24,77,45.4,1664,1614,1984
1850,"Behaviour and Information Technology","Taylor & Francis Journals",1786.22,1915,45.4,1943,2195,1595
1851,"Journal of Asian Business and Economic Studies","Emerald Group Publishing Limited",1788.17,138,45.4,1831,1911,2305
1852,"OEconomia","Editions NecPlus",1789.18,124,45.3,1936,1598,2016
1853,"European Journal of Management Studies","Emerald Group Publishing Limited",1789.76,60,45.3,1713,2116,2237
1854,"New England Journal of Entrepreneurship","Emerald Group Publishing Limited",1789.84,275,45.3,1779,1989,1865
1855,"Sankhya A: The Indian Journal of Statistics","Springer;Indian Statistical Institute",1792.55,314,45.3,2045,1341,2113
1856,"Journal of Agricultural, Biological and Environmental Statistics","Springer;The International Biometric Society;American Statistical Association",1792.93,424,45.2,1769,1708,1904
1857,"American Business Review, Pompea College of Business","University of New Haven",1793.94,155,45.2,1913,1854,2044
1858,"Economic Anthropology","Wiley Blackwell",1794.28,360,45.2,1894,1629,1889
1859,"Management","Academy of Municipal Administration",1794.3,263,45.1,2101,1447,1861
1860,"World","MDPI",1794.88,386,45.1,1770,2161,1898
1861,"Central European Business Review","Prague University of Economics and Business",1795.64,400,45.1,1637,2081,1694
1862,"Copernican Journal of Finance & Accounting","Uniwersytet Mikolaja Kopernika",1795.82,206,45.1,1679,1816,2072
1863,"Economia agro-alimentare","FrancoAngeli Editore",1797.38,599,45,1529,2032,1550
1864,"SPP Briefing Papers, The School of Public Policy","University of Calgary",1798.92,88,45,1721,1616,1990
1865,"Capital Markets Review","Malaysian Finance Association",1799.42,230,45,1726,1817,1853
1866,"International Journal of Business Excellence","Inderscience Enterprises Ltd",1799.79,1102,44.9,1836,1951,1583
1867,"REVISTA DE MANAGEMENT COMPARAT INTERNATIONAL/REVIEW OF INTERNATIONAL COMPARATIVE MANAGEMENT, Faculty of Management, Academy of Economic Studies, Bucharest","Romania",1800.29,957,44.9,1762,2187,1578
1868,"Biomedical Journal of Scientific & Technical Research, Biomedical Research Network+","LLC",1800.91,6775,44.9,2597,1841,1967
1869,"International Journal of Networking and Virtual Organisations","Inderscience Enterprises Ltd",1802.74,724,44.8,1893,2094,1425
1870,"AFBM Journal","Australasian Farm Business Management Network",1803.52,154,44.8,1502,1914,1808
1871,"International Journal of Enterprise Information Systems (IJEIS)","IGI Global Scientific Publishing",1805.21,380,44.8,1597,2159,1688
1872,"Zeitschrift für Wirtschaftspolitik","De Gruyter",1805.56,1089,44.8,2217,1509,1751
1873,"Economia. Seria Management, Faculty of Management, Academy of Economic Studies, Bucharest","Romania",1807.74,434,44.7,1652,2276,1535
1874,"Asian Journal of Applied Economics/ Applied Economics Journal, Kasetsart University, Faculty of Economics","Center for Applied Economic Research",1808.13,181,44.7,1862,1691,2057
1875,"International Labor and Working-Class History","Cambridge University Press",1808.63,209,44.7,2152,1374,2075
1876,"European Journal of Business and Economics","Central Bohemia University",1809.13,154,44.6,1809,1698,1812
1877,"Die Unternehmung - Swiss Journal of Business Research and Practice","Nomos Verlagsgesellschaft mbH & Co. KG",1810.61,318,44.6,1825,1742,2114
1878,"RIEDS - Rivista Italiana di Economia, Demografia e Statistica - The Italian Journal of Economic, Demographic and Statistical Studies","SIEDS Societa' Italiana di Economia Demografia e Statistica",1811.15,641,44.6,1991,1789,1728
1879,"International Journal of Mathematics in Operational Research","Inderscience Enterprises Ltd",1812.27,910,44.6,1760,2185,1575
1880,"Conjunctura economiei mondiale / World Economic Studies, Institute for World Economy","Romanian Academy",1812.37,333,44.5,2366,1555,2735
1881,"Journal of Economic Policy Researches, Istanbul University","Faculty of Economics",1813.05,105,44.5,2009,1619,2282
1882,"Journal of Public Budgeting, Accounting & Financial Management","Emerald Group Publishing Limited",1813.18,808,44.5,1951,1947,1736
1883,"Journal of Simulation","Taylor & Francis Journals",1814.6,594,44.4,1816,2014,1723
1884,"Symphonya. Emerging Issues in Management","NiccolÃ² Cusano University",1815.13,184,44.4,1579,1860,2060
1885,"Journal of Transportation Security","Springer",1815.89,178,44.4,1747,1915,1828
1886,"Brazilian Business Review","Fucape Business School",1816.26,762,44.3,1714,1946,1939
1887,"Journal of Homeland Security and Emergency Management","De Gruyter",1817.44,820,44.3,2341,1670,1737
1888,"International Journal of Education Economics and Development","Inderscience Enterprises Ltd",1819.24,561,44.3,1933,1880,1718
1889,"Management, University of Primorska","Faculty of Management Koper",1820.58,332,44.3,1737,1922,1679
1890,"African Journal of Accounting, Auditing and Finance","Inderscience Enterprises Ltd",1825.7,146,44.2,1614,2057,1804
1891,"International Journal of Business Information Systems","Inderscience Enterprises Ltd",1826.44,1346,44.2,1795,2193,1591
1892,"International Journal of Business Research and Management (IJBRM)","Computer Science Journals (CSC Journals)",1826.97,117,44.2,1537,2051,1792
1893,"Asian Business Review","Asian Business Consortium",1833.96,201,44.1,1580,2059,1839
1894,"Systemic Practice and Action Research","Springer",1834.52,407,44.1,1730,2003,1697
1895,"Eastern European Business and Economics Journal","Eastern European Business and Economics Studies Centre",1835.54,52,44.1,1521,1673,2512
1896,"Laws","MDPI",1836.68,742,44.1,1934,2021,1569
1897,"Journal of Development Policy and Practice","",1837.44,170,44,1957,1729,2050
1898,"Revue française de socio-Economie","La découverte",1838.02,540,44,2053,1787,1922
1899,"Istanbul University Econometrics and Statistics e-Journal, Department of Econometrics, Faculty of Economics","Istanbul University",1838.16,84,44,1678,1597,1987
1900,"International Journal of Management Practice","Inderscience Enterprises Ltd",1838.37,485,43.9,1717,2086,1708
1901,"Journal of Risk and Reliability","",1838.46,1218,43.9,1544,2448,1444
1902,"Profitwise","Federal Reserve Bank of Chicago",1839.21,150,43.9,2298,1191,2318
1903,"Journal of Financial Crises","Yale Program on Financial Stability (YPFS)",1841.64,582,43.8,2340,1427,2799
1904,"International Journal of Bonds and Derivatives","Inderscience Enterprises Ltd",1843.03,54,43.8,1773,1611,2517
1905,"Boletín Económico","Banco de España",1845.1,970,43.8,2306,1506,1945
1906,"SS-AAEA Journal of Agricultural Economics","Agricultural and Applied Economics Association",1846.06,61,43.8,1865,1674,1976
1907,"Applied Financial Economics Letters","Taylor & Francis Journals",1846.27,207,43.7,2104,1658,2074
1908,"International Journal of Electronic Marketing and Retailing","Inderscience Enterprises Ltd",1846.44,383,43.7,1651,1926,1897
1909,"EKONOMIAZ. Revista vasca de Economía","Gobierno Vasco / Eusko Jaurlaritza / Basque Government",1847.61,1434,43.7,2291,1834,1592
1910,"Digital Transformation and Society","Emerald Group Publishing Limited",1849.17,55,43.6,1740,2114,2519
1911,"SN Operations Research Forum","Springer",1849.92,623,43.6,1989,2293,1727
1912,"The Empirical Econometrics and Quantitative Economics Letters, Faculty of Economics","Chiang Mai University",1850.93,70,43.6,1645,1651,2249
1913,"Interdisciplinary Description of Complex Systems - scientific journal","Croatian Interdisciplinary Society Provider Homepage: http://indecs.eu",1850.98,606,43.5,1942,1939,1725
1914,"Journal of Information & Knowledge Management (JIKM)","World Scientific Publishing Co. Pte. Ltd.",1851.26,1134,43.5,1944,2189,1584
1915,"South Asian Survey","",1853.46,640,43.5,2329,1638,1556
1916,"International Journal of Operations Research and Information Systems (IJORIS)","IGI Global Scientific Publishing",1854.96,250,43.5,1739,1987,1664
1917,"International Journal of Business and Management","International Institute of Social and Economic Sciences",1857.5,133,43.4,1766,1807,2021
1918,"International Journal of Asian Business and Information Management (IJABIM)","IGI Global Scientific Publishing",1858.16,424,43.4,1776,2083,1700
1919,"Banking and Community Perspectives","Federal Reserve Bank of Dallas",1859.26,138,43.4,1868,1350,2026
1920,"Bulletin of Political Economy","Bulletin of Political Economy",1860.39,153,43.3,2047,1728,2042
1921,"UTMS Journal of Economics, University of Tourism and Management, Skopje","Macedonia",1861.48,398,43.3,1777,1999,1900
1922,"International Journal of Knowledge and Learning","Inderscience Enterprises Ltd",1862.13,176,43.3,1988,1772,2334
1923,"International Journal of Internet Marketing and Advertising","Inderscience Enterprises Ltd",1862.52,278,43.3,1659,2258,2100
1924,"Management and Marketing Journal, University of Craiova","Faculty of Economics and Business Administration",1863,484,43.2,1715,2421,1707
1925,"ACTA VSFS","University of Finance and Administration",1863.48,164,43.2,2075,1517,2328
1926,"Timisoara Journal of Economics and Business","Sciendo",1863.65,204,43.2,1693,1960,1842
1927,"Journal of Women's Entrepreneurship and Education","Institute of Economic Sciences",1864.34,88,43.1,1898,1806,2272
1928,"International Journal of Financial Markets and Derivatives","Inderscience Enterprises Ltd",1865.33,202,43.1,1860,1732,2070
1929,"Cross Sections","Federal Reserve Bank of Richmond",1865.46,228,43.1,2388,1211,2359
1930,"Economics and Business Review","Sciendo",1867.59,226,43,2216,1520,2358
1931,"Stats","MDPI",1868.73,504,43,2019,1934,1916
1932,"Istanbul Stock Exchange Review, Research and Business Development Department","Borsa Istanbul",1868.9,168,43,1785,1624,2049
1933,"International Journal of Financial Economics","Research Academy of Social Sciences",1869.45,79,43,1630,1805,1985
1934,"Research Paper Series","Gaidar Institute for Economic Policy",1869.98,90,42.9,1411,2044,1992
1935,"Business Ethics, the Environment & Responsibility, John Wiley & Sons","Ltd.",1870.58,490,42.9,2133,2009,2157
1936,"Dynamic Econometric Models","Uniwersytet Mikolaja Kopernika",1871.41,166,42.9,1791,1656,2048
1937,"Journal of Rural Economics","Agricultural Economics Society of Japan",1872.78,91,42.8,1917,1512,1994
1938,"Accounting and Finance Research","Sciedu Press",1872.94,658,42.8,2086,1790,1933
1939,"Computational Methods in Social Sciences (CMSS), ""Nicolae Titulescu"" University of Bucharest","Faculty of Economic Sciences",1873.21,67,42.8,1461,2319,1977
1940,"Comparative Economic Research","Sciendo",1873.87,385,42.8,2095,1781,1691
1941,"Italian Journal of Marketing","Springer",1873.93,703,42.7,1642,2201,1565
1942,"Bogazici Journal, Review of Social, Economic and Administrative Studies, Bogazici University","Department of Economics",1874.42,138,42.7,1846,1655,2306
1943,"Business Systems Research","Sciendo",1876.36,323,42.7,1924,1921,1880
1944,"Revue Tiers-Monde","Armand Colin",1877.39,4717,42.6,2401,2033,1600
1945,"Revista de Economia Critica","Universidad Pablo de Olavide y Asociacion de Economia Critica",1877.53,452,42.6,2264,1399,2150
1946,"Small Business International Review","Asociación Española de Contabilidad y Administración de Empresas - AECA",1879.65,88,42.6,1703,2124,1991
1947,"International Journal of Innovation and Learning","Inderscience Enterprises Ltd",1880.79,1059,42.5,1925,2188,1750
1948,"Recherche Transports Sécurité","Editions NecPlus",1881.43,94,42.5,1844,1694,1996
1949,"International Journal of Industrial and Systems Engineering","Inderscience Enterprises Ltd",1881.83,1368,42.5,1914,2451,1448
1950,"World Scientific Research","Asian Online Journal Publishing Group",1882.25,51,42.5,2477,1369,2846
1951,"Journal of Financial Crime","Emerald Group Publishing Limited",1882.7,1682,42.4,2124,2027,1761
1952,"Annals - Economy Series, Constantin Brancusi University","Faculty of Economics",1884.62,3317,42.4,2460,2107,1764
1953,"Revista de cercetare si interventie sociala, Editura Lumen","Department of Economics",1886.25,108,42.4,1506,2126,2006
1954,"Asian Journal of Accounting Research","Emerald Group Publishing Limited",1886.7,123,42.3,1812,2229,2293
1955,"Studii Financiare (Financial Studies)","Centre of Financial and Monetary Research ""Victor Slavescu""",1888.47,363,42.3,1931,1824,1890
1956,"Fuzzy Economic Review","International Association for Fuzzy-set Management and Economy (SIGEF)",1888.55,146,42.3,1808,1622,2032
1957,"International Journal of Economics and Financial Research","Academic Research Publishing Group",1888.69,197,42.2,1727,1984,1838
1958,"Economic Journal of Emerging Markets","Universitas Islam Indonesia",1890.05,368,42.2,1926,1998,1891
1959,"International Journal of Knowledge Management (IJKM)","IGI Global Scientific Publishing",1891.64,515,42.2,1751,2283,1715
1960,"International Journal of Asian Social Science","Asian Economic and Social Society",1894.08,1225,42.2,1910,2190,1588
1961,"Revista Iberoamericana de Economía Ecológica","Red Iberoamericana de Economía Ecológica",1894.4,126,42.1,1848,1768,2019
1962,"Journal of Social and Economic Statistics","Sciendo",1894.84,116,42.1,1780,1801,2010
1963,"Businesses","MDPI",1896.52,187,42.1,1823,2238,2063
1964,"Regional Research of Russia","Springer",1898.13,579,42,1845,2089,1721
1965,"Network Intelligence Studies, Romanian Foundation for Business Intelligence","Editorial Department",1898.86,204,42,1610,2363,1843
1966,"Studia Universitatis Babeș-Bolyai Oeconomica","Sciendo",1899.28,136,42,1938,1976,1800
1967,"Quality Innovation Prosperity, Technical University of Košice","Department of integrated management",1900.65,92,42,1624,2045,2275
1968,"International Journal of Online Marketing (IJOM)","IGI Global Scientific Publishing",1905.03,220,41.9,1704,2246,1849
1969,"Jindal Journal of Business Research","",1905.76,178,41.9,1786,2353,1827
1970,"Statistics in Transition New Series","Statistics Poland",1906.15,626,41.9,2035,1842,1552
1971,"The Journal of Accounting and Management","Danubius University of Galati",1910.67,356,41.8,1887,1997,1888
1972,"FIIB Business Review","",1911.12,621,41.8,2002,2017,1929
1973,"Global Social Sciences Review","Humanity Only",1913.08,194,41.8,1987,1679,2068
1974,"International Journal of Manufacturing Technology and Management","Inderscience Enterprises Ltd",1913.3,1005,41.7,2067,1832,1947
1975,"Enterprise and Work Innovation Studies, Universidade Nova de Lisboa, IET/CICS.NOVA-Interdisciplinary Centre on Social Sciences","Faculty of Science and Technology",1915.91,68,41.7,1539,1906,2246
1976,"International Journal on Semantic Web and Information Systems (IJSWIS)","IGI Global Scientific Publishing",1916.22,531,41.7,1900,2286,1717
1977,"Informatica Economica, Academy of Economic Studies - Bucharest","Romania",1921.12,970,41.7,1949,2301,1579
1978,"Technium Social Sciences Journal","Technium Science",1921.25,2271,41.6,2352,2461,1459
1979,"International Journal of System Assurance Engineering and Management, Springer;The Society for Reliability, Engineering Quality and Operations Management (SREQOM),India, and Division of Operation and Maintenance, Lulea University of Technology","Sweden",1921.32,2150,41.6,1995,2459,1455
1980,"WISTA – Wirtschaft und Statistik, Statistisches Bundesamt (Destatis)","Wiesbaden",1922.22,304,41.6,2269,1705,2109
1981,"Asian Journal of Law and Economics","De Gruyter",1922.44,216,41.5,1953,1863,2076
1982,"International Journal of Applied Management Science","Inderscience Enterprises Ltd",1922.89,476,41.5,1783,2278,1913
1983,"Romanian Statistical Review","Romanian Statistical Review",1923.43,230,41.5,1657,2251,1855
1984,"Review of Business and Finance Studies","The Institute for Business and Finance Research",1923.58,173,41.5,1882,1731,2056
1985,"International Journal of Logistics Systems and Management","Inderscience Enterprises Ltd",1923.72,665,41.4,1772,2174,1934
1986,"Transport Problems, Silesian University of Technology","Faculty of Transport",1924.57,569,41.4,1767,2289,1719
1987,"International Journal of Agricultural and Environmental Information Systems (IJAEIS)","IGI Global Scientific Publishing",1924.98,320,41.4,1741,2504,1677
1988,"Journal of Applied Mathematics","Hindawi",1926.32,7435,41.3,2238,2533,1339
1989,"Studies in Business and Economics, Lucian Blaga University of Sibiu","Faculty of Economic Sciences",1926.6,912,41.3,2020,2186,1746
1990,"TEN","Federal Reserve Bank of Kansas City",1927.17,124,41.3,2205,1431,2017
1991,"Psychology and Developing Societies","",1927.45,534,41.2,2381,1635,2448
1992,"International Journal of Diplomacy and Economy","Inderscience Enterprises Ltd",1927.46,200,41.2,2003,1814,2069
1993,"ZFW – Advances in Economic Geography","De Gruyter",1927.66,758,41.2,2286,1885,1733
1994,"International Journal of Complexity in Leadership and Management","Inderscience Enterprises Ltd",1927.68,59,41.2,1853,1692,2234
1995,"Eurasian Journal of Business and Management","Eurasian Publications",1928.85,229,41.1,1814,2137,1852
1996,"Eurasian Journal of Social Sciences","Eurasian Publications",1930.33,186,41.1,1986,1774,2338
1997,"Statistics in Biosciences","Springer;International Chinese Statistical Association",1930.63,341,41.1,2144,1662,2129
1998,"International Entrepreneurship Review","Centre for Strategic and International Entrepreneurship at the Cracow University of Economics.",1930.97,122,41,1850,2052,2013
1999,"Economics of Agriculture","Institute of Agricultural Economics",1931.05,626,41,2074,2171,1421
2000,"Malaysian Journal of Economic Studies, Faculty of Business and Economics","University of Malaya & Malaysian Economic Association",1931.33,145,41,1908,1913,2313
2001,"Computers in Higher Education Economics Review, Economics Network","University of Bristol",1931.37,53,41,1647,1610,2227
2002,"Naga","The WorldFish Center",1932.48,644,40.9,2010,2173,1558
2003,"International Journal of E-Services and Mobile Applications (IJESMA)","IGI Global Scientific Publishing",1933.06,281,40.9,1803,2069,1867
2004,"Journal of Money Laundering Control","Emerald Group Publishing Limited",1938.18,1153,40.9,2155,2104,1752
2005,"Statistics, Politics and Policy","De Gruyter",1939,172,40.8,2353,1533,2330
2006,"Public Finance Quarterly","Corvinus University of Budapest",1940.06,762,40.8,2160,1886,1938
2007,"Analele Stiintifice ale Universitatii ""Alexandru Ioan Cuza"" din Iasi - Stiinte Economice (1954-2015), Alexandru Ioan Cuza University","Faculty of Economics and Business Administration",1940.66,381,40.8,1834,2078,1896
2008,"EconomiA","Emerald Group Publishing Limited",1942.34,52,40.7,2085,1904,2513
2009,"International Journal of Social Science Research","Macrothink Institute",1943.11,82,40.7,1849,1909,2266
2010,"The Indian Economic & Social History Review","",1943.23,2261,40.7,2774,1490,1962
2011,"PharmacoEconomics - Open","Springer",1943.33,618,40.7,2037,1940,1928
2012,"International Journal of Technology and Human Interaction (IJTHI)","IGI Global Scientific Publishing",1944.51,460,40.6,2044,1931,1912
2013,"CrossCultural Management Journal, Fundația Română pentru Inteligența Afacerii","Editorial Department",1944.59,236,40.6,1929,1918,2086
2014,"Journal of Money and Economy, Monetary and Banking Research Institute","Central Bank of the Islamic Republic of Iran",1945.3,295,40.6,2342,1740,2106
2015,"Population and Economics","ARPHA Platform",1946.86,293,40.5,2061,1869,1871
2016,"The Economics and Finance Letters","Conscientia Beam",1948.39,229,40.5,1748,2135,2083
2017,"Expert Journal of Finance","Sprint Investify",1950.89,52,40.5,1635,2113,2225
2018,"National Institute Global Economic Outlook","National Institute of Economic and Social Research",1953.24,143,40.4,2170,1808,2309
2019,"Place Branding and Public Diplomacy","Palgrave Macmillan",1953.65,402,40.4,1827,2273,1695
2020,"International Journal of Export Marketing","Inderscience Enterprises Ltd",1955.73,70,40.4,1830,1968,2250
2021,"National Economic Trends","Federal Reserve Bank of St. Louis",1955.86,146,40.4,2213,1336,2315
2022,"European Spatial Research and Policy","Sciendo",1956.05,182,40.3,1977,1859,1831
2023,"Annals of the Fondazione Luigi Einaudi. An Interdisciplinary Journal of Economics, History and Political Science, Fondazione Luigi Einaudi","Torino (Italy)",1957.78,204,40.3,2188,1815,2071
2024,"International Journal of Strategic Decision Sciences (IJSDS)","IGI Global Scientific Publishing",1958.1,266,40.3,1800,2147,1864
2025,"International Journal of Information Systems in the Service Sector (IJISSS)","IGI Global Scientific Publishing",1958.59,326,40.2,1837,2264,2118
2026,"Data","MDPI",1959.14,1328,40.2,2072,2305,1756
2027,"Annals of Faculty of Economics, University of Oradea","Faculty of Economics",1959.42,3004,40.2,2237,2197,1597
2028,"International Journal of Mobile Human Computer Interaction (IJMHCI)","IGI Global Scientific Publishing",1963.82,217,40.2,2158,1777,2078
2029,"Journal of Sustainable Real Estate","Taylor & Francis Journals",1963.9,188,40.1,2116,1812,2667
2030,"International Journal of Learning and Development","Macrothink Institute",1964.06,613,40.1,1904,2430,1419
2031,"Estudios Gerenciales","Universidad Icesi",1964.07,905,40.1,2040,2184,1744
2032,"Journal of Eastern African Studies","Taylor & Francis Journals",1964.85,547,40,2258,1788,2167
2033,"The Audit Financiar journal","Chamber of Financial Auditors of Romania",1967.04,169,40,1592,2348,1821
2034,"Zeitschrift für Wirtschafts- und Unternehmensethik - Journal for Business, Economics & Ethics","Nomos Verlagsgesellschaft mbH & Co. KG",1968.26,507,40,2082,1962,1917
2035,"International Journal of Services, Economics and Management","Inderscience Enterprises Ltd",1969.56,484,39.9,1937,2280,1914
2036,"International Journal of Management Concepts and Philosophy","Inderscience Enterprises Ltd",1971.13,414,39.9,1980,2004,2144
2037,"Indian Journal of Commerce and Management Studies, Educational Research Multimedia & Publications","India",1972.28,530,39.9,1919,2285,1716
2038,"Portuguese Journal of Management Studies, ISEG","Universidade de Lisboa",1972.81,375,39.9,2011,2077,1894
2039,"International Journal of Indian Culture and Business Management","Inderscience Enterprises Ltd",1973.24,1056,39.8,2013,2102,1749
2040,"International Studies of Economics","John Wiley & Sons",1974.25,104,39.8,2377,1618,2593
2041,"Journal of Tax Reform, Graduate School of Economics and Management","Ural Federal University",1975.36,248,39.8,1967,2065,2091
2042,"Business Education and Accreditation","The Institute for Business and Finance Research",1975.67,183,39.7,1839,1811,2059
2043,"Revista Espanola de Estudios Agrosociales y Pesqueros, Ministerio de Medio Ambiente","Rural y Marino (formerly Ministry of Agriculture)",1977.03,463,39.7,2199,1541,2152
2044,"International Journal of Entrepreneurship","Allied Business Academies",1978.08,207,39.7,1856,2243,2073
2045,"SPP Communique, The School of Public Policy","University of Calgary",1978.24,102,39.7,1826,1724,2281
2046,"International Journal of Social Science Studies","Redfame publishing",1979.99,894,39.6,2113,2182,1743
2047,"Ege Academic Review","Ege University Faculty of Economics and Administrative Sciences",1980.54,686,39.6,2091,2093,1730
2048,"International Journal of Markets and Business Systems","Inderscience Enterprises Ltd",1981.86,77,39.6,1745,2040,2261
2049,"Journal of Asian Economic Integration","",1981.99,147,39.5,2087,1978,2034
2050,"CES Working Papers, Centre for European Studies","Alexandru Ioan Cuza University",1986.32,596,39.5,2015,2290,1926
2051,"Business Excellence and Management, Faculty of Management, Academy of Economic Studies, Bucharest","Romania",1987.86,410,39.5,1999,2406,1698
2052,"International Journal of Social Sciences Perspectives","Online Academic Press",1987.87,97,39.4,1746,2221,2000
2053,"Monitoring of Russia's Economic Outlook. Trends and Challenges of Socio-Economic Development (In Russian)","Gaidar Institute for Economic Policy",1987.96,418,39.4,2523,2467,1099
2054,"European Company and Financial Law Review","De Gruyter",1988.14,545,39.4,2416,1561,2166
2055,"Economics and Finance in Indonesia, Faculty of Economics and Business","University of Indonesia",1988.37,852,39.4,2378,2023,1738
2056,"Pakistan Journal of Humanities and Social Sciences","International Research Alliance for Sustainable Development (iRASD)",1990.07,101,39.3,1738,2223,2280
2057,"KOF Analysen, KOF Swiss Economic Institute","ETH Zurich",1990.43,149,39.3,2224,1599,2317
2058,"Zagadnienia Ekonomiki Rolnej / Problems of Agricultural Economics","Sciendo",1990.92,305,39.3,1709,2603,1675
2059,"Journal of Economics and Political Economy","EconSciences Journals",1992.94,300,39.2,2178,1870,1873
2060,"EconSouth","Federal Reserve Bank of Atlanta",1993.09,181,39.2,2078,1553,2058
2061,"International Journal of Publication and Social Studies","Asian Economic and Social Society",1994.17,59,39.2,1978,1693,2527
2062,"International Journal of Logistics Economics and Globalisation","Inderscience Enterprises Ltd",1994.76,222,39.1,1744,2247,2357
2063,"Fishbyte","The WorldFish Center",1994.86,131,39.1,1687,2340,1798
2064,"Revista Moneda","Banco Central de Reserva del Perú",1995.18,730,39.1,2431,1791,2186
2065,"International Journal of Mathematics and Mathematical Sciences","Hindawi",1996.89,5596,39.1,2373,2604,1235
2066,"International Journal of Business and Systems Research","Inderscience Enterprises Ltd",1998.38,537,39,2012,2287,1921
2067,"Management and Economics Review, Faculty of Management, Academy of Economic Studies, Bucharest","Romania",2001.07,214,39,1963,2134,1847
2068,"Economic Analysis (Quarterly), Economic Research Institute","Bank of Korea",2001.56,252,39,2164,1737,2093
2069,"Journal of Tourism, Sustainability and Well-being, CinTurs - Research Centre for Tourism, Sustainability and Well-being","University of Algarve",2002.1,282,38.9,1851,2259,1868
2070,"The Northeast Asian Economic Review","ERINA - Economic Research Institute for Northeast Asia",2002.39,52,38.9,1818,1804,2222
2071,"Managerial Economics, AGH University of Science and Technology","Faculty of Management",2002.75,131,38.9,1970,1697,2297
2072,"Romanian Economic Business Review","Romanian-American University",2003.91,884,38.9,2173,2181,1742
2073,"Urban Planning","Cogitatio Press",2006.21,976,38.8,2252,2597,1436
2074,"EcoForum, ""Stefan cel Mare"" University of Suceava, Romania, Faculty of Economics and Public Administration - Economy","Business Administration and Tourism Department.",2006.35,405,38.8,1873,2405,1901
2075,"Gospodarka Narodowa. The Polish Journal of Economics","Warsaw School of Economics",2006.69,758,38.8,2000,2096,1937
2076,"International Journal of Business and Management","Canadian Center of Science and Education",2006.84,1824,38.7,2093,2308,1762
2077,"Notas de Población","Naciones Unidas Comisión Económica para América Latina y el Caribe (CEPAL)",2007.07,819,38.7,2361,1758,1941
2078,"International Journal of E-Entrepreneurship and Innovation (IJEEI)","IGI Global Scientific Publishing",2007.62,147,38.7,1902,2342,2033
2079,"Agricultural and Resource Economics: International Scientific E-Journal","Agricultural and Resource Economics: International Scientific E-Journal",2010.53,60,38.6,3129,2117,2529
2080,"Zeitschrift für Bankrecht und Bankwirtschaft (ZBB) / Journal of Banking Law and Banking (JBB)","RWS Verlag",2011.75,1223,38.6,2571,1759,2202
2081,"International Journal of Applied Behavioral Economics (IJABE)","IGI Global Scientific Publishing",2013.38,174,38.6,1952,1856,2332
2082,"Journal of Social Sciences (COES&RJ-JSS)","",2016.1,378,38.6,1833,2402,1524
2083,"FRACTALS (fractals)","World Scientific Publishing Co. Pte. Ltd.",2016.86,1625,38.5,1966,2601,1594
2084,"Financial Internet Quarterly (formerly e-Finanse)","Sciendo",2018.19,455,38.5,2092,1963,2151
2085,"Journal of Business Administration Research, Journal of Business Administration Research","Sciedu Press",2018.8,172,38.5,1892,1981,2053
2086,"Journal of Asian Scientific Research","Asian Economic and Social Society",2020.53,716,38.4,2262,2435,1567
2087,"Ovidius University Annals, Economic Sciences Series, Ovidius University of Constantza","Faculty of Economic Sciences",2020.89,5548,38.4,2546,2309,1463
2088,"EconoQuantum, Revista de Economia y Finanzas, Universidad de Guadalajara, Centro Universitario de Ciencias Economico Administrativas","Departamento de Metodos Cuantitativos y Maestria en Economia.",2021.2,239,38.4,2041,2064,2371
2089,"World of economics and management / Vestnik NSU. Series: Social and Economics Sciences","Socionet",2021.56,52,38.4,1840,1903,2224
2090,"Social Science Japan Journal","University of Tokyo and Oxford University Press",2021.89,721,38.3,2415,1944,1935
2091,"Journal of Islamic Monetary Economics and Finance","Bank Indonesia",2022.37,313,38.3,2051,2154,2112
2092,"Economics and Applied Informatics, ""Dunarea de Jos"" University of Galati","Faculty of Economics and Business Administration",2023.52,1153,38.3,2231,2303,1753
2093,"Journal of Social Economics Research","Conscientia Beam",2024.43,172,38.2,1792,2235,2054
2094,"Tourism Research Institute","Journal of Tourism Research",2024.91,120,38.2,1993,1974,2609
2095,"SMR - Journal of Service Management Research","Nomos Verlagsgesellschaft mbH & Co. KG",2025.03,108,38.2,2028,2224,2285
2096,"Journal of Borderlands Studies","Taylor & Francis Journals",2025.87,853,38.1,2201,1949,1944
2097,"The International Journal of Economic Behavior - IJEB, Faculty of Business and Administration","University of Bucharest",2026.29,82,38.1,1728,2217,2267
2098,"International Journal of Economics, Business and Management Studies","Online Science Publishing",2026.39,145,38.1,1640,2482,2031
2099,"International Journal of Human Resource Studies","Macrothink Institute",2027.57,306,38.1,1828,2570,1875
2100,"Mathematical and Computer Modelling of Dynamical Systems","Taylor & Francis Journals",2031.68,792,38,2056,2438,1735
2101,"Industrial Law Journal","Industrial Law Society",2034.5,173,38,2355,1730,2331
2102,"Revista de turism - studii si cercetari in turism / Journal of tourism - studies and research in tourism, ""Stefan cel Mare"" University of Suceava, Romania, Faculty of Economics and Public Administration - Economy","Business Administration and Tourism Department.",2035.64,353,38,1965,2510,1885
2103,"International Journal of Social and Administrative Sciences","Asian Economic and Social Society",2035.89,71,37.9,1702,2214,2251
2104,"Annals of the University of Petrosani, Economics, University of Petrosani","Romania",2036.31,1296,37.9,2184,2191,1955
2105,"Central Banker","Federal Reserve Bank of St. Louis",2038.43,74,37.9,2049,1722,2256
2106,"International Journal of Sustainable Energy and Environmental Research","Conscientia Beam",2040.37,110,37.9,1869,2225,2008
2107,"Review of Applied Socio-Economic Research","Pro Global Science Association",2040.93,335,37.8,1912,2265,2125
2108,"J","MDPI",2042.66,301,37.8,2016,2381,2108
2109,"International Journal of Project Organisation and Management","Inderscience Enterprises Ltd",2043.27,357,37.8,1890,2157,2134
2110,"International Journal of Contemporary Accounting Issues-IJCAI (formerly International Journal of Accounting & Finance IJAF)","The Institute of Chartered Accountants of Nigeria (ICAN)",2044.17,62,37.7,1782,2208,2238
2111,"Journal of Humanities and Applied Social Sciences","Emerald Group Publishing Limited",2045.61,56,37.7,2094,2205,2231
2112,"Revista Economica, Lucian Blaga University of Sibiu","Faculty of Economic Sciences",2047.04,1524,37.7,2480,2455,1593
2113,"International Journal of Technology Diffusion (IJTD)","IGI Global Scientific Publishing",2047.26,241,37.6,1788,2373,1857
2114,"Information Management and Business Review","AMH International",2047.9,1418,37.6,2206,2306,1757
2115,"International Journal of Applied Geospatial Research (IJAGR)","IGI Global Scientific Publishing",2048.09,276,37.6,2080,1704,2098
2116,"Serbian Association of Economists Journal","SAE - Serbian Association of Economists",2048.37,59,37.6,1806,1965,2236
2117,"Review of Development and Change","",2048.82,143,37.5,2054,1977,2310
2118,"Economi­a Agraria (Revista Economia Agraria), Agrarian Economist Association (AEA)","Chile",2048.93,67,37.5,2032,1613,2243
2119,"Asian Social Science","Canadian Center of Science and Education",2050.52,1428,37.5,2260,2452,1956
2120,"Expert Journal of Business and Management","Sprint Investify",2050.93,100,37.4,1742,2222,2001
2121,"Permafrost and Periglacial Processes","John Wiley & Sons",2053.54,1245,37.4,2007,2527,1755
2122,"Metamorphosis: A Journal of Management Research","",2053.8,158,37.4,1899,2345,2045
2123,"International Journal of Sustainable Entrepreneurship and Corporate Social Responsibility (IJSECSR)","IGI Global Scientific Publishing",2055.59,54,37.3,1870,1964,2228
2124,"International Journal of Information Systems and Social Change (IJISSC)","IGI Global Scientific Publishing",2056.8,264,37.3,2081,2146,1862
2125,"Journal of Policy Research (JPR)","Research Foundation for Humanity (RFH)",2056.97,289,37.3,2182,2151,1870
2126,"Journal of Global Economy, Research Centre for Social Sciences,Mumbai","India",2057.57,299,37.3,2136,2071,1872
2127,"European Journal of Business Science and Technology, Mendel University in Brno","Faculty of Business and Economics",2059.32,148,37.2,1922,2232,2035
2128,"Studies on Russian Economic Development","Springer",2059.35,2196,37.2,1876,2534,1458
2129,"Journal Articles","Center For Economic Analyses",2059.46,87,37.2,1975,1677,2570
2130,"Business and Management Horizons","Macrothink Institute",2060.84,64,37.1,1632,2316,2240
2131,"International Journal of Information Systems and Change Management","Inderscience Enterprises Ltd",2062.95,225,37.1,1994,2063,2080
2132,"Defense & Security Analysis","Taylor & Francis Journals",2064.19,835,37.1,2375,1887,1943
2133,"Revista Galega de Economía","University of Santiago de Compostela. Faculty of Economics and Business.",2064.28,508,37.1,2273,2169,1919
2134,"Manager Journal, Faculty of Business and Administration","University of Bucharest",2064.99,500,37,2039,2425,1539
2135,"Journal of Accounting and Finance in Emerging Economies, CSRC Publishing","Center for Sustainability Research and Consultancy Pakistan",2066.36,388,37,2079,2162,2138
2136,"Media and Communication","Cogitatio Press",2068.03,1150,37,2372,2728,1442
2137,"HISTORY OF ECONOMIC THOUGHT AND POLICY","FrancoAngeli Editore",2070.57,252,36.9,2305,1702,2376
2138,"Arab Gulf Journal of Scientific Research","Emerald Group Publishing Limited",2073.95,190,36.9,1920,2491,2341
2139,"Review of European Studies","Canadian Center of Science and Education",2076.65,181,36.9,2332,1810,2335
2140,"Economy of region, Centre for Economic Security","Institute of Economics of Ural Branch of Russian Academy of Sciences",2077,1609,36.8,2060,2457,1759
2141,"Social Inclusion","Cogitatio Press",2078.12,1311,36.8,2576,2530,1447
2142,"New Mathematics and Natural Computation (NMNC)","World Scientific Publishing Co. Pte. Ltd.",2079.28,629,36.8,2146,2018,1930
2143,"Papeles de Europa, Universidad Complutense de Madrid, Facultad de Ciencias Económicas y Empresariales","Instituto Complutense de Estudios Internacionales (ICEI)",2080.28,131,36.8,2297,1910,2298
2144,"R-Economy, Ural Federal University","Graduate School of Economics and Management",2081.03,336,36.7,1941,2266,2126
2145,"International Journal of Engineering Management and Economics","Inderscience Enterprises Ltd",2081.31,109,36.7,1972,2048,2286
2146,"Partial Differential Equations and Applications","Springer",2082.37,373,36.7,2438,2158,2136
2147,"APSTRACT: Applied Studies in Agribusiness and Commerce","AGRIMBA",2084.1,395,36.6,2189,1927,1899
2148,"Indian Journal of Gender Studies","Centre for Women's Development Studies",2084.16,1097,36.6,2457,1891,1950
2149,"International Journal of Management and Economics, Warsaw School of Economics","Collegium of World Economy",2084.63,392,36.6,2309,1873,2140
2150,"Journal of Economic Impact","Science Impact Publishers",2084.66,216,36.6,2103,2062,2353
2151,"ORDO. Jahrbuch für die Ordnung von Wirtschaft und Gesellschaft","De Gruyter",2086.52,773,36.5,2511,2097,1940
2152,"Journal of Social and Administrative Sciences","EconSciences Journals",2087.12,203,36.5,1960,2133,1841
2153,"Journal of Community Positive Practices","Catalactica NGO",2088.62,450,36.5,2191,2007,1911
2154,"Jurnal Ekonomi Malaysia, Faculty of Economics and Business","Universiti Kebangsaan Malaysia",2090.05,535,36.4,2163,2087,2163
2155,"Noble International Journal of Business and Management Research","Noble Academic Publsiher",2091.52,67,36.4,1911,2320,2242
2156,"Travail et Emploi","La DARES",2092.02,415,36.4,2530,1827,2426
2157,"SEA - Practical Application of Science, Romanian Foundation for Business Intelligence","Editorial Department",2092.03,878,36.3,2145,2525,1740
2158,"Health Systems","Taylor & Francis Journals",2092.18,293,36.3,2149,2070,2105
2159,"Cuadernos de Gestión","Universidad del País Vasco - Instituto de Economía Aplicada a la Empresa (IEAE)",2093.31,375,36.3,1947,2513,1895
2160,"Merits","MDPI",2095.02,147,36.3,1984,2483,2316
2161,"Agricultural Economics and Rural Development","Institute of Agricultural Economics",2096.1,350,36.2,2083,2394,1883
2162,"Perfil de Coyuntura Económica, Universidad de Antioquia","CIE",2096.31,183,36.2,2122,1773,2336
2163,"International Journal of Critical Accounting","Inderscience Enterprises Ltd",2098.36,376,36.2,2063,2270,2137
2164,"China Political Economy","Emerald Group Publishing Limited",2098.6,111,36.1,2064,2049,2600
2165,"PLOS Pathogens","Public Library of Science",2099.33,151,36.1,1915,2234,2039
2166,"Agrarian South: Journal of Political Economy","Centre for Agrarian Research and Education for South",2101.33,308,36.1,2311,2073,2110
2167,"European Countryside","Sciendo",2102.83,502,36,2243,2282,1712
2168,"Border Crossing, Transnational Press London","UK",2106.91,145,36,2266,2056,2314
2169,"International Journal of Business Analytics (IJBAN)","IGI Global Scientific Publishing",2107.14,203,36,1997,2242,2349
2170,"Abstract and Applied Analysis","Hindawi",2107.58,11060,36,2390,2783,1237
2171,"Economic Analysis","Institute of Economic Sciences",2108.2,125,35.9,1974,2053,2018
2172,"Quaestiones Geographicae","Sciendo",2108.34,694,35.9,2256,2294,2179
2173,"The British Journal of Criminology","Centre for Crime and Justice Studies",2110.33,440,35.9,2253,2167,2434
2174,"Romanian Statistical Review Supplement","Romanian Statistical Review",2110.66,864,35.8,2068,2444,2193
2175,"Journal of Southern African Studies","Taylor & Francis Journals",2110.92,1343,35.8,2506,1953,2209
2176,"Annals of University of Craiova - Economic Sciences Series, University of Craiova","Faculty of Economics and Business Administration",2111.04,881,35.8,2369,2300,1741
2177,"Sosyoekonomi Journal","Sosyoekonomi Society",2111.34,585,35.8,2278,2090,2174
2178,"Revista de Economía Política de Buenos Aires, Universidad de Buenos Aires, Facultad de Ciencias Económicas","Instituto Interdisciplinario de Economía Política IIEP (UBA-CONICET)",2111.35,128,35.7,2368,1850,2616
2179,"Tržište/Market, Faculty of Economics and Business","University of Zagreb",2112.61,326,35.7,1979,2263,1882
2180,"Oradea Journal of Business and Economics, University of Oradea","Faculty of Economics",2114.54,210,35.7,1928,2245,2351
2181,"Journal of Information Privacy and Security","Taylor & Francis Journals",2116.3,308,35.6,2066,2383,2111
2182,"International Journal of Human Capital and Information Technology Professionals (IJHCITP)","IGI Global Scientific Publishing",2117.78,278,35.6,1857,2498,2099
2183,"ZfKE – Zeitschrift für KMU und Entrepreneurship, Duncker & Humblot","Berlin",2118.55,257,35.6,2167,2142,2094
2184,"Journal of Public Administration, Finance and Law, Alexandru Ioan Cuza University","Faculty of Economics and Business Administration",2121,188,35.5,2052,2357,2064
2185,"Journal of Advances in Humanities and Social Sciences","Dr. Yi-Hsing Hsieh",2121.61,140,35.5,1455,2820,2029
2186,"Business & Entrepreneurship Journal","SCIENPRESS Ltd",2124.51,85,35.5,1945,2218,1989
2187,"Boletín Análisis & Propuesta","Grupo de Análisis para el Desarrollo (GRADE)",2125.09,86,35.5,2512,1567,2568
2188,"Business Review, School of Economics and Social Sciences","IBA Karachi",2126.42,63,35.4,1976,2209,2534
2189,"International Journal of Business Intelligence Research (IJBIR)","IGI Global Scientific Publishing",2127.68,171,35.4,2058,2349,2051
2190,"Smart Cities and Regional Development (SCRD) Journal, Smart-EDU Hub, Faculty of Public Administration","National University of Political Studies & Public Administration",2128.51,186,35.4,1866,2640,2061
2191,"Fedgazette","Federal Reserve Bank of Minneapolis",2129.43,503,35.3,2662,1543,2443
2192,"Global Economic Observer, ""Nicolae Titulescu"" University of Bucharest","Faculty of Economic Sciences;Institute for World Economy of the Romanian Academy",2132.29,432,35.3,2187,2413,1907
2193,"International Journal of Economics and Accounting","Inderscience Enterprises Ltd",2133.55,247,35.3,2127,1986,2374
2194,"Közgazdasági Szemle (Economic Review - monthly of the Hungarian Academy of Sciences)","Közgazdasági Szemle Alapítvány (Economic Review Foundation)",2133.65,2247,35.3,2547,1957,2216
2195,"Remef - Revista Mexicana de Economía y Finanzas Nueva Época REMEF (The Mexican Journal of Economics and Finance), Instituto Mexicano de Ejecutivos de Finanzas","IMEF",2133.69,466,35.2,2365,2008,2153
2196,"Central European Management Journal","Emerald Group Publishing Limited",2135.13,74,35.2,2208,2120,2555
2197,"South African Journal of Accounting Research","Taylor & Francis Journals",2135.14,276,35.2,2143,2257,2381
2198,"International Journal of Adult Vocational Education and Technology (IJAVET)","IGI Global Scientific Publishing",2137.32,197,35.1,2161,1861,2344
2199,"Nursing Research and Practice","Hindawi",2140.43,607,35.1,2004,2200,1927
2200,"International Journal of Service Science, Management, Engineering, and Technology (IJSSMET)","IGI Global Scientific Publishing",2140.8,371,35.1,2071,2512,1893
2201,"China Report","",2141,2461,35,2750,2196,1963
2202,"International Journal for Research in Vocational Education and Training (IJRVET), European Research Network in Vocational Education and Training (VETNET)","European Educational Research Association",2141.16,199,35,2153,2132,2346
2203,"Russian Journal of Agricultural and Socio-Economic Sciences","CyberLeninka;Редакция журнала Russian Journal of Agricultural and Socio-Economic Sciences",2141.5,446,35,2159,2168,1909
2204,"Journal of Economics Bibliography","EconSciences Journals",2142.23,257,35,1973,2379,1858
2205,"Organization Management Journal","Emerald Group Publishing Limited",2142.51,76,34.9,2043,2473,2260
2206,"Finante - provocarile viitorului (Finance - Challenges of the Future), University of Craiova","Faculty of Economics and Business Administration",2142.88,439,34.9,2234,2277,1908
2207,"Acta Oeconomica Pragensia","Prague University of Economics and Business",2143.75,605,34.9,2494,2015,2175
2208,"Futures & Foresight Science","John Wiley & Sons",2143.89,208,34.8,2271,2244,2350
2209,"Sobre México. Revista de Economía","Sobre México. Temas en economía",2145.71,101,34.8,2413,1723,2587
2210,"International Journal of Business Continuity and Risk Management","Inderscience Enterprises Ltd",2146.68,317,34.8,2089,2155,2395
2211,"International Journal of Decision Sciences, Risk and Management","Inderscience Enterprises Ltd",2148.16,151,34.8,1927,2233,2320
2212,"Sukkur IBA Journal of Management and Business","Sukkur IBA University",2153.8,77,34.7,1796,2324,2262
2213,"International Journal of Process Management and Benchmarking","Inderscience Enterprises Ltd",2154.78,584,34.7,2111,2428,1925
2214,"International Journal of Management Sciences","Research Academy of Social Sciences",2154.92,409,34.7,2140,2275,1902
2215,"SEER Journal for Labour and Social Affairs in Eastern Europe","Nomos Verlagsgesellschaft mbH & Co. KG",2156.11,395,34.6,2432,1874,2424
2216,"Review of Business and Economics Studies // Review of Business and Economics Studies","Финансовый Университет // Financial University",2156.63,240,34.6,2301,2035,2088
2217,"Journal of Economic and Social Thought","EconSciences Journals",2156.78,231,34.6,1895,2369,2084
2218,"Revista de Administración, Finanzas y Economía (Journal of Management, Finance and Economics), Tecnológico de Monterrey","Campus Ciudad de México",2157.66,78,34.5,2209,1970,2263
2219,"WIFO Bulletin","WIFO",2158.29,133,34.5,2362,1769,2300
2220,"Insight on Africa","",2160.34,261,34.5,2312,2145,2379
2221,"Econ Focus","Federal Reserve Bank of Richmond",2160.8,1317,34.5,2809,1713,2489
2222,"International Journal of Cloud Applications and Computing (IJCAC)","IGI Global Scientific Publishing",2161.77,352,34.4,2108,2395,2131
2223,"Theory Methodology Practice (TMP), Faculty of Economics","University of Miskolc",2161.9,292,34.4,2197,2152,2104
2224,"International Journal of Innovation in the Digital Economy (IJIDE)","IGI Global Scientific Publishing",2164.23,259,34.4,2107,2143,2378
2225,"Spatial Economics=Prostranstvennaya Ekonomika, Economic Research Institute, Far Eastern Branch, Russian Academy of Sciences (Khabarovsk","Russia)",2164.44,947,34.3,2190,2445,1747
2226,"Business Management and Strategy","Macrothink Institute",2164.58,202,34.3,2026,2360,2348
2227,"Business & Management Compass","University of Economics Varna",2164.8,418,34.3,2242,2408,2145
2228,"Central Asian Survey","Taylor & Francis Journals",2167,931,34.2,2422,2100,2197
2229,"Perspectives of Innovation in Economics and Business (PIEB)","Prague Development Center",2167.54,288,34.2,2207,1990,2103
2230,"Junior Scientific Researcher","SC Research Publishing SRL",2167.72,72,34.2,1961,2039,2549
2231,"International Journal of Science and Business","IJSAB International",2168.03,892,34.2,2374,2526,1574
2232,"European Journal of Economics and Business Studies Articles","Revistia Research and Publishing",2172.08,354,34.1,2333,2076,2133
2233,"International Journal of Decision Support System Technology (IJDSST)","IGI Global Scientific Publishing",2173.9,340,34.1,2024,2390,2128
2234,"Studies and Scientific Researches. Economics Edition, ""Vasile Alecsandri"" University of Bacau","Faculty of Economic Sciences",2175.26,314,34.1,2404,1871,2393
2235,"Transnational Marketing Journal, Oxbridge Publishing House","UK",2175.27,138,34,2023,2341,2304
2236,"Hyperion Economic Journal, Faculty of Economic Sciences, Hyperion University of Bucharest","Romania",2176.65,130,34,2138,2129,2296
2237,"International Journal of Organisational Design and Engineering","Inderscience Enterprises Ltd",2178.09,66,34,2021,2211,2241
2238,"The Review of Socionetwork Strategies","Springer",2178.16,195,34,2130,2240,2343
2239,"Water Conservation & Management (WCM)","Zibeline International Publishing",2178.53,70,33.9,1880,2213,2248
2240,"Journal of Tourism Management Research","Conscientia Beam",2179.42,151,33.9,1969,2484,2038
2241,"Telecommunication Systems: Modelling, Analysis, Design and Management","Springer",2182.13,1418,33.9,2166,2600,1758
2242,"International Journal of Applied Logistics (IJAL)","IGI Global Scientific Publishing",2182.2,154,33.8,2157,2344,2322
2243,"Journal of Baltic Studies","Taylor & Francis Journals",2184.28,702,33.8,2528,1942,2180
2244,"Otras investigaciones","Consorcio de Investigación Económica y Social",2185.49,123,33.8,2470,1696,2611
2245,"Journal of Entrepreneurship and Business Innovation, Macrothink Institute","Journal of Entrepreneurship and Business Innovation",2185.87,70,33.7,2008,2322,2542
2246,"Kobe Economic & Business Review, Research Institute for Economics & Business Administration","Kobe University",2186,187,33.7,2540,1916,2339
2247,"International Journal of Agricultural Management and Development (IJAMAD)","Iranian Association of Agricultural Economics",2186.35,227,33.7,2280,2249,2082
2248,"Journal of Human Resource Management, Comenius University in Bratislava","Faculty of Management",2187.94,109,33.7,2036,2337,2287
2249,"American Journal of Social Sciences and Humanities","Online Science Publishing",2188.37,157,33.6,1886,2485,2324
2250,"RIVISTA DI STUDI SULLA SOSTENIBILITA'","FrancoAngeli Editore",2189.19,503,33.6,2077,2426,1915
2251,"Journal of Scientific Reports","IJSAB International",2189.83,79,33.6,1797,2820,2264
2252,"International Journal of Research in Business and Social Science (2147-4478)","Center for the Strategic Studies in Business and Finance",2190.06,2670,33.5,2308,2532,1964
2253,"Economía: teoría y práctica, Universidad Autónoma Metropolitana","México",2191.87,233,33.5,2325,1985,2363
2254,"Journal of Mathematics","Hindawi",2193.69,4099,33.5,2335,2756,1599
2255,"Planning Perspectives","Taylor & Francis Journals",2194.13,1068,33.5,2261,2446,1949
2256,"International Journal of Information Technology and Management","Inderscience Enterprises Ltd",2196.49,541,33.4,2110,2288,2165
2257,"Revista de Economia e Agronegócio / Brazilian Review of Economics and Agribusiness, Federal University of Vicosa","Department of Agricultural Economics",2197.05,237,33.4,2295,1919,2694
2258,"International Journal of System Dynamics Applications (IJSDA)","IGI Global Scientific Publishing",2197.58,247,33.4,1981,2376,2090
2259,"Gakushuin Economic Papers, Gakushuin University","Faculty of Economics",2197.83,220,33.3,2488,1917,2355
2260,"International Journal of Information System Modeling and Design (IJISMD)","IGI Global Scientific Publishing",2198.83,299,33.3,2274,1991,2387
2261,"Baltic Journal of Economic Studies","Publishing house ""Baltija Publishing""",2200.18,1270,33.3,2142,2529,1953
2262,"Evidence-based HRM","Emerald Group Publishing Limited",2200.55,317,33.2,2417,1993,2396
2263,"CIRIEC-España, revista de economía pública, social y cooperativa","CIRIEC-España",2200.79,337,33.2,2175,2267,2127
2264,"International Journal of Energy Optimization and Engineering (IJEOE)","IGI Global Scientific Publishing",2201.16,216,33.2,1954,2493,2077
2265,"International Journal of Knowledge and Systems Science (IJKSS)","IGI Global Scientific Publishing",2201.22,267,33.2,2249,2149,2096
2266,"Journal of Marketing and Consumer Behaviour in Emerging Markets, University of Warsaw","Faculty of Management",2202.19,69,33.1,2001,2321,2247
2267,"RAC - Revista de Administração Contemporânea (Journal of Contemporary Administration)","ANPAD - Associação Nacional de Pós-Graduação e Pesquisa em Administração",2202.36,1651,33.1,2427,2458,1760
2268,"Revista Finanzas y Politica Economica","Universidad Católica de Colombia",2202.88,303,33.1,2265,2153,2390
2269,"Journal of Advances in Technology and Engineering Research","A/Professor Akbar A. Khatibi",2206,116,33,1566,2820,2011
2270,"Revista Economía y Región","Universidad Tecnológica de Bolívar",2206.28,190,33,2292,2358,2066
2271,"Postmodern Openings, Editura Lumen","Department of Economics",2207.63,726,33,2241,2592,1936
2272,"Social Sciences and Education Research Review, Department of Communication, Journalism and Education Sciences","University of Craiova",2208.19,551,32.9,2339,2701,1923
2273,"Internal Auditing and Risk Management","Athenaeum University of Bucharest",2210.1,430,32.9,2289,2084,2146
2274,"Transportation Journal","John Wiley & Sons",2210.74,494,32.9,2300,2424,2158
2275,"Waste","MDPI",2210.78,137,32.9,2120,2553,2303
2276,"Journal of Contemporary Research in Social Sciences","Learning Gate",2211.26,70,32.8,2236,1967,2543
2277,"Journal ""Region: Economics and Sociology""","Institute of Economics and Industrial Engineering of Siberian Branch of RAS",2212.5,1012,32.8,2437,2302,1948
2278,"International Journal of Corporate Finance and Accounting (IJCFA)","IGI Global Scientific Publishing",2212.63,72,32.8,2248,1907,2550
2279,"The USV Annals of Economics and Public Administration, Stefan cel Mare University of Suceava, Romania","Faculty of Economics and Public Administration",2213.05,997,32.7,2186,2722,1946
2280,"Journal of Applied Management and Investments, Department of Business Administration and Corporate Security","International Humanitarian University",2214.04,324,32.7,2222,2156,2116
2281,"INFORMS Transactions on Education","INFORMS",2214.84,195,32.7,2591,2241,1647
2282,"NISPAcee Journal of Public Administration and Policy","Sciendo",2215.28,264,32.7,2229,2256,2095
2283,"Small Wars and Insurgencies","Taylor & Francis Journals",2215.81,848,32.6,2507,1948,2480
2284,"Studia Universitatis „Vasile Goldis” Arad – Economics Series","Sciendo",2216.4,240,32.6,2139,2372,2373
2285,"Ethics and Economics, CREUM","Université de Montréal",2216.57,51,32.6,2210,1803,2511
2286,"International Journal of Higher Education","Sciedu Press",2217.12,1460,32.5,2100,2818,1957
2287,"Revue de l'OCDE sur le développement","Éditions OCDE",2217.29,64,32.5,2283,1844,2536
2288,"International Journal of Technology and Engineering Studies","PROF.IR.DR.Mohid Jailani Mohd Nor",2217.92,136,32.5,1569,2820,2024
2289,"Public administration issues","Higher School of Economics",2218.53,702,32.4,2172,2295,2181
2290,"Asian Journal of Social Sciences and Management Studies","Asian Online Journal Publishing Group",2219.29,226,32.4,2073,2494,2081
2291,"Journal of Business & Management (COES&RJ-JBM)","",2219.51,97,32.4,1897,2332,2279
2292,"Business, Management and Economics Research","Academic Research Publishing Group",2219.82,139,32.4,2141,2055,2307
2293,"Journal of Economics Library","EconSciences Journals",2220.26,250,32.3,2109,2253,2092
2294,"International Journal of Innovation in Management, Economics and Social Sciences","International Scientific Network (ISNet)",2220.44,63,32.3,2347,2210,2535
2295,"Journal of Internet Banking and Commerce","Nahum Goldmann",2221.25,542,32.3,2330,2170,2450
2296,"Management of Sustainable Development, Lucian Blaga University of Sibiu","Faculty of Economic Sciences",2222.97,333,32.2,2406,2202,2123
2297,"Briefs","Fondazione Eni Enrico Mattei",2223.01,57,32.2,2165,2115,2522
2298,"South Asian Journal of Business and Management Cases","",2223.8,333,32.2,2215,2388,2124
2299,"International Journal of Humanities, Arts and Social Sciences","Dr. Mohammad Hamad Al-khresheh",2225.41,172,32.2,1643,2820,2052
2300,"International Journal of Environmental Sciences & Natural Resources","Juniper Publishers Inc.",2225.54,644,32.1,2270,2432,1931
2301,"Journal of Quantitative Criminology","Springer",2225.94,727,32.1,2419,2522,2185
2302,"Journal of Education and e-Learning Research","Asian Online Journal Publishing Group",2226.66,521,32.1,2106,2587,1920
2303,"International Journal of Finance, Insurance and Risk Management, International Journal of Finance","Insurance and Risk Management",2226.91,409,32,2357,2274,2425
2304,"Action Learning: Research and Practice","Taylor & Francis Journals",2228.75,821,32,2441,2178,1942
2305,"Yildiz Social Science Review","Yildiz Technical University",2230.06,128,32,2465,2054,2617
2306,"International Journal of Network Management","John Wiley & Sons",2232.38,395,31.9,2285,2272,2141
2307,"ZEW Wachstums- und Konjunkturanalysen","ZEW - Leibniz Centre for European Economic Research",2232.82,145,31.9,2474,1912,2312
2308,"De Computis","Universidad Pablo de Olavide",2233.77,110,31.9,2267,1973,2599
2309,"Journal of Studies in Dynamics and Change (JSDC), ISSN: 2348-7038, Voices of Inclusive Change and Expressions- (VOICE) Trust, Dehradun","Uttarakhand",2234.05,71,31.9,2193,2119,2252
2310,"New York Economic Review","New York State Economics Association (NYSEA)",2235.68,72,31.8,2807,1675,2253
2311,"Ekonomika a Management","Prague University of Economics and Business",2235.86,290,31.8,2392,1868,2384
2312,"Knowledge Horizons - Economics, Faculty of Finance, Banking and Accountancy Bucharest","""Dimitrie Cantemir"" Christian University Bucharest",2237.09,712,31.8,2319,2434,2182
2313,"Acta Universitatis Sapientiae, Economics and Business","Sciendo",2238.43,89,31.7,2610,1766,2273
2314,"Zeitschrift für Immobilienökonomie (German Journal of Real Estate Research)","Springer;Gesellschaft für Immobilienwirtschaftliche Forschung e. V.",2241.12,59,31.7,2211,1966,2526
2315,"Journal for Markets and Ethics","Sciendo",2241.66,50,31.7,2327,2038,2507
2316,"ARGOMENTI","FrancoAngeli Editore",2243.78,234,31.7,2318,2138,2366
2317,"JOURNAL OF LIFE ECONOMICS","Holistence Publications",2244.1,229,31.6,2391,2136,2361
2318,"Ekonomika (Economics)","Sciendo",2244.31,89,31.6,2203,2043,2574
2319,"Interdisciplinary Management Research, Josip Juraj Strossmayer University of Osijek, Faculty of Economics","Croatia",2244.94,445,31.6,2346,2005,2437
2320,"Agriculture and Food Sciences Research","Asian Online Journal Publishing Group",2245.44,154,31.5,2156,2343,1809
2321,"Global Journal of Social Sciences Studies","Online Science Publishing",2246.74,95,31.5,2034,2329,2278
2322,"Professional Agricultural Workers Journal (PAWJ)","Professional Agricultural Workers Conference",2246.75,89,31.5,2452,1848,2274
2323,"BRAND. Broad Research in Accounting, Negotiation, and Distribution","EduSoft Publishing",2247.27,94,31.4,2025,2545,2277
2324,"International Journal of Rail Transportation","Taylor & Francis Journals",2250.15,360,31.4,2185,2398,2135
2325,"Entreprendre & innover","De Boeck Université",2251.69,484,31.4,2446,2279,2441
2326,"Paradigm","",2253.21,631,31.4,2263,2431,2176
2327,"Journal of Emerging Trends in Marketing and Management","The Bucharest University of Economic Studies",2254.59,272,31.3,2125,2497,2097
2328,"East Asian Policy (EAP)","World Scientific Publishing Co. Pte. Ltd.",2256.07,405,31.3,2323,2001,2768
2329,"Stochastics and Quality Control","De Gruyter",2257.79,391,31.3,2379,2271,2139
2330,"Il Pensiero Economico Italiano, Fabrizio Serra Editore","Pisa - Roma",2258.8,402,31.2,2534,2111,2142
2331,"Management and Labour Studies, XLRI Jamshedpur","School of Business Management & Human Resources",2259.66,879,31.2,2421,2179,2194
2332,"Noble International Journal of Social Sciences Research","Noble Academic Publsiher",2259.91,83,31.2,2135,2327,2561
2333,"Global Economics Review","Humanity Only",2260.03,80,31.1,2220,2216,2559
2334,"Journal of Rural Development/Nongchon-Gyeongje","Korea Rural Economic Institute",2260.76,804,31.1,2570,2297,2190
2335,"Bridges","Federal Reserve Bank of St. Louis",2263.47,143,31.1,2802,1621,2633
2336,"Journal of AI, Robotics & Workplace Automation","Henry Stewart Publications",2263.89,133,31.1,2542,1975,2624
2337,"iRASD Journal of Management","International Research Alliance for Sustainable Development (iRASD)",2265.46,63,31,2097,2469,2533
2338,"Economic Consultant","Scientific and Educational Initiative LLC",2265.91,198,31,2580,2131,2345
2339,"International Journal of Sustainable Agricultural Research","Conscientia Beam",2266.12,192,31,2221,2239,2067
2340,"Journal of Supply Chain Management, Logistics and Procurement","Henry Stewart Publications",2267.83,256,30.9,2765,2067,2703
2341,"Academica Turistica - Tourism and Innovation Journal","University of Primorska Press",2267.84,199,30.9,2121,2359,2347
2342,"Pure Mathematics and Applications, Department of Mathematics","Corvinus University of Budapest",2269.76,659,30.9,2495,2092,2178
2343,"Journal of Airport Management","Henry Stewart Publications",2269.93,783,30.9,2386,2524,2474
2344,"International Journal of Applied and Physical Sciences","Dr K.Vivehananthan",2270.59,64,30.8,1596,2820,2239
2345,"International Journal of Applied Metaheuristic Computing (IJAMC)","IGI Global Scientific Publishing",2270.66,326,30.8,2284,2387,2117
2346,"Tourism and Hospitality","MDPI",2271.16,449,30.8,2326,2516,2148
2347,"Journal of New Economy","Ural State University of Economics",2272.38,250,30.7,2239,2254,2375
2348,"The Journal of Social Sciences Research","Academic Research Publishing Group",2272.61,1208,30.7,2337,2598,1951
2349,"Eastern European Countryside","Sciendo",2273.61,158,30.7,2099,2486,2325
2350,"Real Estate Management and Valuation","Sciendo",2274.43,486,30.6,2442,2281,2156
2351,"International Journal of Statistics and Probability","Canadian Center of Science and Education",2275.67,230,30.6,2310,2368,2362
2352,"Croatian Review of Economic, Business and Social Statistics","Croatian Statistical Association",2275.78,112,30.6,2202,2203,2601
2353,"Журнал Экономика и математические методы (ЭММ)","Центральный Экономико-Математический Институт (ЦЭМИ)",2280.24,905,30.6,2747,2183,2196
2354,"Revista Sociedad y Economía, Universidad del Valle","CIDSE",2280.87,354,30.5,2536,2397,2132
2355,"Proceedings of the INTERNATIONAL MANAGEMENT CONFERENCE, Faculty of Management, Academy of Economic Studies, Bucharest","Romania",2283.46,1276,30.5,2338,2732,1954
2356,"Revue internationale de droit économique","De Boeck Université",2283.52,540,30.5,2541,2088,2449
2357,"International Journal of Swarm Intelligence Research (IJSIR)","IGI Global Scientific Publishing",2284.78,332,30.4,2168,2506,2122
2358,"International Journal of Sociotechnology and Knowledge Development (IJSKD)","IGI Global Scientific Publishing",2286.26,299,30.4,2200,2664,2107
2359,"Journal of Tourismology, Istanbul University","Faculty of Economics",2286.26,56,30.4,2069,2820,2230
2360,"Scientific Bulletin - Economic Sciences","University of Pitesti",2286.76,342,30.4,2247,2392,2409
2361,"Database Systems Journal, Academy of Economic Studies - Bucharest","Romania",2287,220,30.3,2230,2366,2079
2362,"NIM Marketing Intelligence Review","Sciendo",2287.88,284,30.3,2358,2150,2714
2363,"Regards croisés sur l'économie","La Découverte",2289.1,891,30.3,2730,2099,2482
2364,"International Journal of Public Policy and Administration Research","Conscientia Beam",2298.26,108,30.2,1968,2547,2284
2365,"PLOS Global Public Health","Public Library of Science",2301.87,1400,30.2,2566,2531,2211
2366,"Вісник економіки транспорту і промисловості","CyberLeninka;Украинская государственная академия железнодорожного транспорта",2302.75,1595,30.2,2692,2194,1958
2367,"Juridical Tribune - Review of Comparative and International Law","Bucharest Academy of Economic Studies",2304.2,540,30.1,2225,2588,2164
2368,"JOURNAL STUDIA UNIVERSITATIS BABES-BOLYAI NEGOTIA, Babes-Bolyai University","Faculty of Business",2307.13,444,30.1,2290,2416,2436
2369,"EURINT, Centre for European Studies","Alexandru Ioan Cuza University",2307.15,187,30.1,2198,2356,2340
2370,"Applied Economics Teaching Resources (AETR)","Agricultural and Applied Economics Association",2309.91,183,30.1,2604,2058,2663
2371,"International Journal of Distributed Sensor Networks","",2311.96,4127,30,2621,2820,1462
2372,"Economics - The Open-Access, Open-Assessment Journal","De Gruyter",2312.24,185,30,2567,2236,2664
2373,"OLSZTYN ECONOMIC JOURNAL, University of Warmia and Mazury in Olsztyn","Faculty of Economic Sciences",2314.05,282,30,2098,2567,2102
2374,"Histoire, économie & société","Editions NecPlus",2314.22,1569,29.9,2890,1955,2495
2375,"Higher Education Studies","Canadian Center of Science and Education",2314.93,574,29.9,2134,2820,2171
2376,"Economic Thought and Practice, Department of Economics and Business","University of Dubrovnik",2315.21,558,29.9,2418,2519,2168
2377,"Rural Areas and Development","European Rural Development Network (ERDN)",2315.74,252,29.8,2195,2377,2377
2378,"International Journal of Digital Literacy and Digital Competence (IJDLDC)","IGI Global Scientific Publishing",2318.75,212,29.8,2433,2061,2352
2379,"Journal of Balkan and Near Eastern Studies","Taylor & Francis Journals",2319.12,857,29.8,2509,2442,2192
2380,"Alphanumeric Journal","Bahadir Fatih Yildirim",2319.2,238,29.8,2251,2496,2087
2381,"International Journal of Data Warehousing and Mining (IJDWM)","IGI Global Scientific Publishing",2320.88,383,29.7,2245,2403,2420
2382,"Economic and Social Journal (Economisch en Sociaal Tijdschrift), University of Antwerp","Faculty of Business and Economics",2322.29,407,29.7,2514,2002,2770
2383,"Journal of Optimization","Hindawi",2322.87,88,29.7,2022,2474,2572
2384,"Management Intercultural, Romanian Foundation for Business Intelligence","Editorial Department",2322.97,407,29.6,2322,2689,2143
2385,"International Journal of Reliability and Safety","Inderscience Enterprises Ltd",2326.93,320,29.6,2038,2820,2115
2386,"Konjunktur aktuell","Halle Institute for Economic Research (IWH)",2327.36,104,29.6,2344,2047,2592
2387,"International Journal of Information Technology Project Management (IJITPM)","IGI Global Scientific Publishing",2327.38,297,29.6,2112,2569,2386
2388,"Folia Oeconomica Stetinensia","Sciendo",2328.39,509,29.5,2481,2427,2161
2389,"Agricultural Letter","Federal Reserve Bank of Chicago",2328.67,87,29.5,2473,2123,2271
2390,"Zeitschrift für das gesamte Genossenschaftswesen","De Gruyter",2330.56,1362,29.5,2674,2599,2210
2391,"International Journal of Intelligent Enterprise","Inderscience Enterprises Ltd",2330.88,239,29.4,2244,2370,2370
2392,"Review of Social Sciences","LAR Center Press",2332.2,50,29.4,2137,2312,2505
2393,"Regionální studia","Prague University of Economics and Business",2332.84,84,29.4,2492,1971,2563
2394,"Mediterranean Journal of Social Sciences","Sciendo",2333.31,429,29.3,2454,2412,1906
2395,"Biostatistics and Biometrics Open Access Journal","Juniper Publishers Inc.",2333.83,236,29.3,2393,2252,2368
2396,"IBSU Scientific Journal","International Black Sea University",2334.1,106,29.3,2350,2335,2283
2397,"MANAGEMENT CONTROL","FrancoAngeli Editore",2336.09,438,29.3,2282,2415,2433
2398,"Asian Agricultural Research","USA-China Science and Culture Media Corporation",2336.54,2203,29.2,2706,2460,1961
2399,"Environmental Values","",2338.87,340,29.2,2502,2268,2741
2400,"International Journal of Information Communication Technologies and Human Development (IJICTHD)","IGI Global Scientific Publishing",2338.92,239,29.2,2356,2371,2372
2401,"Naše gospodarstvo/Our economy","Sciendo",2339.94,264,29.1,2359,2380,2380
2402,"Anale. Seria Stiinte Economice. Timisoara, Faculty of Economics","Tibiscus University in Timisoara",2340.7,431,29.1,2468,2165,2432
2403,"Revista OEconomica, Romanian Society for Economic Science","Revista OEconomica",2341.47,615,29.1,2489,2706,2456
2404,"International Journal of Differential Equations","Hindawi",2342.86,574,29.1,2105,2753,2172
2405,"Acta Electronica Malaysia (AEM)","Zibeline International Publishing",2342.98,50,29,1935,2606,2221
2406,"Apuntes del Cenes","Universidad Pedagógica y Tecnológica de Colombia",2343.76,426,29,2490,2410,2429
2407,"International Journal of Sciences","Office ijSciences",2344.21,1169,29,2702,2447,2199
2408,"Acta Mechanica Malaysia (AMM)","Zibeline International Publishing",2344.32,68,28.9,1883,2820,2245
2409,"Studies in Social Sciences and Humanities","Research Academy of Social Sciences",2344.61,86,28.9,2598,1765,2939
2410,"Revista IntegraciÃ³n y Comercio (Integration and Trade Journal), Inter-American Development Bank","INTAL",2345.11,116,28.9,2548,2050,2289
2411,"Diagnóstico y propuesta","Consorcio de Investigación Económica y Social",2346.09,71,28.8,2618,1969,2546
2412,"International Journal of Information Security and Privacy (IJISP)","IGI Global Scientific Publishing",2348.87,451,28.8,2411,2417,2149
2413,"Journal of Public Administration and Governance","Macrothink Institute",2349.25,292,28.8,2240,2568,2385
2414,"Ekonomia i Prawo","Uniwersytet Mikolaja Kopernika",2351.8,388,28.8,2296,2404,2422
2415,"Shanlax International Journal of Management","Shanlax Journals",2352.27,80,28.7,2246,2541,2560
2416,"Journal of Business and Social Review in Emerging Economies, CSRC Publishing","Center for Sustainability Research and Consultancy Pakistan",2354.02,508,28.7,2313,2518,2160
2417,"International Journal of Mobile and Blended Learning (IJMBL)","IGI Global Scientific Publishing",2354.44,303,28.7,2162,2502,2389
2418,"International Journal of Enterprise Network Management","Inderscience Enterprises Ltd",2354.87,371,28.6,2320,2578,2416
2419,"Journal of Securities Operations & Custody","Henry Stewart Publications",2355.79,645,28.6,2767,2019,2461
2420,"Journal of Economic and Social Development","Clinical Journals Press",2357.81,173,28.6,2194,2803,2055
2421,"International Studies","",2358.5,2326,28.6,2893,2462,2217
2422,"Theoretical and applied law","Russian Presidential Academy of National Economy and Public Administration",2358.79,55,28.5,2451,2784,2857
2423,"Journal of Complex Analysis","Hindawi",2359.23,74,28.5,2050,2820,2257
2424,"Istanbul Business Research","Istanbul University Business School",2359.52,121,28.5,2396,2228,2610
2425,"Roczniki (Annals)","Polish Association of Agricultural Economists and Agribusiness - Stowarzyszenie Ekonomistow Rolnictwa e Agrobiznesu (SERiA)",2360.16,1675,28.4,2367,2820,1960
2426,"Collegium of Economic Analysis Annals, Warsaw School of Economics","Collegium of Economic Analysis",2360.23,744,28.4,2617,2436,2187
2427,"TalTech Journal of European Studies","Sciendo",2362.17,325,28.4,2399,2262,2398
2428,"Journal of Contemporary Research in Business, Economics and Finance","Learning Gate",2363.41,65,28.3,2228,2786,2538
2429,"Journal of Agribusiness and Rural Development","Sciendo",2363.53,343,28.3,2076,2755,2130
2430,"Eszak-magyarorszagi Strategiai Fuzetek, Faculty of Economics","University of Miskolc",2364.79,308,28.3,2592,2261,2723
2431,"Journal of Social Science Studies","Macrothink Institute",2367.19,326,28.3,2348,2386,2399
2432,"商学討究 (Shogaku Tokyu)","Otaru University of Commerce",2367.73,1292,28.2,2928,2304,2207
2433,"Contemporary Japan","Taylor & Francis Journals",2368.04,509,28.2,2812,1843,2791
2434,"Modern Applied Science","Canadian Center of Science and Education",2369.34,2734,28.2,2682,2820,1965
2435,"Soil and Water Research","Czech Academy of Agricultural Sciences",2369.73,561,28.1,2257,2771,2169
2436,"E&M Economics and Management, Technical University of Liberec","Faculty of Economics",2370.01,164,28.1,2380,2487,2645
2437,"Izvestia Journal of the Union of Scientists - Varna. Economic Sciences Series, Union of Scientists - Varna","Economic Sciences Section",2370.56,520,28.1,2583,2284,2445
2438,"Estudios Nueva Economía","Estudios Nueva Economía",2371.24,58,28,2736,1720,2863
2439,"Studies in Indian Politics","",2371.76,435,28,2811,1875,2779
2440,"Review of General Management, Spiru Haret University","Faculty of Management Brasov",2372,156,28,2235,2632,2323
2441,"Farm and Business - The Journal of the Caribbean Agro-Economic Society","Caribbean Agro-Economic Society",2372.39,70,28,2453,2212,2544
2442,"Journal of Sustainable Development","Canadian Center of Science and Education",2373.23,1265,27.9,2600,2528,2205
2443,"Apuntes. Revista de ciencias sociales, Fondo Editorial","Universidad del Pacífico",2374.56,620,27.9,2680,2091,2457
2444,"Bulletin of Geography. Socio-economic Series","Sciendo",2374.75,471,27.9,2455,2419,2154
2445,"Fuzzy Information and Engineering","Springer",2374.78,158,27.8,2018,2764,2326
2446,"Revista de Economía del Caribe","Universidad del Norte",2374.8,182,27.8,2425,2130,2662
2447,"International Journal of Technoethics (IJT)","IGI Global Scientific Publishing",2376.33,191,27.8,2331,2560,2342
2448,"International Journal of Sustainable Economies Management (IJSEM)","IGI Global Scientific Publishing",2377.3,211,27.8,2299,2563,2680
2449,"History of Economics Review","Taylor & Francis Journals",2377.47,605,27.7,2721,2292,2454
2450,"Mercato Concorrenza Regole","Società editrice il Mulino",2378.19,802,27.7,2781,2098,2475
2451,"Asian Case Research Journal (ACRJ)","World Scientific Publishing Co. Pte. Ltd.",2379.04,371,27.7,2503,2269,2415
2452,"Central European Journal of Public Policy","Sciendo",2380.44,114,27.6,2439,2128,2604
2453,"Economic Archive, D. A. Tsenov Academy of Economics, Svishtov","Bulgaria",2381.39,459,27.6,2700,2418,2784
2454,"International Journal of Islamic Marketing and Branding","Inderscience Enterprises Ltd",2382.14,66,27.6,1998,2820,2539
2455,"Village and Agriculture (Wieś i Rolnictwo), Polish Academy of Sciences (IRWiR PAN)","Institute of Rural and Agricultural Development",2383.85,582,27.5,2302,2704,2173
2456,"International Journal of Healthcare Information Systems and Informatics (IJHISI)","IGI Global Scientific Publishing",2385.17,427,27.5,2315,2515,2430
2457,"Liberal Arts and Social Sciences International Journal (LASSIJ)","IDEA PUBLISHERS",2387.43,185,27.5,2524,2237,2665
2458,"Journal of Social Economics","Research Academy of Social Sciences",2387.44,57,27.5,2303,2206,2520
2459,"Upravlenets","Ural State University of Economics",2388.71,336,27.4,2287,2573,2404
2460,"Artha Vijnana","Gokhale Institute of Politics and Economics",2388.79,89,27.4,2272,2220,2575
2461,"Proceedings RCE 2017","Editura Lumen",2389.14,55,27.4,1906,2820,2518
2462,"Arbeit","De Gruyter",2389.89,830,27.3,2670,2298,2478
2463,"Economics 21, D. A. Tsenov Academy of Economics, Svishtov","Bulgaria",2390.41,141,27.3,2459,2231,2631
2464,"Ekonomski pregled","Hrvatsko društvo ekonomista (Croatian Society of Economists)",2391.61,310,27.3,2385,2384,2392
2465,"Scientia Moralitas Journal, Scientia Moralitas","Research Institute",2394.13,239,27.3,2447,2820,2369
2466,"Economy","Asian Online Journal Publishing Group",2394.53,102,27.2,2180,2334,2590
2467,"International Journal of Applied Management Sciences and Engineering (IJAMSE)","IGI Global Scientific Publishing",2396.2,92,27.2,2336,2125,2579
2468,"Bulletin of Taras Shevchenko National University of Kyiv. Economics. Вісник Киiвського нацiонального унiверситету iм. Тараса Шевченка. Серiя: Економiка","CyberLeninka;Издательско-полиграфический центр «Киевский университет»",2396.36,1452,27.2,2744,2307,2491
2469,"Annals - Economic and Administrative Series -, Faculty of Business and Administration","University of Bucharest",2398.54,60,27.1,2288,2207,2528
2470,"International Journal of Customer Relationship Marketing and Management (IJCRMM)","IGI Global Scientific Publishing",2399.77,280,27.1,2349,2499,2382
2471,"Revista romaneasca pentru educatie multidimensionala - Journal for Multidimensional Education, Editura Lumen","Department of Economics",2401.71,1252,27.1,2397,2730,1952
2472,"Drug Safety","Springer",2401.88,1252,27,2469,2450,2488
2473,"Istanbul Journal of Economics-Istanbul Iktisat Dergisi, Istanbul University","Faculty of Economics",2402.98,169,27,2497,2347,2647
2474,"Mathematische Nachrichten","Wiley Blackwell",2404.33,1767,27,2569,2738,2213
2475,"Journal of Taxation and Economic Development","Chartered Institute of Taxation of Nigeria",2404.73,100,27,2499,2477,2973
2476,"International Journal of Cyber Behavior, Psychology and Learning (IJCBPL)","IGI Global Scientific Publishing",2407.72,267,26.9,2450,2148,2712
2477,"Geographies","MDPI",2408.6,220,26.9,2268,2820,2356
2478,"International Journal of Fuzzy System Applications (IJFSA)","IGI Global Scientific Publishing",2409.26,331,26.9,2281,2809,2120
2479,"Economy & Business Journal, International Scientific Publications","Bulgaria",2409.75,570,26.8,2398,2589,2170
2480,"Survey of Current Business","Bureau of Economic Analysis",2409.87,405,26.8,2967,2082,2769
2481,"Oxford Journal of Legal Studies","Oxford University Press",2410.11,202,26.8,2586,2362,2676
2482,"Organizacija","Sciendo",2410.36,441,26.7,2420,2585,2147
2483,"Plant, Soil and Environment","Czech Academy of Agricultural Sciences",2411.05,1990,26.7,2218,2820,2215
2484,"Економічний вісник Донбасу Экономический вестник Донбасса","CyberLeninka;Институт экономики промышленности НАН Украины",2412.04,714,26.7,2779,2176,2183
2485,"Journal of Applied and Physical Sciences","Prof. Vakhrushev Alexander",2412.12,58,26.7,1778,2820,2525
2486,"Revue d'études comparatives Est-Ouest","Presses Universitaires de France",2413.51,446,26.6,2693,2310,2438
2487,"Houston Business","Federal Reserve Bank of Dallas",2415.02,92,26.6,2753,1617,2953
2488,"Jurnal Siasat Bisnis, Management Development Centre (MDC) Department of Management","Faculty of Business and Economics Universitas Islam Indonesia",2415.88,361,26.6,2334,2511,2414
2489,"Proceedings “Schriften der Gesellschaft für Wirtschafts- und Sozialwissenschaften des Landbaues e.V.”","German Association of Agricultural Economists (GEWISOLA)",2417.49,1234,26.5,2723,2449,2487
2490,"Economia dei Servizi","Società editrice il Mulino",2418.99,266,26.5,2719,2068,2710
2491,"Acta Scientifica Malaysia (ASM)","Zibeline International Publishing",2419,109,26.5,2129,2795,2598
2492,"Risk in Contemporary Economy, ""Dunarea de Jos"" University of Galati","Faculty of Economics and Business Administration",2420.88,664,26.5,2408,2591,2465
2493,"Journal of Mechanical Engineering Research & Developments (JMERD)","Zibeline International Publishing",2421.46,123,26.4,2233,2796,2292
2494,"Ekonomika, Journal for Economic Theory and Practice and Social Issues, Society of Economists Ekonomika, Nis","Serbia",2421.99,832,26.4,2599,2602,2191
2495,"Cancer Therapy & Oncology International Journal","Juniper Publishers Inc.",2423.26,241,26.4,2462,2374,2089
2496,"Humanities and Social Sciences Letters","Conscientia Beam",2423.96,497,26.3,2317,2769,2159
2497,"Problems of World Agriculture / Problemy Rolnictwa Światowego","Warsaw University of Life Sciences",2424.54,791,26.3,2568,2595,2188
2498,"Экономика региона","CyberLeninka;Федеральное государственное бюджетное учреждение науки «Институт экономики Уральского отделения Российской академии наук»",2427.71,1515,26.3,2796,2454,2212
2499,"Annals of the University of Craiova for Journalism, Communication and Management, Department of Communication, Journalism and Education Sciences","University of Craiova",2430.34,151,26.2,2204,2820,2319
2500,"Landscape History","Taylor & Francis Journals",2433.37,354,26.2,2722,1923,2747
2501,"Bulletin de l'Observatoire des politiques économiques en Europe","Observatoire des Politiques Économiques en Europe (OPEE)",2433.47,428,26.2,2794,2411,2431
2502,"Journal of Urban Regeneration and Renewal","Henry Stewart Publications",2433.7,718,26.2,2527,2820,2184
2503,"ECONOMIA E SOCIET? REGIONALE","FrancoAngeli Editore",2436.4,711,26.1,2654,2296,2468
2504,"Бизнес-информатика","CyberLeninka;Федеральное государственное автономное образовательное учреждение высшего образования «Национальный исследовательский университет «Высшая школа экономики»",2436.54,324,26.1,2633,2074,2397
2505,"Jurnal Akuntansi dan Auditing Indonesia, Accounting Department, Faculty of Business and Economics","Universitas Islam Indonesia",2437.02,369,26.1,2360,2399,2753
2506,"Simulation & Gaming","",2437.28,1222,26,2464,2820,2201
2507,"Fiscaoeconomia","Tubitak Ulakbim JournalPark (Dergipark)",2437.3,109,26,2508,2336,2597
2508,"International Conference on Economic Sciences and Business Administration","Spiru Haret University",2438.02,173,26,2376,2351,2652
2509,"International Journal of Web Services Research (IJWSR)","IGI Global Scientific Publishing",2439.88,374,26,2316,2579,2417
2510,"Ekonomik Yaklasim","Ekonomik Yaklasim Association",2440.38,600,25.9,2665,2291,2804
2511,"Revista Brasileira de Estudos Regionais e Urbanos","Associação Brasileira de Estudos Regionais e Urbanos (ABER)",2441.72,260,25.9,2819,2144,2707
2512,"International Journal of Intelligent Information Technologies (IJIIT)","IGI Global Scientific Publishing",2443.75,376,25.9,2254,2685,2418
2513,"Journal of Asian Development","Macrothink Institute",2444.82,79,25.8,2653,2042,2916
2514,"Nigerian Journal of Agricultural Economics","Nigerian Journal of Agricultural Economics",2445.94,51,25.8,2632,2204,2510
2515,"Cyber-Physical Systems","Taylor & Francis Journals",2447.4,122,25.8,2364,2551,2291
2516,"Revista Tinerilor Economisti (The Young Economists Journal), University of Craiova","Faculty of Economics and Business Administration",2447.9,444,25.7,2410,2586,2435
2517,"Advances in Mathematical Physics","Hindawi",2447.94,3041,25.7,2482,2820,1966
2518,"Finansovyj žhurnal — Financial Journal, Financial Research Institute, Moscow 125375","Russia",2448.83,943,25.7,2448,2721,2198
2519,"International Journal of E-Adoption (IJEA)","IGI Global Scientific Publishing",2450.06,186,25.7,2370,2489,2666
2520,"International Journal of Interdisciplinary Telecommunications and Networking (IJITN)","IGI Global Scientific Publishing",2450.12,337,25.6,2820,1822,2737
2521,"PRISMA Economia - Societ? - Lavoro","FrancoAngeli Editore",2452.37,482,25.6,2778,2420,3170
2522,"Review of Computer Engineering Research","Conscientia Beam",2454.64,132,25.6,2620,2230,2622
2523,"Review of Agrarian Studies","Foundation for Agrarian Studies",2455.16,144,25.5,2714,2554,2311
2524,"Journal of Systems Science and Information","De Gruyter",2457.51,334,25.5,2544,2507,2402
2525,"Revista CEA","Instituto Tecnológico Metropolitano",2458.07,130,25.5,2449,2480,2621
2526,"Irish Economic and Social History","",2459.63,1311,25.5,2985,2106,2827
2527,"Journal of Financial Compliance","Henry Stewart Publications",2459.79,307,25.4,2873,2072,2722
2528,"Observatorio de la Economía Latinoamericana","Servicios Académicos Intercontinentales SL. Hasta 31/12/2022",2460.11,5152,25.4,3095,2752,2220
2529,"CBU International Conference Proceedings","ISE Research Institute",2460.53,899,25.4,2491,2717,2195
2530,"International Journal of IT/Business Alignment and Governance (IJITBAG)","IGI Global Scientific Publishing",2461.01,87,25.3,2177,2761,2569
2531,"International Journal of Emerging Trends in Social Sciences","Asian Online Journal Publishing Group",2461.3,131,25.3,2179,2800,2299
2532,"ECONOMIA E DIRITTO DEL TERZIARIO","FrancoAngeli Editore",2461.94,585,25.3,2728,2013,2800
2533,"International Conference Modern Approaches in Organisational Management and Economy, Faculty of Management, Academy of Economic Studies, Bucharest","Romania",2462,111,25.2,2554,2127,3001
2534,"JOJ Wildlife & Biodiversity","Juniper Publishers Inc.",2462.88,69,25.2,2609,2118,2541
2535,"Journal of Development Innovations","KarmaQuest International",2463.25,73,25.2,2395,2471,2551
2536,"Journal of Economics, Management & Agricultural Development, Journal of Economics","Management & Agricultural Development (JEMAD)",2463.64,74,25.2,2461,2472,2553
2537,"Revista de Estudios Regionales","Universidades Públicas de Andalucía",2464.94,1305,25.1,2708,2733,2208
2538,"Научный результат. Серия «Экономические исследования»","CyberLeninka;Федеральное государственное автономное образовательное учреждение высшего образования «Белгородский государственный национальный исследовательский университет»",2466.11,80,25.1,2912,1676,2920
2539,"Logos Universalitate Mentalitate Educatie Noutate - Sectiunea Stiinte Economice si Administrative/ Logos Universality Mentality Education Novelty - Section: Economical and Administrative Sciences, Editura Lumen","Department of Economics",2468.02,54,25.1,2354,2536,2514
2540,"Nonprofit Policy Forum","De Gruyter",2468.16,393,25,2678,2163,2765
2541,"Asian Review of Environmental and Earth Sciences","Asian Online Journal Publishing Group",2468.21,77,25,2384,2325,2557
2542,"Godishnik na UNSS, University of National and World Economy, Sofia","Bulgaria",2469.25,255,25,2552,2378,2700
2543,"Journal of Education and Literature","Research Academy of Social Sciences",2470.31,63,24.9,2412,2538,2532
2544,"Earth Sciences Pakistan (ESP)","Zibeline International Publishing",2470.84,72,24.9,2219,2539,2548
2545,"Management","Sciendo",2472.23,387,24.9,2458,2581,2421
2546,"Boletín","CEMLA",2472.28,219,24.9,2689,2365,2354
2547,"ComFin Research","Shanlax Journals",2473.89,73,24.8,2435,2215,2901
2548,"Russian Economic Development","Gaidar Institute for Economic Policy",2474.28,1253,24.8,2560,2731,2204
2549,"Journal of Intercultural Management","Sciendo",2474.35,343,24.8,2590,2393,2743
2550,"AGRIS on-line Papers in Economics and Informatics, Czech University of Life Sciences Prague","Faculty of Economics and Management",2477.6,122,24.7,2755,2550,2014
2551,"Malaysian Journal of Geosciences (MJG)","Zibeline International Publishing",2479.12,127,24.7,2232,2820,2295
2552,"Gospodarka Narodowa-The Polish Journal of Economics","Szkoła Główna Handlowa w Warszawie / SGH Warsaw School of Economics",2479.99,185,24.7,2117,2820,2337
2553,"Prizren Social Science Journal","SHIKS",2482.37,58,24.7,2176,2820,2524
2554,"Российский экономический барометр","CyberLeninka;Федеральное государственное бюджетное научное учреждение «Национальный исследовательский институт мировой экономики и международных отношений имени Е.М. Примакова Российской академии наук»",2482.87,341,24.6,3215,2768,1388
2555,"Investigaciones","Consorcio de Investigación Económica y Social",2483.26,808,24.6,2923,2440,2476
2556,"Clinical Nursing Research","",2487.21,1584,24.6,2699,2456,2496
2557,"Proceedings of Administration and Public Management International Conference, Research Centre in Public Administration and Public Services, Bucharest","Romania",2488.65,317,24.5,2483,2669,2394
2558,"International Economics, University of Lodz","Faculty of Economics and Sociology",2490.63,63,24.5,2314,2315,2871
2559,"Journal of Brand Strategy","Henry Stewart Publications",2491.95,522,24.5,2485,2770,2446
2560,"Revista Ad-Minister","Universidad EAFIT",2492.61,102,24.4,2371,2333,2589
2561,"Jurnal Ekonomi & Keuangan Islam, Faculty of Economics","Universitas Islam Indonesia",2492.82,162,24.4,2409,2556,2643
2562,"Journal of Corporate Finance Research Корпоративные финансы","CyberLeninka;Федеральное государственное автономное образовательное учреждение высшего образования «Национальный исследовательский университет «Высшая школа экономики»",2498.9,331,24.4,2832,1995,2734
2563,"International Journal of Cognitive Informatics and Natural Intelligence (IJCINI)","IGI Global Scientific Publishing",2499.48,500,24.4,2443,2695,2442
2564,"The Mathematical Intelligencer","Springer",2501.7,882,24.3,2866,2180,2481
2565,"International Journal of Ambient Computing and Intelligence (IJACI)","IGI Global Scientific Publishing",2502.22,305,24.3,2328,2665,2721
2566,"Journal of Accounting, Business and Finance Research","Scientific Publishing Institute",2502.6,175,24.3,2562,2638,2333
2567,"Revista Equidad y Desarrollo","Universidad de la Salle",2503.65,308,24.2,2642,2503,2391
2568,"Revista de Métodos Cuantitativos para la Economía y la Empresa = Journal of Quantitative Methods for Economics and Business Administration, Universidad Pablo de Olavide","Department of Quantitative Methods for Economics and Business Administration",2503.67,439,24.2,2857,2166,2781
2569,"Europolity – Continuity and Change in European Governance - New Series, Department of International Relations and European Integration","National University of Political Studies and Public Administration",2505.57,180,24.2,2713,2311,2661
2570,"Access Journal","Access Press Publishing House",2506.01,174,24.2,2484,2636,2654
2571,"Economics and Business","Sciendo",2506.86,203,24.1,2403,2645,2677
2572,"The European Journal of Applied Economics","Sciendo",2507.01,62,24.1,2505,2314,2531
2573,"Academic Journal of Interdisciplinary Studies","Richtmann Publishing Ltd",2508.87,2565,24.1,2686,2780,2218
2574,"Work Study","Emerald Group Publishing Limited",2510.22,425,24,2630,2514,2428
2575,"International Journal of Academic Research in Progressive Education and Development, Human Resource Management Academic Research Society","International Journal of Academic Research in Progressive Education and Development",2510.91,107,24,2293,2619,2595
2576,"Journal of Business Continuity & Emergency Planning","Henry Stewart Publications",2510.91,661,24,2573,2817,2464
2577,"International Journal of Data Mining, Modelling and Management","Inderscience Enterprises Ltd",2511.56,336,23.9,2522,2389,2736
2578,"International Journal of Social Sciences","European Research Center",2513.12,129,23.9,2132,2605,2619
2579,"World Affairs","John Wiley & Sons",2513.94,327,23.9,2652,2808,2400
2580,"International Journal of Business Ecosystem & Strategy (2687-2293)","Bussecon International Academy",2514.75,527,23.9,2581,2698,2447
2581,"Panorama Económico, Escuela Superior de Economía","Instituto Politécnico Nacional",2515.6,90,23.8,2387,2544,2577
2582,"Psychosis","Taylor & Francis Journals",2516.94,682,23.8,2595,2433,2467
2583,"Asian Journal of Education and Training","Asian Online Journal Publishing Group",2517.09,391,23.8,2276,2820,2423
2584,"International Conference on Marketing and Business Development Journal","The Bucharest University of Economic Studies",2517.22,120,23.7,2587,2339,3017
2585,"Estudios Economicos, Universidad Nacional del Sur","Departamento de Economia",2517.78,303,23.7,2694,2382,2720
2586,"English Language Teaching","Canadian Center of Science and Education",2518.37,2996,23.7,2429,2820,2219
2587,"Journal of Digital & Social Media Marketing","Henry Stewart Publications",2518.71,474,23.6,2518,2813,2439
2588,"Journal of Financial and Monetary Economics","Centre of Financial and Monetary Research ""Victor Slavescu""",2518.98,375,23.6,2656,2400,2757
2589,"Audit and Accounting Review, University of Management and Technology, Lahore","Pakistan",2519.27,51,23.6,2476,2820,2509
2590,"Indonesian Journal of Sustainability Accounting and Management","Asian Online Journal Publishing Group",2526.66,255,23.6,2790,2066,3116
2591,"Вестник Киевского национального университета имени Тараса Шевченко. Экономика.","Socionet;Киевский национальный университет имени Тараса Шевченко",2526.92,774,23.5,2839,2594,2472
2592,"Journal of Mathematics Research","Canadian Center of Science and Education",2527.05,414,23.5,2690,2407,2772
2593,"Terrorism and Political Violence","Taylor & Francis Journals",2527.57,1455,23.5,2906,2453,2492
2594,"PLOS Digital Health","Public Library of Science",2528.88,354,23.4,2705,2577,2748
2595,"Anadolu University Journal of Social Sciences","Anadolu University",2529.59,377,23.4,2545,2686,2419
2596,"International Journal of Teaching and Education","International Institute of Social and Economic Sciences",2530.19,95,23.4,2259,2820,2584
2597,"European Journal of Accounting, Finance & Business, ""Stefan cel Mare"" University of Suceava, Romania - Faculty of Economics and Public Administration, West University of Timisoara","Romania - Faculty of Economics and Business Administration",2530.96,340,23.4,2574,2675,2407
2598,"Journal of Economy Culture and Society, Istanbul University","Faculty of Economics",2531,208,23.3,2612,2364,2679
2599,"Revista de Economia e Sociologia Rural (RESR)","Sociedade Brasileira de Economia e Sociologia Rural",2533.11,887,23.3,2729,2596,2818
2600,"Banca Impresa Società","Società editrice il Mulino",2533.65,596,23.3,2766,2429,2802
2601,"X-pedientes_Económicos","X-pedientes Económicos",2534.35,114,23.2,2771,2226,2603
2602,"Economy and Forecasting","Valeriy Heyets",2535.42,814,23.2,2763,2441,2477
2603,"European Journal of Tourism, Hospitality and Recreation","Sciendo",2537.2,173,23.2,2558,2350,2651
2604,"Global Journal of Health Science","Canadian Center of Science and Education",2539.94,1836,23.1,2525,2740,2214
2605,"Business Management, D. A. Tsenov Academy of Economics, Svishtov","Bulgaria",2540.84,435,23.1,2738,2414,2778
2606,"Proceedings of the International Conference on Business Excellence","Sciendo",2541.1,1629,23.1,2805,2736,1959
2607,"Environment & Ecosystem Science (EES)","Zibeline International Publishing",2541.61,94,23.1,2382,2820,2583
2608,"Econometrics. Advances in Applied Data Analysis","Sciendo",2543.83,116,23,2635,2549,2605
2609,"Journal of Educational and Developmental Psychology","Canadian Center of Science and Education",2544.02,301,23,2402,2501,2388
2610,"International Journal of Advanced Statistics and IT&C for Economics and Life Sciences","Sciendo",2544.67,77,23,2974,1908,2909
2611,"Observatorio Iberoamericano de la Economía y la Sociedad del Japón","Servicios Académicos Intercontinentales SL",2545.41,229,22.9,2773,2250,3104
2612,"Environmental & Socio-economic Studies","Sciendo",2545.84,334,22.9,2565,2572,2403
2613,"Junior Management Science (JUMS)","Junior Management Science e. V.",2546.01,241,22.9,2879,2140,3111
2614,"Journal of Real Estate Practice and Education","Taylor & Francis Journals",2547.17,255,22.9,2850,2255,2701
2615,"Quarterly Journal of Applied Theories of Economics, Faculty of Economics, Management and Business","University of Tabriz",2547.21,377,22.8,2668,2401,2759
2616,"Acta Informatica Malaysia (AIM)","Zibeline International Publishing",2547.41,114,22.8,2304,2820,2288
2617,"International Journal of Psychological Studies","Canadian Center of Science and Education",2548.12,728,22.8,2608,2593,2470
2618,"International Journal of Education and Practice","Conscientia Beam",2549.32,639,22.7,2426,2820,2458
2619,"Advanced Logistic systems, University of Miskolc","Department of Material Handling and Logistics",2549.82,197,22.7,2486,2643,2672
2620,"Revue de l'OCDE sur le droit et la politique de la concurrence","Éditions OCDE",2549.94,54,22.7,2501,2313,2516
2621,"Sustainable Agriculture Research","Canadian Center of Science and Education",2550.76,118,22.6,2607,2622,2607
2622,"Russian Economic Development (in Russian)","Gaidar Institute for Economic Policy",2551.69,1033,22.6,3056,2723,1580
2623,"Disabilities","MDPI",2551.89,323,22.6,2681,2505,2732
2624,"Development Finance Agenda","Chartered Institute of Development Finance",2552.44,174,22.6,2737,2558,2655
2625,"Contemporary Review of the Middle East","",2553.97,423,22.5,2687,2583,2427
2626,"Eastern-European Journal of Enterprise Technologies","PC TECHNOLOGY CENTER",2555.41,204,22.5,2516,2561,2678
2627,"Indian Journal of Pure and Applied Mathematics","Springer",2556.74,1280,22.5,2626,2820,2206
2628,"Oeconomics of Knowledge","Saphira Publishing House",2557.9,74,22.4,2440,2540,2905
2629,"Journal of Contemporary Central and Eastern Europe","Taylor & Francis Journals",2557.92,800,22.4,2720,2439,2815
2630,"Journal of Social Sciences Advancement","Science Impact Publishers",2558.07,88,22.4,2444,2788,2573
2631,"Social Values & Society (SVS)","Zibeline International Publishing",2559.96,65,22.4,2770,2318,2874
2632,"Malaysian Journal of Sustainable Agriculture (MJSA)","Zibeline International Publishing",2561.62,123,22.3,2250,2820,2613
2633,"Horticultural Science","Czech Academy of Agricultural Sciences",2563.12,653,22.3,2351,2820,2463
2634,"International Journal of Health and Medical Sciences","Mohammad A. H. Khan",2563.15,58,22.3,2084,2820,2523
2635,"Regional Economy","",2564.9,202,22.2,2930,2361,3088
2636,"Historia Agraria. Revista de Agricultura e Historia Rural","Sociedad EspaÃ±ola de Historia Agraria",2568.02,478,22.2,2968,2694,2155
2637,"Management Strategies Journal","Constantin Brancoveanu University",2568.29,774,22.2,2786,2713,2471
2638,"Contemporary Economy Journal","Constantin Brancoveanu University",2569.01,647,22.1,2582,2709,2462
2639,"Asian Journal of Management Cases","",2570.16,351,22.1,2564,2811,2412
2640,"Computer Methods in Biomechanics and Biomedical Engineering","Taylor & Francis Journals",2570.84,3910,22.1,2712,2750,2501
2641,"International Journal of Applied Evolutionary Computation (IJAEC)","IGI Global Scientific Publishing",2570.88,219,22.1,2436,2647,2684
2642,"REVESCO: Revista de estudios cooperativos, Universidad Complutense de Madrid, Facultad de Ciencias Económicas y Empresariales","Escuela de Estudios Cooperativos",2572.83,493,22,2628,2422,2787
2643,"Sumerianz Journal of Business Management and Marketing","Sumerianz Publication",2573.14,74,22,2588,2323,2904
2644,"University Economic Bulletin, Hryhorii Skovoroda University in Pereiaslav, Faculty of Financial","Economic and Vocational Education",2573.15,422,22,2676,2409,2775
2645,"PLOS Complex Systems","Public Library of Science",2574,56,21.9,2716,2785,2859
2646,"Croatian International Relations Review","Sciendo",2574.97,91,21.9,2394,2475,2578
2647,"Canadian Journal of Agriculture and Crops","Online Science Publishing",2575.38,94,21.9,2324,2791,2581
2648,"ZögU - Zeitschrift für öffentliche und gemeinwirtschaftliche Unternehmen","Nomos Verlagsgesellschaft mbH & Co. KG",2575.66,326,21.8,2646,2571,2733
2649,"International Journal of English Language and Literature Studies","Asian Economic and Social Society",2575.96,336,21.8,2389,2820,2405
2650,"International Journal of Mathematical Research","Conscientia Beam",2576.21,61,21.8,2363,2609,2530
2651,"Revista Facultad de Ciencias Económicas","Universidad Militar Nueva Granada",2576.93,353,21.8,2740,2396,2746
2652,"Ekonomista","Polskie Towarzystwo Ekonomiczne",2577.49,180,21.7,2688,2354,2659
2653,"LOGI – Scientific Journal on Transport and Logistics","Sciendo",2578.47,199,21.7,2777,2492,2674
2654,"Ikonomiceski i Sotsialni Alternativi, University of National and World Economy, Sofia","Bulgaria",2579.2,580,21.7,2701,2703,2453
2655,"Studies in Media and Communication","Redfame publishing",2580.06,720,21.6,2619,2711,2469
2656,"International Journal of E-Health and Medical Communications (IJEHMC)","IGI Global Scientific Publishing",2585.4,320,21.6,2475,2670,2729
2657,"Journal of Asian Security and International Affairs","",2586.05,341,21.6,2726,2391,2742
2658,"Information Management and Computer Science (IMCS)","Zibeline International Publishing",2587.36,72,21.6,2520,2787,2547
2659,"Nigerian Journal of Rural Sociology","Rural Sociological Association of Nigeria",2587.42,338,21.5,2651,2574,2738
2660,"Food & Agribusiness Management (FABM)","Zibeline International Publishing",2593.02,100,21.5,2589,2546,2972
2661,"Current Trends in Fashion Technology & Textile Engineering","Juniper Publishers Inc.",2593.12,129,21.5,2487,2798,2618
2662,"Asian Business Research Journal","Eastern Centre of Science and Education",2593.34,139,21.4,2531,2628,2628
2663,"Revista Clio América","Universidad del Magdalena",2594.62,65,21.4,2639,2317,2873
2664,"Asian Journal of Islamic Management (AJIM)","Center for Islamic Economics and Development Studies [P3EI]",2595.97,86,21.4,2556,2820,2567
2665,"Scientific Review","Academic Research Publishing Group",2597.1,105,21.3,2634,2618,2594
2666,"International Journal of Analysis","Hindawi",2597.53,140,21.3,2294,2820,2630
2667,"Academicus International Scientific Journal","Entrepreneurship Training Center Albania",2598.17,425,21.3,2644,2584,2776
2668,"Acta Universitatis Nicolai Copernici, Ekonomia","Uniwersytet Mikolaja Kopernika",2598.3,123,21.3,2471,2625,2612
2669,"Revista Ciencias Estratégicas","Universidad Pontificia Bolivariana",2598.49,86,21.2,2795,2219,2936
2670,"Pakistan Journal of Geology (PJG)","Zibeline International Publishing",2599.3,57,21.2,2343,2820,2521
2671,"Journal of Intellectual Property Law and Practice","Oxford University Press",2601.46,613,21.2,2808,2590,2455
2672,"International Journal of Web-Based Learning and Teaching Technologies (IJWLTT)","IGI Global Scientific Publishing",2601.61,645,21.1,2526,2816,2460
2673,"Administrative Consulting","Russian Presidential Academy of National Economy and Public Administration. North-West Institute of Management.",2601.97,858,21.1,2834,2443,3196
2674,"Journal of Educational Issues","Macrothink Institute",2602.19,494,21.1,2762,2423,2788
2675,"PLOS Water","Public Library of Science",2602.28,116,21.1,2829,2227,3008
2676,"Engineering Management in Production and Services","Sciendo",2602.73,332,21,2605,2810,2401
2677,"Applied Marketing Analytics: The Peer-Reviewed Journal","Henry Stewart Publications",2603.85,417,21,2559,2812,2774
2678,"Hilgardia","California Agricultural Experiment Station",2605.68,197,21,3011,2820,3086
2679,"International Conference on Competitiveness of Agro-food and Environmental Economy Proceedings","The Bucharest University of Economic Studies",2605.73,239,20.9,2500,2651,2695
2680,"Asian Journal of Contemporary Education","Asian Economic and Social Society",2607.52,101,20.9,2414,2615,2588
2681,"Academic Journal of Applied Mathematical Sciences","Academic Research Publishing Group",2607.98,118,20.9,2835,2338,3012
2682,"Journal of Forest Science","Czech Academy of Agricultural Sciences",2609.28,1502,20.8,2657,2819,2494
2683,"Yearbook of the Faculty of Economics and Business Administration, Sofia University, Faculty of Economics and Business Administration","Sofia University St Kliment Ohridski - Bulgaria",2610.1,246,20.8,2707,2375,2697
2684,"Foundations of Management","Sciendo",2610.89,338,20.8,2691,2673,2406
2685,"International Journal of Natural Computing Research (IJNCR)","IGI Global Scientific Publishing",2613.32,160,20.8,2594,2555,2641
2686,"Economy of eastern Croatia yesterday, today, tommorow, Josip Juraj Strossmayer University of Osijek, Faculty of Economics","Croatia",2613.5,231,20.7,2539,2649,2690
2687,"Business&Leadership","Scientific Society of Management from Romania",2613.55,84,20.7,2493,2760,2565
2688,"Energy and Environment Research","Canadian Center of Science and Education",2614.22,247,20.7,2638,2654,2698
2689,"International Journal of Online Pedagogy and Course Design (IJOPCD)","IGI Global Scientific Publishing",2614.41,320,20.6,2510,2671,2730
2690,"Journal of Education and Vocational Research","AMH International",2615.78,296,20.6,2575,2500,2719
2691,"European Journal of Interdisciplinary Studies Articles","Revistia Research and Publishing",2616.67,321,20.6,2679,2385,2731
2692,"European Journal of Social Sciences Education and Research Articles","Revistia Research and Publishing",2617.05,343,20.5,2669,2676,2410
2693,"Management & Economics Research Journal, Faculty of Economics, Commercial and Management Sciences","Ziane Achour University of Djelfa",2617.75,107,20.5,2467,2820,2596
2694,"International Journal of Supply Chain Management","IPRJB",2618.74,90,20.5,2648,2820,2949
2695,"Journal of Sports Research","Conscientia Beam",2621.32,82,20.5,2845,2121,2923
2696,"Computer and Information Science","Canadian Center of Science and Education",2621.7,150,20.4,2636,2802,2636
2697,"International Journal of Risk and Contingency Management (IJRCM)","IGI Global Scientific Publishing",2622.06,189,20.4,2579,2490,2669
2698,"Perspectives of Law and Public Administration","Societatea de Stiinte Juridice si Administrative (Society of Juridical and Administrative Sciences)",2622.07,550,20.4,2672,2700,2452
2699,"International Journal of Geography and Geology","Conscientia Beam",2623.13,123,20.3,2424,2820,2614
2700,"HOLISTICA – Journal of Business and Public Administration","Sciendo",2624.11,370,20.3,2645,2683,2755
2701,"Administration","Sciendo",2624.23,346,20.3,2854,2508,2744
2702,"Nauchni trudove, University of National and World Economy, Sofia","Bulgaria",2624.24,848,20.3,2837,2715,2479
2703,"Current Trends in Biomedical Engineering & Biosciences","Juniper Publishers Inc.",2625.28,286,20.2,2826,2260,2715
2704,"Economics and Management, Faculty of Economics, SOUTH-WEST UNIVERSITY ""NEOFIT RILSKI""","BLAGOEVGRAD",2626.01,665,20.2,2658,2820,2466
2705,"International Journal of Social Work","Macrothink Institute",2626.22,84,20.2,2423,2820,2562
2706,"Journal of Central Banking Law and Institutions","Bank Indonesia",2627.17,91,20.1,2749,2762,2952
2707,"Global Political Review","Humanity Only",2627.53,87,20.1,2472,2543,2941
2708,"Journal of Financial Studies","Institute of Financial Studies",2628.11,236,20.1,2637,2805,2693
2709,"New Global Studies","De Gruyter",2628.15,474,20,2772,2517,2786
2710,"Economy and Contemporary Society, Gheorghe Zane Institute for Economic and Social Research ( from THE ROMANIAN ACADEMY","JASSY BRANCH)",2628.37,161,20,2407,2754,2642
2711,"Constanta Maritime University Annals","Constanta Maritime University",2628.46,157,20,2606,2633,2638
2712,"Western Balkan Journal of Agricultural Economics and Rural Development (WBJAERD)","Institute of Agricultural Economics",2631.04,86,20,2445,2820,2566
2713,"European Journal of Linguistics","CARI Journals Limited",2631.07,50,19.9,2614,2820,2506
2714,"International Journal of Agricultural Research, Innovation and Technology (IJARIT)","IJARIT Research Foundation",2631.75,235,19.9,2543,2820,2367
2715,"Analisi Giuridica dell'Economia","Società editrice il Mulino",2633.18,746,19.9,3002,2437,2812
2716,"Research in Agricultural Engineering","Czech Academy of Agricultural Sciences",2635.14,643,19.8,2601,2820,2459
2717,"Journal of Economics and Management","Sciendo",2635.73,163,19.8,2741,2557,2644
2718,"Economics and computer science","Publishing house ""Knowledge and business"" Varna",2636.21,149,19.8,2463,2820,2635
2719,"The International Journal of Biotechnology","Conscientia Beam",2636.42,92,19.8,2816,2328,2580
2720,"Acta Universitatis Bohemiae Meridionalis, University of South Bohemia in Ceske Budejovice","Faculty of Economics",2637.92,548,19.7,2848,2699,2451
2721,"Business Logistics in Modern Management, Josip Juraj Strossmayer University of Osijek, Faculty of Economics","Croatia",2639.48,383,19.7,2513,2687,2763
2722,"Journal of Management and Business Administration. Central Europe","Sciendo",2640.25,223,19.7,2428,2804,2688
2723,"East African Finance Journal","East African Finance Journal",2640.27,76,19.6,2549,2820,2556
2724,"Entrepreneurship, Faculty of Economics, SOUTH-WEST UNIVERSITY ""NEOFIT RILSKI""","BLAGOEVGRAD",2641.76,220,19.6,2550,2566,2686
2725,"Journal of Monetary and Banking Research (فصلنامه پژوهش‌های پولی-بانکی), Monetary and Banking Research Institute","Central Bank of the Islamic Republic of Iran",2644.39,395,19.6,2806,2582,2766
2726,"WIFO Reports on Austria","WIFO",2645.27,81,19.5,2915,2326,2922
2727,"Micro & Macro Marketing","Società editrice il Mulino",2647.51,1090,19.5,2868,2725,2486
2728,"International Journal of Psychology","IPRJB",2649.91,61,19.5,2842,2468,2868
2729,"Plant Protection Science","Czech Academy of Agricultural Sciences",2650.23,1078,19.5,2625,2820,2485
2730,"Journal of Agriculture, Food Systems, and Community Development, Center for Transformative Action","Cornell University",2652.2,1304,19.4,2851,2820,2826
2731,"Eastern European Journal for Regional Studies (EEJRS), Center for Studies in European Integration (CSEI)","Academy of Economic Studies of Moldova (ASEM)",2653.22,220,19.4,2641,2565,2685
2732,"Revista Romana de Sociologie","Revista Romana de Sociologie - actualizata si mentinuta de Editura Lumen/ Romanian Journal of Sociology",2653.82,119,19.4,2551,2820,2608
2733,"Oblik i finansi","Institute of Accounting and Finance",2654.33,1073,19.3,2804,2724,2484
2734,"Economia della Cultura","Società editrice il Mulino",2654.45,1851,19.3,2971,2741,2831
2735,"Economia y Sociedad., Universidad Michoacana de San Nicolas de Hidalgo","Facultad de Economia",2656.17,294,19.3,2758,2662,2718
2736,"Journal of Contemporary Accounting, Master in Accounting Program, Faculty of Business & Economics, Universitas Islam Indonesia, Yogyakarta","Indonesia",2656.96,94,19.3,2515,2820,2959
2737,"Iberian Journal of the History of Economic Thought, Universidad Complutense de Madrid, Facultad de Ciencias Económicas y Empresariales","Dpto. Historia e Instituciones Económicas I.",2657.66,122,19.2,2643,2624,3019
2738,"Revista de Economie Mondiala / The Journal of Global Economics, Institute for World Economy","Romanian Academy",2659.86,252,19.2,2698,2655,2699
2739,"Russian Journal of Industrial Economics","MISIS",2660.84,892,19.2,2888,2716,2483
2740,"Conferences of the department Informatics","Publishing house Science and Economics Varna",2661.19,138,19.1,2496,2820,2627
2741,"International Journal of World Policy and Development Studies","Academic Research Publishing Group",2661.57,70,19.1,2615,2820,2889
2742,"International Journal of Information Retrieval Research (IJIRR)","IGI Global Scientific Publishing",2662.15,266,19.1,2624,2657,2709
2743,"EkBis: Jurnal Ekonomi dan Bisnis","UIN Sunan Kalijaga Yogyakarta",2662.22,94,19,2593,2820,2582
2744,"International Journal of Computer-Assisted Language Learning and Teaching (IJCALLT)","IGI Global Scientific Publishing",2662.33,339,19,2405,2820,2739
2745,"International Journal of Innovative Research and Scientific Studies","Innovative Research Publishing",2662.35,2523,19,2920,2744,2500
2746,"ESPERIENZE D'IMPRESA","FrancoAngeli Editore",2662.75,73,19,2434,2758,2552
2747,"Journal of Agriculture and Crops","Academic Research Publishing Group",2663.01,231,18.9,2616,2650,2691
2748,"Acta Informatica Pragensia","Prague University of Economics and Business",2663.08,291,18.9,2553,2820,2717
2749,"Finance, Accounting and Business Analysis, University of National and World Economy","Institute for Economics and Politics",2663.19,121,18.9,2937,2479,3018
2750,"Ecology, Economy and Society - the INSEE Journal","Indian Society of Ecological Economics (INSEE)",2665.29,82,18.8,2831,2542,2927
2751,"Global Regional Review","Humanity Only",2666.06,352,18.8,2596,2820,2745
2752,"Экономический журнал","CyberLeninka;Общество с ограниченной ответственностью ""Издательство Ипполитова""",2667.16,508,18.8,3110,2696,1918
2753,"American Journal of Education and Learning","Online Science Publishing",2670.54,171,18.7,2466,2820,2650
2754,"Journal of Human Resource and Leadership","IPRJB",2670.6,99,18.7,2537,2793,2968
2755,"Traektoriâ Nauki = Path of Science, Altezoro","s.r.o. & Dialog",2670.87,259,18.7,2631,2656,2705
2756,"International Journal of Geotechnical Earthquake Engineering (IJGEE)","IGI Global Scientific Publishing",2675.03,132,18.7,2538,2820,2623
2757,"Economics","Sciendo",2675.31,377,18.6,2793,2580,2760
2758,"Poslovna izvrsnost-Business Excellence","University of Zagreb Faculty of Economics & Business",2675.87,62,18.6,2504,2537,2870
2759,"ECONOMY AND SOCIOLOGY: Theoretical and Scientifical Journal","Socionet;Complexul Editorial ""INCE""",2677.32,370,18.6,2697,2684,2756
2760,"European Journal of Marketing and Economics Articles","Revistia Research and Publishing",2678.06,138,18.5,2557,2820,2626
2761,"EKOIST Journal of Econometrics and Statistics, Istanbul University","Faculty of Economics",2679.12,130,18.5,2673,2799,2620
2762,"International Journal of Service and Computing Oriented Manufacturing","Inderscience Enterprises Ltd",2680.73,74,18.5,2535,2820,2554
2763,"International Journal of Synthetic Emotions (IJSE)","IGI Global Scientific Publishing",2681.59,99,18.5,2611,2820,2585
2764,"GAZDÁLKODÁS: Scientific Journal on Agricultural Economics","Karoly Robert University College",2681.86,1795,18.4,3029,2739,2498
2765,"Вопросы государственного и муниципального управления // Public administration issues","НИУ ВШЭ",2682.05,1177,18.4,3119,2729,2200
2766,"EUREKA: Social and Humanities","Scientific Route OÜ",2684.4,234,18.4,2529,2820,2692
2767,"International Journal of Distributed Systems and Technologies (IJDST)","IGI Global Scientific Publishing",2686.71,313,18.3,2675,2666,2725
2768,"Matrix Science Mathematic (MSMK)","Zibeline International Publishing",2686.93,80,18.3,2521,2820,2921
2769,"Economic Themes","Sciendo",2687.26,340,18.3,2629,2767,2740
2770,"Czech Journal of Animal Science","Czech Academy of Agricultural Sciences",2688.11,1365,18.2,2666,2820,2490
2771,"Global Journal of Reproductive Medicine","Juniper Publishers Inc.",2689.67,173,18.2,2732,2488,2653
2772,"Kurdish Studies, Society of history and cultural studies","Hong Kong",2690.19,127,18.2,2479,2797,2615
2773,"Sociology and Social Work Review","International Society for projects in Education and Research",2691.53,166,18.2,2561,2820,2646
2774,"International Journal of Agricultural Sciences and Technology (IJAGST)","SvedbergOpen",2694.34,82,18.1,2533,2820,2926
2775,"Contribuciones a la Economía","Servicios Académicos Intercontinentales SL",2695.26,1333,18.1,3079,2734,2828
2776,"Экономический вестник университета. Сборник научных трудов ученых и аспирантов","CyberLeninka;Государственное высшее учебное заведение «Переяслав-Хмельницкий государственный педагогический университет имени Григория Сковороды»",2695.27,718,18.1,3117,2521,2809
2777,"International Journal of Innovative Technologies in Economy","CyberLeninka;ROSTranse Trade F Z C",2697.07,51,18,2622,2607,2844
2778,"Revista Semestre Económico","Universidad de Medellín",2697.48,109,18,2704,2620,2995
2779,"International Journal of Knowledge-Based Organizations (IJKBO)","IGI Global Scientific Publishing",2698.82,221,18,2532,2820,2687
2780,"Acta Economica Et Turistica","Sciendo",2701.36,54,18,2577,2820,2515
2781,"Corporate Real Estate Journal","Henry Stewart Publications",2701.91,497,17.9,2817,2814,2789
2782,"Environmental Contaminants Reviews (ECR)","Zibeline International Publishing",2703.24,66,17.9,2478,2820,2881
2783,"Isletme ve Iktisat Calismalari Dergisi","Econjournals",2704.16,129,17.9,2663,2626,3023
2784,"APPLIED RESEARCH IN ADMINISTRATIVE SCIENCES, Research Centre in Public Administration and Public Services, Bucharest","Romania",2704.9,71,17.8,2517,2820,2894
2785,"Revista Economia e Sociedade, Instituto de Economia","Universidade Estadual de Campinas (UNICAMP)",2705.75,650,17.8,2945,2710,2806
2786,"Surface Review and Letters (SRL)","World Scientific Publishing Co. Pte. Ltd.",2706.41,4039,17.8,3065,2751,2502
2787,"Temas de Management","Universidad del CEMA",2706.58,104,17.7,2846,2616,2591
2788,"Revista de Ciencias Económicas, Instituto de Investigaciones en Ciencias Económicas","Universidad de Costa Rica",2706.7,315,17.7,2880,2668,2727
2789,"Big Data In Agriculture (BDA)","Zibeline International Publishing",2707.28,99,17.7,2578,2820,2586
2790,"Revista de Economía y Administración","Universidad Autónoma de Occidente",2707.39,180,17.7,2865,2639,2660
2791,"Entelequia. Revista Interdisciplinar","Entelequia y Servicios Académicos Intercontinentales SL",2708.68,217,17.6,2855,2564,2683
2792,"Annals of Social Sciences & Management studies","Juniper Publishers Inc.",2710.25,135,17.6,2603,2820,2625
2793,"Journal of Artificial Intelligence General science (JAIGS) ISSN:3006-4023","Open Knowledge",2710.54,318,17.6,2761,2820,2728
2794,"Green, Blue & Digital Economy Journal","Publishing house ""Baltija Publishing""",2711.49,98,17.5,2456,2820,2967
2795,"Studia z Polityki Publicznej / Public Policy Studies","Warsaw School of Economics",2714.21,259,17.5,2667,2806,2704
2796,"Journal of Economic Regulation Journal of Economic Regulation (Вопросы регулирования экономики)","CyberLeninka;Общество с ограниченной ответственностью «Гуманитарные перспективы»",2715.42,352,17.5,2977,2576,2413
2797,"Economics and Culture","Sciendo",2715.83,214,17.4,2650,2820,2682
2798,"Současná Evropa","Prague University of Economics and Business",2716.8,170,17.4,2789,2820,2648
2799,"Holistic Marketing Management Journal","Holistic Marketing Management",2717.04,291,17.4,2752,2661,2716
2800,"International Journal of Multimedia Data Engineering and Management (IJMDEM)","IGI Global Scientific Publishing",2717.38,189,17.4,2760,2641,2671
2801,"World Journal of English Language","Sciedu Press",2717.66,1502,17.3,2754,2820,2493
2802,"International Journal of Natural Sciences Research","Conscientia Beam",2719.94,92,17.3,2623,2614,2954
2803,"MECOSAN","FrancoAngeli Editore",2720.75,417,17.3,2715,2690,2773
2804,"International Journal of Cell Science & Molecular Biology","Juniper Publishers Inc.",2721.12,95,17.2,2874,2330,2963
2805,"An Annual Book of University of Economics - Varna","University of Economics - Varna",2724.16,86,17.2,2927,2122,2937
2806,"African Journal of Food, Agriculture, Nutrition and Development (AJFAND), African Journal of Food, Agriculture","Nutrition and Development (AJFAND)",2724.33,436,17.2,2784,2768,2780
2807,"Vestnik of the St. Petersburg University. Series 5. Economics Вестник Санкт-Петербургского университета. Серия 5. Экономика","CyberLeninka;Федеральное государственное бюджетное образовательное учреждение высшего образования «Санкт-Петербургский государственный университет»",2727.32,927,17.2,3012,2719,2821
2808,"Tiempo y Economía","Universidad de Bogotá Jorge Tadeo Lozano",2730.43,103,17.1,2901,2478,2982
2809,"Journal of Academic Finance, RED research unit, university of Gabes","Tunisia",2731.56,109,17.1,2918,2548,2996
2810,"Journal of Central European Green Innovation","Karoly Robert University College",2732.43,191,17.1,2671,2642,3085
2811,"QUADERNI DI ECONOMIA DEL LAVORO","FrancoAngeli Editore",2734.13,361,17,2949,2681,2751
2812,"Academic Journal of Interdisciplinary Studies","Sciendo",2734.9,159,17,2655,2820,2640
2813,"Valahian Journal of Economic Studies","Sciendo",2734.98,142,17,2724,2801,2632
2814,"The Journal of Defense Modeling and Simulation","",2735.25,358,16.9,2711,2820,2749
2815,"Outlines of global transformations: politics, economics, law","Center for Crisis Society Studies",2735.39,781,16.9,2759,2820,2473
2816,"International Journal of Reliable and Quality E-Healthcare (IJRQEH)","IGI Global Scientific Publishing",2735.87,241,16.9,2745,2652,2696
2817,"Ensayos de Política Económica, Departamento de Investigación Francisco Valsecchi, Facultad de Ciencias Económicas","Pontificia Universidad Católica Argentina.",2735.93,80,16.9,2911,2611,2919
2818,"The Connecticut Economy, University of Connecticut","Department of Economics",2737.88,221,16.8,2969,2367,3100
2819,"Baltic Journal of Real Estate Economics and Construction Management","Sciendo",2738.25,188,16.8,2821,2765,2668
2820,"Nonpartisan Education Review","Nonpartisan Education Review",2738.65,200,16.8,2841,2644,2675
2821,"INWASCON Technology Magazine(i-TECH MAG)","Zibeline International Publishing",2739.07,68,16.7,2703,2820,2886
2822,"Journal Clean WAS (JCleanWAS)","Zibeline International Publishing",2739.54,116,16.7,2660,2820,2606
2823,"Journal of Agricultural Science","Canadian Center of Science and Education",2739.59,4299,16.7,2973,2820,2838
2824,"Jadavpur Journal of International Relations","",2740.07,445,16.7,2872,2691,2782
2825,"Journal of Interdisciplinary Economic Research","Allensbach Hochschule",2741.33,135,16.6,2864,2481,3033
2826,"Sustainable Business and Society in Emerging Economies, CSRC Publishing","Center for Sustainability Research and Consultancy Pakistan",2743.47,225,16.6,2649,2820,2689
2827,"European Journal of Business and Strategic Management","International Peer Review Journals and Books",2744.71,177,16.6,2801,2820,2657
2828,"Current Research in Agricultural Sciences","Conscientia Beam",2745.57,146,16.5,2498,2820,3046
2829,"Journal of Food Studies","Macrothink Institute",2746.53,70,16.5,2661,2757,2893
2830,"Medzinarodne vztahy (Journal of International Relations), Ekonomická univerzita","Fakulta medzinárodných vzťahov",2747,520,16.5,2998,2697,2794
2831,"International Journal of Law","Oxford University Press",2747.07,79,16.4,2695,2820,2558
2832,"Economy and Sociology","The Journal Economy and Sociology",2747.43,519,16.4,2751,2820,2793
2833,"Электронный вестник Ростовского социально-экономического института","CyberLeninka;Негосударственное образовательное учреждение высшего профессионального образования «Ростовский социально-экономический институт»",2747.6,313,16.4,2847,2667,2726
2834,"Logistics, Supply Chain, Sustainability and Global Challenges","Sciendo",2749.49,84,16.4,2718,2820,2564
2835,"Miscellanea Geographica. Regional Studies on Development","Sciendo",2750.84,910,16.3,2883,2718,2820
2836,"Noble International Journal of Scientific Research","Noble Academic Publsiher",2753.46,55,16.3,2585,2820,2855
2837,"Marketing Science & Inspirations, Comenius University in Bratislava","Faculty of Management",2753.67,199,16.3,2725,2820,2673
2838,"Czech Journal of Food Sciences","Czech Academy of Agricultural Sciences",2754.45,1748,16.2,2787,2820,2497
2839,"Geological Behavior (GBR)","Zibeline International Publishing",2754.69,116,16.2,2572,2820,3007
2840,"Russian Journal of Social Sciences and Humanities","Omsk Humanitarian Academy",2755.21,154,16.2,2975,2630,3051
2841,"Revista Tendencias","Universidad de Narino",2755.41,526,16.1,2833,2820,2795
2842,"Cascade","Federal Reserve Bank of Philadelphia",2755.91,96,16.1,2878,2331,2964
2843,"Annales. Ethics in Economic Life, University of Lodz","Faculty of Economics and Sociology",2758.03,235,16.1,2903,2495,3107
2844,"Romanian Distribution Committee Magazine","Romanian Distribution Committee",2758.49,368,16.1,2798,2682,3156
2845,"CSIE Working Papers, Center for Studies in European Integration (CSEI)","Academy of Economic Studies of Moldova (ASEM)",2758.88,90,16,2647,2820,2576
2846,"Organization, Technology and Management in Construction","Sciendo",2759.14,174,16,2856,2637,2656
2847,"Technology audit and production reserves","Socionet;Technology audit and production reserves",2759.84,114,16,2727,2820,2602
2848,"International Journal of Business Strategies","AJPO",2760.33,67,15.9,2782,2820,2884
2849,"Engineering Heritage Journal (GWK)","Zibeline International Publishing",2760.52,106,15.9,2602,2820,2988
2850,"Three Seas Economic Journal","Publishing house ""Baltija Publishing""",2760.84,179,15.9,2613,2820,3077
2851,"Journal of Business and Strategic Management","CARI Journals Limited",2762.39,171,15.9,2792,2820,2649
2852,"FACES. Revista Iberoamericana de Ciencias Económicas y Sociales, Universidad Nacional de Mar del Plata, Facultad de Ciencias Económicas y Sociales","Centro de Documentación",2767.23,359,15.8,2862,2679,3154
2853,"International Journal of Economics","IPRJB",2770.12,55,15.8,2709,2820,2854
2854,"Earth Sciences Malaysia (ESMY)","Zibeline International Publishing",2770.41,137,15.8,2584,2820,3036
2855,"Journal of Information Systems & Operations Management","Romanian-American University",2771.81,744,15.7,3104,2523,3190
2856,"Balanced Nature Using","Institute of agroecology and environmental management",2771.91,742,15.7,2909,2712,2811
2857,"Network and Communication Technologies","Canadian Center of Science and Education",2772.35,77,15.7,2555,2820,2907
2858,"Entrepreneurâ€™s Guide","JSC â€œPublishing Agency â€œScience and Educationâ€",2773.32,402,15.6,2803,2820,2767
2859,"Managerial Law","Emerald Group Publishing Limited",2773.35,501,15.6,2964,2820,2790
2860,"The Problems of Economy, RESEARCH CENTRE FOR INDUSTRIAL DEVELOPMENT PROBLEMS of NAS (KHARKIV","UKRAINE)",2777.07,559,15.6,3013,2702,2797
2861,"International Journal of Research and Innovation in Social Science","International Journal of Research and Innovation in Social Science (IJRISS)",2778.36,12057,15.6,3145,2820,2504
2862,"International Journal of Information Technology and Web Engineering (IJITWE)","IGI Global Scientific Publishing",2780.95,364,15.5,2677,2820,2752
2863,"Asian Culture and History","Canadian Center of Science and Education",2781.35,260,15.5,2735,2820,2706
2864,"Revista CIFE","Universidad Santo Tomás",2781.61,190,15.5,2943,2559,3084
2865,"Евразийская Экономическая Интеграция","CyberLeninka;Евразийский банк развития",2782.7,278,15.4,2956,2658,3124
2866,"PROCEEDINGS OF THE INTERNATIONAL CONFERENCE ON ECONOMICS AND SOCIAL SCIENCES, Bucharest University of Economic Studies","Romania",2782.72,178,15.4,2769,2820,2658
2867,"Zeitschrift für Tourismuswissenschaft","De Gruyter",2782.83,407,15.4,2852,2820,2771
2868,"Nóesis. Revista de Ciencias Sociales y Humanidades","Nóesis. Revista de Ciencias Sociales y Humanidades",2784.25,139,15.4,2757,2820,2629
2869,"Economics of Contemporary Russia","Regional Public Organization for Assistance to the Development of Institutions of the Department of Economics of the Russian Academy of Sciences",2784.3,379,15.3,2898,2820,2761
2870,"farmdoc daily, University of Illinois at Urbana-Champaign","Department of Agricultural and Consumer Economics",2784.39,204,15.3,3197,2562,3091
2871,"International Journal of Economic Policy","CARI Journals Limited",2784.51,73,15.3,2881,2610,2898
2872,"Research Journal of Education","Academic Research Publishing Group",2785.43,164,15.2,2627,2820,3063
2873,"Marketing and Branding Research","EUROKD",2786.82,113,15.2,2768,2820,3005
2874,"Journal of Forensic Accounting & Fraud Investigation (JFAFI)","Association of Forensic Accounting Researchers (AFAR)",2787.21,72,15.2,2731,2820,2897
2875,"Malaysian E Commerce Journal (MECJ)","Zibeline International Publishing",2787.25,138,15.1,2659,2820,3038
2876,"Environmental Archaeology","Taylor & Francis Journals",2788.19,727,15.1,2748,2820,2810
2877,"Economic and Social Changes: Facts, Trends, Forecast Экономические и социальные перемены: факты, тенденции, прогноз","CyberLeninka;Федеральное государственное бюджетное учреждение науки Институт социально-экономического развития территорий Российской академии наук",2788.76,792,15.1,3183,2820,2189
2878,"Logos Universalitate Mentalitate Educatie Noutate - Sectiunea Stiinte Sociale/ Logos Universality Mentality Education Novelty - Section: Social Sciences, Editura Lumen","Department of Economics",2789.46,189,15.1,2683,2820,2670
2879,"Journal of Research in Economics, Politics & Finance","Ersan ERSOY",2789.68,446,15,2887,2820,2783
2880,"European Journal of Multidisciplinary Studies Articles","Revistia Research and Publishing",2790.36,578,15,2710,2820,2798
2881,"Проблемы управления","CyberLeninka;Общество с ограниченной ответственностью ""СенСиДат-Контрол""",2791.02,935,15,3146,2720,2822
2882,"Economía, Instituto de Investigaciones Económicas y Sociales (IIES). Facultad de Ciencias Económicas y Sociales. Universidad de Los Andes. Mérida","Venezuela",2792.71,352,14.9,3025,2509,3150
2883,"Politiques et gestion de l'enseignement supérieur","Éditions OCDE",2792.95,158,14.9,2978,2346,3058
2884,"JOJ Dermatology & Cosmetics","Juniper Publishers Inc.",2793.11,66,14.9,2696,2820,2877
2885,"Shanlax International Journal of Economics","Shanlax Journals",2795.24,256,14.9,2791,2820,2702
2886,"International Journal of Advanced Pervasive and Ubiquitous Computing (IJAPUC)","IGI Global Scientific Publishing",2795.36,211,14.8,2828,2646,3095
2887,"American Journal of Creative Education","Online Science Publishing",2795.96,57,14.8,2824,2820,2862
2888,"Strategic decisions and risk management","Real Economy Publishing House",2797.09,519,14.8,2733,2815,2792
2889,"Euroinfo, Institute for World Economy","Romanian Academy",2797.48,269,14.7,2743,2820,2713
2890,"Eurasian Business & Economics Journal","Eurasian Academy Of Sciences",2799.48,360,14.7,2936,2680,2750
2891,"International Journal of Finance and Accounting","IPRJB",2801.83,136,14.7,2830,2820,3035
2892,"Revue de l'OCDE sur la gestion budgétaire","Éditions OCDE",2802.05,70,14.6,2959,2470,2891
2893,"RAIS Journal for Social Sciences","Research Association for Interdisciplinary Studies",2802.79,220,14.6,2815,2820,3099
2894,"Jurnal Kebijakan Ekonomi dan Keuangan, Jurusan Ilmu Ekonomi, Fakultas Bisnis dan Ekonomika","Universitas Islam Indonesia",2803.09,87,14.6,2999,2612,2940
2895,"Estocástica: finanzas y riesgo","Departamento de Administración de la Universidad Autónoma Metropolitana Unidad Azcapotzalco",2803.72,88,14.6,2800,2820,2571
2896,"Cognitive Sustainability","Cognitive Sustainability Ltd.",2803.8,102,14.5,2739,2820,2981
2897,"Research on World Agricultural Economy","Nan Yang Academy of Sciences Pte Ltd (NASS)",2804.72,73,14.5,2910,2820,2899
2898,"International Journal of Contemporary Education","Redfame publishing",2805.62,101,14.5,2734,2820,2975
2899,"Czech Journal of Tourism","Sciendo",2805.86,77,14.4,2640,2820,2911
2900,"Journal of Cultural Marketing Strategy","Henry Stewart Publications",2806.49,164,14.4,2742,2820,3062
2901,"Journal of Applied Leadership and Management, Hochschule Kempten - University of Applied Sciences","Professional School of Business & Technology",2806.98,67,14.4,2783,2820,2885
2902,"Economics of Science","Delo Publishing house",2807.4,286,14.3,2746,2659,3130
2903,"Journal of Education and Social Studies","Science Impact Publishers",2807.59,207,14.3,2822,2820,3092
2904,"Turyzm / Tourism","Sciendo",2807.71,157,14.3,2861,2820,2639
2905,"Современная конкуренция","CyberLeninka;Общество с ограниченной ответственностью «Синергия ПРЕСС»",2807.88,597,14.3,3112,2772,2803
2906,"FIAT IUSTITIA, Dimitrie Cantemir Faculty of Law Cluj Napoca","Romania",2808.02,514,14.2,2926,2820,2444
2907,"Observatorio Iberoamericano del Desarrollo Local y la Economía Social","Servicios Académicos Intercontinentales SL",2808.61,326,14.2,2983,2672,3144
2908,"FIP - Journal of Finance and Law","Effectus - University College for Law and Finance",2810.14,50,14.2,2892,2535,2843
2909,"Экономика транспортного комплекса","CyberLeninka;Харьковский национальный автомобильно-дорожный университет",2810.32,184,14.1,3123,2355,3081
2910,"Journal of Forensic Economics","Allen Press",2811.12,388,14.1,3215,2514,3214
2911,"International Journal of Home Economics, Hospitality and Allied Research, Department of Home Economics & Hospitality Management Education, University of Nigeria","Nsukka",2811.79,123,14.1,2799,2820,3020
2912,"Czech Journal of Genetics and Plant Breeding","Czech Academy of Agricultural Sciences",2812.55,864,14.1,2756,2820,2816
2913,"International Journal of Creative Interfaces and Computer Graphics (IJCICG)","IGI Global Scientific Publishing",2812.88,119,14,2838,2623,3015
2914,"Food and Agri Economics Review (FAER)","Zibeline International Publishing",2813.1,66,14,2775,2820,2879
2915,"Acta Chemica Malaysia (ACMY)","Zibeline International Publishing",2813.36,51,14,2788,2820,2845
2916,"Eximia Journal","Plus Communication Consulting SRL",2813.82,101,13.9,2684,2820,2976
2917,"Scientific Conference of the Department of General Economic Theory","University of Economics - Varna",2814.8,50,13.9,2780,2820,2841
2918,"Istanbul Management Journal","Istanbul University Business School",2815.72,66,13.9,2776,2820,2880
2919,"International Journal of Applied Systemic Studies","Inderscience Enterprises Ltd",2818.79,70,13.8,2797,2820,2890
2920,"Český finanční a účetní časopis","Prague University of Economics and Business",2819.32,606,13.8,2972,2705,3180
2921,"Veterinární medicína","Czech Academy of Agricultural Sciences",2819.74,1818,13.8,2889,2820,2499
2922,"Environmental Management and Sustainable Development","Macrothink Institute",2821.11,73,13.8,2814,2820,2900
2923,"Romaqua","Asociatia Romana a Apei (Romanian Water Association)",2821.19,97,13.7,3016,2476,2966
2924,"Проблемы современной экономики","CyberLeninka;Общество с ограниченной ответственностью «Научно-производственная компания «РОСТ»",2822.19,3226,13.7,3191,2746,2835
2925,"Economic and Regional Studies / Studia Ekonomiczne i Regionalne","Sciendo",2822.78,632,13.7,2685,2820,2805
2926,"Terra Economicus","CyberLeninka;Федеральное государственное автономное образовательное учреждение высшего профессионального образования «Южный федеральный университет»",2823.12,4589,13.6,3204,2781,2503
2927,"Вестник Саратовского государственного социально-экономического университета","CyberLeninka;Государственное образовательное учреждение высшего профессионального образования ""Саратовский государственный социально-экономического университет""",2824.36,2585,13.6,3171,2745,2833
2928,"Creative and Knowledge Society","Sciendo",2827.37,70,13.6,2717,2820,2888
2929,"Maandblad Voor Accountancy en Bedrijfseconomie Articles","Maandblad Voor Accountancy en Bedrijfseconomie",2828.39,263,13.6,2877,2820,2708
2930,"Comparative Southeast European Studies","De Gruyter",2829.09,1720,13.5,3120,2737,2829
2931,"African Journal of Education and Practice","IPR Journals and Book Publishers",2829.49,167,13.5,2818,2820,3067
2932,"Вопросы образования // Educational Studies Moscow","National Research University Higher School of Economics",2829.71,1133,13.5,3151,2726,2824
2933,"Edelweiss Applied Science and Technology","Learning Gate",2830.71,3471,13.4,3083,2820,2836
2934,"Sumerianz Journal of Social Science","Sumerianz Publication",2836.47,80,13.4,2764,2820,2918
2935,"The Journal of Planning and Budgeting (Ù ØµÙ„Ù†Ø§Ù…Ù‡ Ø¨Ø±Ù†Ø§Ù…Ù‡ Ø±ÛŒØ²ÛŒ Ùˆ Ø¨ÙˆØ¯Ø¬Ù‡)","Institute for Management and Planning studies",2836.88,751,13.4,3015,2776,2813
2936,"Journal of Elder Policy","John Wiley & Sons",2836.9,59,13.3,2934,2820,2864
2937,"Acta Carolus Robertus","Karoly Robert University College",2837.71,296,13.3,2970,2663,3134
2938,"Nowoczesne Systemy Zarządzania. Modern Management Systems, Military University of Technology, Faculty of Security, Logistics and Management","Institute of Organization and Management",2838.42,434,13.3,2916,2820,2777
2939,"Logos Universalitate Mentalitate Educatie Noutate - Sectiunea Filosofie si Stiinte umaniste/ Logos Universality Mentality Education Novelty - Section: Philosophy and Humanistic Sciences, Editura Lumen","Department of Economics",2839.03,152,13.3,2825,2820,2637
2940,"Asian Management and Business Review, Master of Management, Department of Management","Faculty of Business and Economics Universitas Islam Indonesia",2839.52,102,13.2,2843,2820,2979
2941,"International Journal of Strategic Information Technology and Applications (IJSITA)","IGI Global Scientific Publishing",2840.07,181,13.2,2810,2820,3078
2942,"Polish Journal of Sport and Tourism","Sciendo",2840.24,389,13.2,3018,2688,2764
2943,"Sovremennaa ekonomika: problemy, tendencii, perspektivy Современная экономика: проблемы, тенденции, перспективы","CyberLeninka;Муромский институт (филиал) Государственного образовательного учреждения высшего профессионального образования ""Владимирский государственный университет им. Александра Григорьевича и Николая Григорьевича Столетовых""",2843.15,140,13.1,2961,2820,3040
2944,"Economics of Development","Kharkiv National University of Economics",2844.2,213,13.1,2875,2820,2681
2945,"Revista Saber, Ciencia y Libertad","Universidad Libre - Sede Cartagena",2845.2,267,13.1,2860,2820,2711
2946,"Journal of Agricultural Studies","Macrothink Institute",2848.98,382,13,2876,2820,2762
2947,"Studies in Conflict and Terrorism","Taylor & Francis Journals",2850.74,900,13,3038,2820,2819
2948,"Archivos Revista Economía y Política., Facultad de Ciencias Económicas y Administrativas","Universidad de Cuenca.",2851.58,89,13,3004,2789,2945
2949,"Ocean and Society","Cogitatio Press",2852.95,83,13,2922,2820,2928
2950,"AGRICOLTURA ISTITUZIONI MERCATI","FrancoAngeli Editore",2854.27,339,12.9,2992,2674,3145
2951,"Global Journal of Addiction & Rehabilitation Medicine","Juniper Publishers Inc.",2854.66,144,12.9,2929,2820,2634
2952,"Marketing Review St.Gallen, Universität St.Gallen","Institut für Marketing und Customer Insight",2855.23,530,12.9,2933,2820,2796
2953,"Revista Panorama Económico","Universidad de Cartagena",2855.57,53,12.8,3034,2608,2847
2954,"Gospodarka Surowcami Mineralnymi / Mineral Resources Management","Sciendo",2859.5,247,12.8,3020,2653,3113
2955,"Problemy Zarzadzania, University of Warsaw","Faculty of Management",2859.66,776,12.8,2894,2820,2814
2956,"PraxisWissen - German Journal of Marketing","AfM – Arbeitsgemeinschaft für Marketing",2860.04,70,12.8,2869,2820,2892
2957,"Journal of Social Policy Conferences, Istanbul University","Faculty of Economics",2860.21,178,12.7,2844,2820,3074
2958,"Science Governance and Scientometrics Journal, Russian Research Institute of Economics","Politics and Law in Science and Technology (RIEPL)",2861.01,369,12.7,2905,2820,2754
2959,"Journal of Ibn Haldun Studies [İbn Haldun Çalışmaları Dergisi]","Ibn Haldun University",2863.38,132,12.7,3072,2552,3028
2960,"International Journal of Research and Scientific Innovation","International Journal of Research and Scientific Innovation (IJRSI)",2863.39,3116,12.6,3064,2820,2834
2961,"Revista economía&sociedad","Consorcio de Investigación Económica y Social",2864.15,105,12.6,2960,2794,2986
2962,"International Journal of Healthcare and Medical Sciences","Academic Research Publishing Group",2864.33,101,12.6,2785,2820,2977
2963,"Journal of Technology and Systems","CARI Journals Limited",2864.5,82,12.5,2919,2820,2925
2964,"Journal of Data Protection & Privacy","Henry Stewart Publications",2864.86,320,12.5,2867,2820,3142
2965,"English Literature and Language Review","Academic Research Publishing Group",2865.18,133,12.5,2859,2820,3030
2966,"Culture. Society. Economy. Politics","Sciendo",2866.58,65,12.5,2948,2820,2875
2967,"Revista Internacional de Gestión del Conocimiento y la Tecnología (GECONTEC)","Revista Internacional de Gestión del Conocimiento y la Tecnología (GECONTEC)",2866.97,130,12.4,3000,2820,3026
2968,"Journal of Management World","Academia Publishing Group",2867.13,398,12.4,2858,2820,3160
2969,"Nang Yan Business Journal","Sciendo",2867.22,55,12.4,2921,2820,2856
2970,"Journal of Wastes and Biomass Management (JWBM)","Zibeline International Publishing",2867.45,99,12.3,2886,2820,2971
2971,"Journal of Critical Infrastructure Policy","John Wiley & Sons",2867.58,93,12.3,2939,2820,2957
2972,"European Journal of Studies in Management and Business","EUROKD",2867.61,151,12.3,2895,2820,3050
2973,"Russian Foreign Economic Journal","Russian Foreign Trade Academy Ministry of economic development of the Russian Federation",2867.94,1181,12.3,2884,2820,2825
2974,"Organizações Rurais e Agroindustriais/Rural and Agro-Industrial Organizations, Universidade Federal de Lavras","Departamento de Administracao e Economia",2868.94,110,12.2,3075,2621,2998
2975,"Reviews in Food and Agriculture (RFNA)","Zibeline International Publishing",2869.16,90,12.2,2863,2820,2950
2976,"Российский внешнеэкономический вестник","CyberLeninka;Государственное образовательное учреждение Высшего профессионального образования Всероссийская академия внешней торговли Минэкономразвития России",2869.28,1561,12.2,3154,2735,3204
2977,"Journal for Perspectives of Economic Political and Social Integration","Sciendo",2869.47,104,12.1,3031,2617,2984
2978,"Journal of Life Sciences Research","Asian Online Journal Publishing Group",2870.31,60,12.1,2840,2820,2867
2979,"Journal of Food Technology Research","Conscientia Beam",2872.06,148,12.1,2849,2820,3048
2980,"Policy Brief Series","Southeast Asian Regional Center for Graduate Study and Research in Agriculture (SEARCA)",2873.63,88,12,2932,2613,2943
2981,"Research Reports, University of Warsaw","Faculty of Management",2874.38,284,12,2963,2820,3127
2982,"Contemporary Legal Institutions","Romanian-American University",2874.53,103,12,3027,2763,2983
2983,"Technology Transfer and Entrepreneurship","Bentham Science Publishers",2875.25,99,12,2885,2820,2969
2984,"European Review of Applied Sociology","Sciendo",2876.04,117,11.9,2871,2820,3011
2985,"Journal of Education and Training Studies","Redfame publishing",2877.03,276,11.9,2836,2820,3122
2986,"Animal Review","Conscientia Beam",2880.09,53,11.9,2907,2820,2850
2987,"Science Heritage Journal (GWS)","Zibeline International Publishing",2880.64,102,11.8,2897,2820,2980
2988,"Business Strategies","Real Economy Publishing House",2881.08,679,11.8,2917,2820,2808
2989,"Revista Mexicana de Agronegocios","Sociedad Mexicana de Administracion Agropecuaria",2881.3,142,11.8,3061,2629,3043
2990,"Journal of Innovative Business and Management","DOBA Faculty",2881.35,130,11.8,2853,2820,3025
2991,"International Journal of Health Sciences","CARI Journals Limited",2881.56,115,11.7,3055,2820,3006
2992,"Journal of Biotechnology Research","Academic Research Publishing Group",2882.66,96,11.7,2827,2820,2965
2993,"Agricultural Research & Technology: Open Access Journal","Juniper Publishers Inc.",2883.92,154,11.7,2900,2820,3052
2994,"Zeitschrift für die Regionale Wissenschaft","Hellenic Association of Regional Scientists",2884.11,50,11.6,2891,2820,2840
2995,"Global Journal of Health Sciences","IPRJB",2884.26,88,11.6,2931,2820,2942
2996,"English Linguistics Research","Sciedu Press",2884.48,70,11.6,2958,2820,2887
2997,"Der Betriebswirt, Duncker & Humblot","Berlin",2885.25,85,11.5,2924,2820,2935
2998,"Technology audit and production reserves","PC TECHNOLOGY CENTER",2885.32,463,11.5,3028,2820,2785
2999,"Record and Library Journal","D3 Perpustakaan Fakultas Vokasi Universitas Airlangga",2885.6,105,11.5,3033,2820,2987
3000,"International Journal of Data Science","Inderscience Enterprises Ltd",2885.85,164,11.5,2813,2820,3064
3001,"Education, Sustainability & Society (ESS)","Zibeline International Publishing",2886.79,84,11.4,2988,2759,2930
3002,"Journal of Agriculture and Rural Development Studies, ""Dunarea de Jos"" University of Galati","Doctoral Field Engineering and Management in Agriculture and Rural Development",2887.16,84,11.4,2989,2820,2931
3003,"European Journal of Law and Public Administration","Editura LUMEN",2888.46,347,11.4,2997,2575,3148
3004,"Economics: time realities Экономика: реалии времени","CyberLeninka;Одесский национальный политехнический университет",2889.22,660,11.3,3141,2773,2807
3005,"Novel Approaches in Drug Designing & Development","Juniper Publishers Inc.",2891.64,117,11.3,2870,2820,3010
3006,"Review of Islamic Social Finance and Entrepreneurship","Center for Islamic Economics and Development Studies [P3EI]",2893.58,53,11.3,3035,2820,2848
3007,"American Journal of International Relations","AJPO",2894.07,53,11.2,3036,2820,2849
3008,"Agriculture and Development Notes","Southeast Asian Regional Center for Graduate Study and Research in Agriculture (SEARCA)",2894.41,66,11.2,2950,2820,2876
3009,"Κείμενα Περιφερειακής Επιστήμης","Ελληνική Εταιρεία Περιφερειολόγων Επιστημόνων",2894.47,64,11.2,3215,2610,2872
3010,"Journal of Economic Sciences, Federal Urdu University Islamabad","Department of Economics",2895.68,54,11.2,3041,2820,2851
3011,"International Journal of Agriculture & Sustainable Development","50sea",2896.39,134,11.1,2954,2820,3032
3012,"HO CHI MINH CITY OPEN UNIVERSITY JOURNAL OF SCIENCE - SOCIAL SCIENCES, HO CHI MINH CITY OPEN UNIVERSITY JOURNAL OF SCIENCE","HO CHI MINH CITY OPEN UNIVERSITY",2896.82,257,11.1,2946,2820,3118
3013,"Medical Law Review","Oxford University Press",2897.12,236,11.1,2935,2820,3109
3014,"CECCAR Business Review","Body of Expert and Licensed Accountants of Romania (CECCAR)",2897.49,535,11,2882,2820,3176
3015,"International Journal of Finance","CARI Journals Limited",2897.97,106,11,2962,2820,2989
3016,"Dimensión Empresarial","Universidad Autónoma del Caribe",2898.5,67,11,2953,2820,2882
3017,"HO CHI MINH CITY OPEN UNIVERSITY JOURNAL OF SCIENCE - ECONOMICS AND BUSINESS ADMINISTRATION, HO CHI MINH CITY OPEN UNIVERSITY JOURNAL OF SCIENCE","HO CHI MINH CITY OPEN UNIVERSITY",2898.97,286,11,2944,2820,3129
3018,"European Journal of Human Resource","AJPO",2901.04,57,10.9,3054,2820,2861
3019,"The Annals of Dimitrie Cantemir Christian University. Economy, Commerce and Tourism Series, Faculty of Management in Tourism and Commerce Bucharest, ""Dimitrie Cantemir"" Christian University, Bucharest","Romania",2901.17,82,10.9,2984,2820,2924
3020,"Balkan Region Conference on Engineering and Business Education","Sciendo",2901.27,376,10.9,3040,2820,2758
3021,"Anniversary Scientific Conference with International Participation TOURISM AND CONNECTIVITY 2020, University publishing house ""Science and Economics""","University of Economics - Varna",2901.45,83,10.8,2987,2820,2929
3022,"Revista Romana de Jurnalism si Comunicare - Romanian Journal of Journalism and Communication, University of Bucharest, Faculty of Journalism and Communication Studies – Universitatea din Bucuresti","Facultatea de Jurnalism si Stiintele Comunicarii",2901.51,187,10.8,2941,2820,3083
3023,"Global Journal of Pharmacy & Pharmaceutical Sciences","Juniper Publishers Inc.",2901.68,170,10.8,2823,2820,3070
3024,"Revista Caribeña de Ciencias Sociales","Servicios Académicos Intercontinentales SL",2901.87,3316,10.7,3195,2748,3212
3025,"Multidisciplinary Journal of Management Sciences","Association of Forensic Accounting Researchers (AFAR)",2902,90,10.7,3007,2790,2948
3026,"International Journal of Innovation in Engineering","International Scientific Network (ISNet)",2904.1,55,10.7,3045,2820,2852
3027,"Sumerianz Journal of Agriculture and Veterinary","Sumerianz Publication",2904.71,78,10.7,2902,2820,2913
3028,"Tropical Agroecosystems (TAEC)","Zibeline International Publishing",2904.86,99,10.6,2951,2820,2970
3029,"European Journal of Business, Economics & Management","Pinnacle Academic Press",2905.05,78,10.6,3093,2820,2914
3030,"International Journal of Manufacturing, Materials, and Mechanical Engineering (IJMMME)","IGI Global Scientific Publishing",2905.52,214,10.6,2938,2820,3097
3031,"LatIA","AG Editor",2905.62,130,10.5,2995,2820,3024
3032,"Management (Montevideo)","AG Editor",2906.3,165,10.5,2986,2820,3065
3033,"Technium Business and Management","Technium Science",2907.2,61,10.5,3068,2820,2869
3034,"Мир новой экономики // The world of new economy","Финансовый университет при Правительстве Российской Федерации // Financial University under The Governtment оf The Russian Federation",2907.97,311,10.5,3069,2820,2724
3035,"Lead City Journal of the Social Sciences (LCJSS)","Lead City University",2908.76,92,10.4,3010,2820,2955
3036,"Revista de Investigación en Ciencias Contables y Administrativas, Universidad Michoacana de San Nicolás de Hidalgo","Facultad de Contaduría y Ciencias Administrativas",2908.91,157,10.4,2904,2782,3056
3037,"Municipal Finance Journal","University of Chicago Press",2909.66,629,10.4,3164,2520,3182
3038,"Journal of Electromagnetic Waves and Applications","Taylor & Francis Journals",2910.21,2272,10.3,3044,2820,2832
3039,"Revista Actualidad Económica, Universidad Nacional de Córdoba, Facultad de Ciencias Económicas","Instituto de Economía y Finanzas",2910.39,107,10.3,2913,2820,2991
3040,"Social Change Review","Sciendo",2910.47,106,10.3,2908,2820,2990
3041,"Ukrainian Journal Ekonomist","Yuriy Kovalenko",2910.89,846,10.2,3080,2714,3195
3042,"The Irish Journal of Management","Sciendo",2911.41,124,10.2,2940,2820,3022
3043,"Review of Politics and Public Policy in Emerging Economies, CSRC Publishing","Center for Sustainability Research and Consultancy Pakistan",2912.16,50,10.2,3023,2820,2839
3044,"Contexto (Artículos Sobre Economía)","Universidad Externado de Colombia",2912.22,101,10.2,2896,2820,2978
3045,"International Journal of Chemistry and Materials Research","Conscientia Beam",2912.31,65,10.1,2947,2820,2872
3046,"CONTABILIT? E CULTURA AZIENDALE","FrancoAngeli Editore",2912.49,143,10.1,2925,2820,3044
3047,"Nigerian Agricultural Policy Research Journal (NAPReJ)","Agricultural Policy Research Network (APRNet)",2912.95,67,10.1,2965,2820,2883
3048,"Responsibility and Sustainability","IAPNM LATAM",2915.06,81,10,2914,2820,3214
3049,"Ravista Raites antes Panorama Administrativo Journal, Red de Investigación en Administración de la Innovación Tecnológica, Económica y Sustentable - Instituto Tecnológico de Celaya","Departamento de Ciencias Económico Administrativas",2917.02,171,10,2994,2820,3072
3050,"Modernization. Innovation. Research МИР (Модернизация. Инновации. Развитие)","CyberLeninka;Общество с ограниченной ответственностью Издательский Дом «Наука»",2917.07,741,10,3150,2775,3189
3051,"State and Municipal Management Scholar Notes","Russian Presidential Academy of National Economy and Public Administration",2917.16,936,9.9,3111,2820,2823
3052,"Pinnacle Academic Press Proceedings Series","Pinnacle Academic Press",2917.47,111,9.9,3049,2820,3002
3053,"Academic Review of Humanities and Social Sciences","Bursa Teknik Üniversitesi",2917.92,94,9.9,3014,2820,2962
3054,"Proceedings Education","Editura LUMEN",2918.06,154,9.9,3162,2631,3053
3055,"Regional Economy and Sustainable Development, Conference Proceedings 2017, Research Institute","University of Economics - Varna",2918.08,94,9.8,2942,2820,2960
3056,"Agregat: Jurnal Ekonomi dan Bisnis","Universitas Muhammadiyah Prof. DR HAMKA.",2919.39,71,9.8,3081,2820,2895
3057,"Journal of Education and Practice","CARI Journals Limited",2919.44,147,9.8,3019,2820,3047
3058,"International Journal of Social Sciences and English Literature","Eastern Centre of Science and Education",2919.88,71,9.7,3082,2820,2896
3059,"Annals - Juridical Science Series, Constantin Brancusi University","Faculty of Juridical Sciences",2920.19,89,9.7,3005,2820,2946
3060,"Social-Economic Debates","Association for Entreprenorial Spirit Promotion",2920.79,226,9.7,3052,2648,3103
3061,"Nutrition & Food Science International Journal","Juniper Publishers Inc.",2920.87,50,9.7,3024,2820,2842
3062,"Management of Organizations: Systematic Research","Sciendo",2921.02,138,9.6,2955,2820,3037
3063,"International Journal of Medical and Health Sciences Research","Conscientia Beam",2921.39,85,9.6,2993,2820,2934
3064,"Sustainability in Food and Agriculture (SFNA)","Zibeline International Publishing",2921.51,56,9.6,3050,2820,2858
3065,"Revista de Análisis Económico y Financiero","Universidad de San Martín de Porres",2922.63,57,9.5,3053,2820,2860
3066,"Economic Synergy","Higher Educational Institution Academician Yuriy Bugay International Scientific & Technical University",2923.1,202,9.5,2981,2820,3089
3067,"Journal Global Policy and Governance","Transition Academia Press",2924.06,133,9.5,2952,2820,3031
3068,"Smart Cities International Conference (SCIC) Proceedings, Smart-EDU Hub, Faculty of Public Administration","National University of Political Studies & Public Administration",2924.4,348,9.4,2976,2820,3149
3069,"Global Politics Review","Global Politics Review",2924.52,55,9.4,3046,2820,2853
3070,"Ekonomija Economics","Rifin d.o.o.",2926.15,290,9.4,3059,2820,3133
3071,"Sociedad Global","Servicios Académicos Intercontinentales SL",2927.1,60,9.4,3063,2820,2866
3072,"Revista Estrategia Organizacional","Universidad Nacional Abierta y a Distancia",2927.19,59,9.3,3067,2820,2865
3073,"Journal of Health, Medicine and Nursing","IPR Journals and Book Publishers",2928.4,179,9.3,3006,2820,3076
3074,"Ekonomske ideje i praksa, Faculty of Economics and Business","University of Belgrade",2928.88,226,9.3,3051,2820,3101
3075,"Studia Commercialia Bratislavensia","Sciendo",2929.15,116,9.2,3057,2820,3009
3076,"Magna Carta: Contemporary Social Science","50sea",2929.27,79,9.2,3097,2820,2917
3077,"Jurnalul de Studii Juridice, Editura Lumen","Department of Economics on Behalf of Petre Andrei University Iasi",2929.54,518,9.2,3030,2820,3174
3078,"Tecsistecatl","Servicios Académicos Intercontinentales SL",2929.58,171,9.2,3167,2635,3071
3079,"International Journal of Pulmonary & Respiratory Sciences","Juniper Publishers Inc.",2930.34,89,9.1,3003,2820,2944
3080,"Revista Nicolaita de Estudios Económicos, Universidad Michoacana de San Nicolás de Hidalgo","Instituto de Investigaciones Económicas y Empresariales",2930.54,119,9.1,2979,2820,3014
3081,"eseconomía, Escuela Superior de Economía","Instituto Politécnico Nacional",2931.24,166,9.1,3105,2634,3066
3082,"Turismo y Desarrollo Local","Servicios Académicos Intercontinentales SL",2933.59,1142,9,3115,2727,3198
3083,"Jurnal Aplikasi Bisnis","Universitas Islam Indonesia",2933.71,140,9,3021,2820,3039
3084,"Bingol University Journal of Economics and Administrative Sciences, Bingol University","Faculty of Economics and Administrative Sciences",2933.82,209,9,2957,2820,3094
3085,"International Journal of Entrepreneurship and Project Management","IPRJB",2935.07,84,8.9,3107,2820,2933
3086,"The Russian Academic Journal","The Wolfcorner publishing house",2935.92,353,8.9,3148,2677,3151
3087,"Crónica Tributaria","Instituto de Estudios Fiscales",2935.95,475,8.9,3130,2820,3169
3088,"Revista Criterio Libre","Universidad Libre - Sede Principal",2936.5,108,8.9,3042,2820,2993
3089,"Управление большими системами: сборник трудов","CyberLeninka;Федеральное государственное бюджетное учреждение науки Институт проблем управления им. В.А. Трапезникова РАН",2936.6,880,8.8,3196,2820,2817
3090,"International Journal of Management, Knowledge and Learning","ToKnowPress",2936.63,254,8.8,2990,2820,3115
3091,"African Journal of Commercial Studies","African Journal of Commercial Studies",2936.7,233,8.8,3058,2820,3105
3092,"Journal of Education and Training","Macrothink Institute",2936.98,77,8.7,3089,2820,2908
3093,"European Journal of Education Articles","Revistia Research and Publishing",2937.86,146,8.7,2966,2820,3045
3094,"Ekonomi Maliye Isletme Dergisi","Adil AKINCI",2937.95,107,8.7,3039,2820,2992
3095,"AgLetter","Federal Reserve Bank of Chicago",2938.46,135,8.7,3157,2627,3034
3096,"Вестник Томского государственного университета. Экономика","CyberLeninka;Федеральное государственное бюджетное образовательное учреждение высшего профессионального образования «Национальный исследовательский Томский государственный университет»",2939.82,587,8.6,3200,2820,2801
3097,"Arte y sociedad. Revista de investigación","Servicios Académicos Intercontinentales SL",2940.46,289,8.6,3187,2660,3131
3098,"Cyber Security: A Peer-Reviewed Journal","Henry Stewart Publications",2940.49,303,8.6,2996,2820,3137
3099,"Desarrollo local sostenible","Servicios Académicos Intercontinentales SL. Hasta 31/12/2022",2941.09,637,8.5,3099,2707,3183
3100,"Academic Journal of Chemistry","Academic Research Publishing Group",2941.18,89,8.5,3116,2820,2947
3101,"Z'GuG Zeitschrift für Gemeinwirtschaft und Gemeinwohl","Nomos Verlagsgesellschaft mbH & Co. KG",2941.6,111,8.5,3048,2820,3000
3102,"Financial Sciences. Nauki o Finansach","Sciendo",2941.66,66,8.4,3071,2820,2878
3103,"Rejie","Servicios Académicos Intercontinentales SL",2942.34,120,8.4,2980,2820,3016
3104,"Revista Lebret","Universidad Santo Tomás - Bucaramanga",2942.71,104,8.4,3032,2820,2985
3105,"Academic Journal of Life Sciences","Academic Research Publishing Group",2943.38,77,8.4,3090,2820,2910
3106,"Sumerianz Journal of Scientific Research","Sumerianz Publication",2943.6,77,8.3,2899,2820,3214
3107,"Проблемы учета и финансов","CyberLeninka;Федеральное государственное бюджетное образовательное учреждение высшего профессионального образования «Национальный исследовательский Томский государственный университет»",2944.6,247,8.3,3215,2820,2698
3108,"Eurasian integration: economy, law, politics","Russian Presidential Academy of National Economy and Public Administration",2944.71,92,8.3,3121,2820,2956
3109,"Jurnal Tata Kelola dan Akuntabilitas Keuangan Negara","Badan Pemeriksa Keuangan Republik Indonesia",2945,84,8.2,3106,2820,2932
3110,"RUDN Journal of Economics Вестник Российского университета дружбы народов. Серия: Экономика","CyberLeninka;Федеральное государственное бюджетное образовательное учреждение высшего профессионального образования «Российский университет дружбы народов»",2946.27,641,8.2,3137,2708,3184
3111,"Agroalimentaria Journal - Revista Agroalimentaria, Centro de Investigaciones Agroalimentarias, Facultad de Ciencias Económicas y Sociales","Universidad de los Andes",2946.74,86,8.2,3101,2820,2938
3112,"Journal of Biology and Life Science","Macrothink Institute",2947.67,74,8.1,3085,2820,2903
3113,"Asian Journal of Agricultural Extension, Economics & Sociology, Asian Journal of Agricultural Extension","Economics & Sociology",2948.04,2476,8.1,3177,2820,3209
3114,"International Journal of Research and Innovation in Applied Science","International Journal of Research and Innovation in Applied Science (IJRIAS)",2948.5,2146,8.1,3076,2820,3206
3115,"Revista Económica, Centro de Investigaciones Sociales y Económicas","Universidad Nacional de Loja",2949.21,155,8.1,3092,2820,3054
3116,"Annals of the University of Craiova, Series Psychology, Pedagogy, Teacher Training Department","University of Craiova",2949.94,308,8,3026,2820,3140
3117,"International Journal of Contemporary Management","Sciendo",2950.04,79,8,3096,2820,2915
3118,"Digital Transformation","Educational Establishment â€œBelarusian State University of Informatics and Radioelectronicsâ€",2950.07,297,8,2991,2820,3135
3119,"International Journal of Educational Studies","Academia Publishing Group",2950.43,162,7.9,3043,2820,3060
3120,"Revista Ciencias Administrativas (CADM), IIA, Universidad Nacional de La Plata, Instituto de Investigaciones Administrativas, Facultad de Ciencias Económicas","Universidad Nacional de La Plata",2951.19,219,7.9,3001,2820,3098
3121,"Financial Planning Research Journal","Sciendo",2951.78,75,7.9,3087,2820,2906
3122,"Contribuciones a las Ciencias Sociales","Servicios Académicos Intercontinentales SL. Hasta 31/12/2022",2952.02,3506,7.9,3199,2749,3213
3123,"Revista Global de Negocios","The Institute for Business and Finance Research",2952.95,354,7.8,3149,2678,3152
3124,"Data and Metadata","AG Editor",2953.37,628,7.8,3078,2820,3181
3125,"Open Access Journal of Neurology & Neurosurgery","Juniper Publishers Inc.",2953.5,321,7.8,3009,2807,3143
3126,"Journal of Public Policy and Administration","IPRJB",2953.57,77,7.7,3091,2820,2912
3127,"Revista Iberoamericana de Bioeconomía y Cambio Climàtico, National Autonomous University of Nicaragua","Leon",2953.97,74,7.7,3124,2820,2902
3128,"Journal of Finance Letters (Maliye ve Finans Yazıları)","Maliye ve Finans Yazıları Yayıncılık Ltd. Şti.",2954.34,405,7.7,2982,2820,3163
3129,"Revista Internacional Administracion & Finanzas","The Institute for Business and Finance Research",2954.81,449,7.6,3160,2692,3166
3130,"Technium","Technium Science",2955.73,398,7.6,3022,2820,3161
3131,"Revista de la Facultad de Contaduría y Ciencias Administrativas, Universidad Michoacana de San Nicolás de Hidalgo","Facultad de Contaduría y Ciencias Administrativas",2956.09,94,7.6,3126,2792,2958
3132,"European Journal of Health Sciences","AJPO Journals Limited",2956.12,94,7.6,3127,2820,2961
3133,"Gifted and Talented International","Taylor & Francis Journals",2956.42,606,7.5,3066,2820,3179
3134,"Journal of Institutional Studies Journal of Institutional Studies (Журнал институциональных исследований)","CyberLeninka;Общество с ограниченной ответственностью «Гуманитарные перспективы»",2956.43,290,7.5,3188,2766,3132
3135,"Salud Integral y Comunitaria","AG Editor (Paraguay)",2957.09,168,7.5,3108,2820,3068
3136,"Ars Aequi","Universul Juridic",2957.16,108,7.4,3138,2820,2994
3137,"Documentos de política Elecciones Perú","Consorcio de Investigación Económica y Social",2957.91,91,7.4,3118,2820,2951
3138,"Ilorin Journal of Business and Social Sciences, Faculty of Social Sciences","University of Ilorin",2958.11,109,7.4,3140,2820,2997
3139,"Journal of Politics and Law","Canadian Center of Science and Education",2959.96,100,7.4,3132,2820,2974
3140,"International Journal of Agriculture and Environmental Research","Malwa International Journals Publication",2960.27,123,7.3,3135,2820,3021
3141,"Известия Тульского государственного университета. Экономические и юридические науки","CyberLeninka;Федеральное государственное бюджетное образовательное учреждение высшего профессионального образования «Тульский государственный университет»",2960.6,2479,7.3,3210,2743,3210
3142,"Revista de Dirección y Administración de Empresas","Universidad del País Vasco - Escuela Universitaria de Estudios Empresariales de San Sebastián",2960.79,235,7.3,3060,2820,3108
3143,"Revista Perspectivas en Inteligencia","Escuela de Inteligencia y Contrainteligencia Bg. Ricardo Charry Solano",2960.79,113,7.2,3144,2820,3004
3144,"Вестник Пермского университета. Серия: Экономика","CyberLeninka;Федеральное государственное бюджетное образовательное учреждение высшего профессионального образования «Пермский государственный национальный исследовательский университет»",2961.58,449,7.2,3180,2693,3167
3145,"Health Leadership and Quality of Life","AG Editor",2962.24,708,7.2,3098,2820,3187
3146,"Public Administration and Regional Development","Petro Mohyla Black Sea National University",2962.43,159,7.1,3037,2820,3059
3147,"Бизнес в законе. Экономико-юридический журнал","CyberLeninka;Издательский дом Юр-ВАК",2962.65,3687,7.1,3214,2820,2837
3148,"International Trade and Trade Policy","Ð¤Ð“Ð‘ÐžÐ£ Ð’Ðž ""Ð Ð¾Ñ Ñ Ð¸Ð¹Ñ ÐºÐ¸Ð¹ Ñ ÐºÐ¾Ð½Ð¾Ð¼Ð¸Ñ‡ÐµÑ ÐºÐ¸Ð¹ ÑƒÐ½Ð¸Ð²ÐµÑ€Ñ Ð¸Ñ‚ÐµÑ‚ Ð¸Ð¼. Ð“.Ð’. ÐŸÐ»ÐµÑ…Ð°Ð½Ð¾Ð²Ð°""",2962.95,384,7.1,3100,2820,3158
3149,"Goc Dergisi, Transnational Press London","UK",2963.5,182,7.1,3008,2820,3079
3150,"Acta Marisiensis. Series Oeconomica, ""George Emil Palade"" University of Medicine, Pharmacy, Sciences and Technology of Târgu-Mureș","România - Faculty of Economics and Law",2964.18,148,7,3086,2820,3049
3151,"Economics of Nature and the Environment","Mykhaylo Khvesyk",2964.26,204,7,3074,2820,3090
3152,"THE LAW AND THE BUSINESS IN THE CONTEMPORARY SOCIETY, University publishing house ""Science and Economics""","University of Economics - Varna",2964.63,140,7,3077,2820,3041
3153,"Cuadernos de Educación y Desarrollo","Servicios Académicos Intercontinentales SL. Hasta 31/12/2022",2964.89,3281,6.9,3203,2747,3211
3154,"Scienze Regionali","Società editrice il Mulino",2965.5,265,6.9,3156,2820,3121
3155,"Вестник Омского университета. Серия «Экономика»","CyberLeninka;Федеральное государственное бюджетное образовательное учреждение высшего образования «Омский государственный университет им. Ф.М. Достоевского»",2965.51,1792,6.9,3198,2820,2830
3156,"Gestión Joven ""Revista de la Agrupación Joven Iberoamericana de Contabilidad y Administración de Empresas"". Young Management ""Journal of the Young Iberomerican Group of Accounting and Business Adminis","Asociación Española de Contabilidad y Administración de Empresas (AECA). Spanish Accounting and Business Administration Association.",2967.16,113,6.8,3143,2820,3003
3157,"Общество: политика, экономика, право","CyberLeninka;Общество с ограниченной ответственностью «Издательский дом «ХОРС»",2967.22,863,6.8,3215,2820,2816
3158,"Мир экономики и управления // Вестник НГУ. Cерия: Cоциально-экономические науки","Socionet;Новосибирский государственный университет",2968.19,797,6.8,3206,2777,3192
3159,"Actual Problems of Economics and Law Актуальные проблемы экономики и права","CyberLeninka;Общество с ограниченной ответственностью «Татарский центр образования «Таглимат»",2968.67,1501,6.8,3208,2779,3202
3160,"Вестник Адыгейского государственного университета. Серия 5: Экономика","CyberLeninka;Государственное образовательное учреждение высшего профессионального образования «Адыгейский государственный университет»",2968.69,938,6.7,3215,2820,2824
3161,"Rehabilitation and Sports Medicine","AG Editor (Argentina)",2969.02,130,6.7,3153,2820,3027
3162,"World of Real Estate Journal (Swiat Nieruchomosci)","Fundacja Uniwersytetu Ekonomicznego w Krakowie",2969.48,179,6.7,3062,2820,3075
3163,"PLOS Mental Health","Public Library of Science",2969.79,132,6.6,3155,2820,3029
3164,"European journal of economics and management sciences","CyberLeninka;«East West» Association for Advanced Studies and Higher Education GmbH",2970.22,163,6.6,3102,2820,3061
3165,"Ciencias Económicas","Facultad de Ciencias Económicas UNL",2970.3,187,6.6,3125,2820,3082
3166,"Marathon, Department of Pshisycal Education and Sport, Academy of Economic Studies, Bucharest","Romania",2971.72,340,6.6,3017,2820,3146
3167,"Marketing of Scientific and Research Organizations","Sciendo",2972.01,261,6.5,3070,2820,3119
3168,"Information Technology and Management Science","Sciendo",2972.19,130,6.5,3215,2764,3026
3169,"European Journal of Language and Literature Studies Articles","Revistia Research and Publishing",2974.16,277,6.5,3047,2820,3123
3170,"Tlatemoani","Servicios Académicos Intercontinentales SL",2974.24,491,6.4,3166,2820,3172
3171,"INTERNATIONAL SCIENTIFIC AND PRACTICAL CONFERENCE ""HUMAN RESOURCE MANAGEMENT""","University of Economics - Varna",2976.44,170,6.4,3109,2820,3069
3172,"Lúmina. Revista iberoamericana de Contabilidad, Administración y Economía, Facultad de Ciencias Contables, Económicas y Administrativas","Universidad de Manizales.",2976.53,155,6.4,3094,2820,3055
3173,"Prosperitas","Budapest Business University",2977.86,226,6.3,3088,2820,3102
3174,"Rural Cooperatives Magazine, United States Department of Agriculture","Rural Development",2978.42,111,6.3,3142,2820,2999
3175,"Eurasian Eononometrics, Statistics and Emprical Economics Journal","Eurasian Academy Of Sciences",2978.6,157,6.3,3163,2820,3057
3176,"Anuarul Universitatii „Petre Andrei” din Iasi / Year-Book „Petre Andrei” University from Iasi, Fascicula: Drept, Stiinte Economice, Stiinte Politice / Fascicle: Law, Economic Sciences, Political Scien, Editura Lumen","Department of Economics",2978.74,244,6.3,3103,2820,3112
3177,"International Journal of Innovations in Science & Technology","50sea",2979.6,807,6.2,3073,2820,3193
3178,"Научные труды: Институт народнохозяйственного прогнозирования РАН","CyberLeninka;Федеральное государственное бюджетное учреждение науки Институт народнохозяйственного прогнозирования Российской академии наук",2980.15,382,6.2,3173,2820,3157
3179,"Economic Science, education and the real economy: Development and interactions in the digital age","Publishing house Science and Economics Varna",2981.8,263,6.2,3114,2820,3120
3180,"Управление экономическими системами: электроннный научный журнал","CyberLeninka;Негосударственное образовательное учреждение высшего профессионального образования Кисловодский институт экономики и права",2982.93,2313,6.1,3213,2742,3208
3181,"Экономические исследования","CyberLeninka;Общество с ограниченной ответственностью «Центр экономических исследований»",2985.37,204,6.1,3215,2766,3214
3182,"Salud, Ciencia y Tecnologia","AG Editor (Argentina)",2986.26,1491,6.1,3207,2820,3201
3183,"Current Research in Diabetes & Obesity Journal","Juniper Publishers Inc.",2987.28,300,6.1,3133,2820,3136
3184,"Business Inform, RESEARCH CENTRE FOR INDUSTRIAL DEVELOPMENT PROBLEMS of NAS (KHARKIV, UKRAINE)","Kharkiv National University of Economics",2987.56,1514,6,3192,2820,3203
3185,"Journal of Building Survey, Appraisal & Valuation","Henry Stewart Publications",2988.95,519,6,3113,2820,3175
3186,"Information and Communication Sciences Research, University of Bucharest, Faculty of Letters","Department of Communication Sciences",2988.98,118,6,3215,2754,3013
3187,"European Journal of Social Sciences Articles","Revistia Research and Publishing",2989.45,142,5.9,3159,2820,3042
3188,"Russian Peasant Studies","Russian Presidential Academy of National Economy and Public Administration",2990.26,200,5.9,3175,2820,3087
3189,"Revista de Economie Industriala (Journal of Industrial Eonomics)","Centre for Industrial Economics and Services",2990.53,307,5.9,3134,2820,3139
3190,"Observatorio de la Economía y la Sociedad China","Servicios Académicos Intercontinentales SL",2990.65,183,5.8,3122,2820,3080
3191,"Вестник УГУЭС. Наука, образование, экономика. Серия: Экономика","CyberLeninka;Федеральное государственное бюджетное образовательное учреждение высшего профессионального образования «Уфимский государственный университет экономики и сервиса»",2990.83,365,5.8,3084,2820,3155
3192,"Вестник Финансового университета","CyberLeninka;Федеральное государственное образовательное бюджетное учреждение высшего профессионального образования «Финансовый университет при Правительстве Российской Федерации» (Финансовый университет)",2992.34,1369,5.8,3190,2778,3200
3193,"International Journal of Computing and Engineering","CARI Journals Limited",2993.35,213,5.8,3178,2820,3096
3194,"Innovation and Sustainability Articles","Innovation and Sustainability",2995.2,256,5.7,3152,2820,3117
3195,"Izvestiya of Saratov University. New Series. Series: Economics. Management. Law Известия Саратовского университета. Новая серия. Серия Экономика. Управление. Право","CyberLeninka;Федеральное государственное бюджетное образовательное учреждение высшего образования «Саратовский национальный исследовательский государственный университет имени Н. Г. Чернышевского»",2995.33,679,5.7,3215,2711,3214
3196,"Electronic magazine ""Dialogue"", D. A. Tsenov Academy of Economics, Svishtov","Bulgaria",2995.83,320,5.7,3136,2820,3141
3197,"Мир новой экономики","CyberLeninka;Федеральное государственное образовательное бюджетное учреждение высшего профессионального образования «Финансовый университет при Правительстве Российской Федерации» (Финансовый университет)",2996.1,208,5.6,3176,2820,3093
3198,"University Management: Practice and Analysis","Federal State Autonomous Educational Institution of Higher Education Â«Ural Federal University named after the first President of Russia B.N.YeltsinÂ»; Non-Commercial Partnership â€œUniversity Management: Practice and",2996.21,305,5.6,3158,2820,3138
3199,"Экономика. Налоги. Право","CyberLeninka;Федеральное государственное образовательное бюджетное учреждение высшего профессионального образования «Финансовый университет при Правительстве Российской Федерации» (Финансовый университет)",2996.81,723,5.6,3205,2774,3188
3200,"Divergencia (Artículos Sobre Economía)","Universidad Externado de Colombia",2997.01,234,5.6,3147,2820,3106
3201,"International Journal of Supply Chain and Logistics","CARI Journals Limited",2997.39,171,5.5,3168,2820,3073
3202,"Anuarul Institutului de Cercetări Socio-Umane „C.S. Nicolăescu-Plopșor” (“C.S. Nicolăescu-Plopşor” Institute for Research in Social Studies and Humanities Yearbook (CSNIPSSH Yearbook))","Institutul de Cercetări Socio-Umane „C.S. Nicolăescu-Plopșor” al Academiei Române",2997.52,237,5.5,3181,2820,3110
3203,"Economic Review(National Bank of Kazakhstan)","National Bank of Kazakhstan",2998.21,398,5.5,3193,2820,3162
3204,"Impact of Socio-economic and Technological Transformations at National, European and International Level (ISETT), Institute for World Economy","Romanian Academy",2998.86,283,5.4,3128,2820,3126
3205,"ARS ADMINISTRANDI","CyberLeninka;Федеральное государственное бюджетное образовательное учреждение высшего профессионального образования «Пермский государственный национальный исследовательский университет»",2999.81,283,5.4,3185,2820,3125
3206,"Sotsium i vlast / Society and power","Russian Presidential Academy of National Economy and Public Administration",2999.9,432,5.4,3139,2820,3164
3207,"RSUH/RGGU BULLETIN. Series Economics. Management. Law","Russian State University for the Humanities (RSUH)",3000.1,354,5.3,3131,2820,3153
3208,"GBP Proceedings Series","Scientific Open Access Publishing",3000.53,387,5.3,3174,2820,3159
3209,"E-LOGOS","Prague University of Economics and Business",3000.56,486,5.3,3165,2820,3171
3210,"Eurasian Academy Of Sciences Social Sciences Journal","Eurasian Academy Of Sciences",3001.83,601,5.3,3189,2820,3178
3211,"International Journal of Educational Technology and Learning","Scientific Publishing Institute",3002.84,122,5.2,3215,2820,3020
3212,"Management in Healthcare: A Peer-Reviewed Journal","Henry Stewart Publications",3003.56,346,5.2,3169,2820,3147
3213,"International Journal of Latest Technology in Engineering, Management & Applied Science, International Journal of Latest Technology in Engineering","Management & Applied Science (IJLTEMAS)",3003.89,1778,5.2,3172,2820,3205
3214,"Вестник Волгоградского государственного университета. Серия 3: Экономика. Экология","CyberLeninka;Федеральное государственное бюджетное образовательное учреждение высшего профессионального образования «Волгоградский государственный университет»",3005.31,773,5.1,3215,2777,3191
3215,"Управленческие науки // Management Science","ФГОБУВО Финансовый университет при Правительстве Российской Федерации // Financial University under The Government of Russian Federation",3007.71,252,5.1,3182,2820,3114
3216,"Journal of Digital Media Management","Henry Stewart Publications",3009.48,518,5.1,3170,2820,3173
3217,"Research Papers Faculty of Materials Science and Technology Slovak University of Technology","Sciendo",3010.24,438,5,3179,2820,3165
3218,"Intellectus","State Agency on Intellectual Property (AGEPI)",3011.47,453,5,3161,2820,3168
3219,"Proceedings of the Centre for Economic History Research","Centre for Economic History Research",3011.68,284,5,3186,2820,3128
3220,"American Bankers Association","American Bankers Association > Journal of Agricultural Lending",3017.35,653,5,3202,2820,3186
3221,"Wroclaw Review of Law, Administration & Economics","Sciendo",3018.41,256,4.9,3215,2820,3117
3222,"Management and Development Process Quarterly (Ù ØµÙ„Ù†Ø§Ù…Ù‡ Ù Ø±Ø§ÛŒÙ†Ø¯ Ù…Ø¯ÛŒØ±ÛŒØª Ùˆ ØªÙˆØ³Ø¹Ù‡)","Institute for Management and Planning studies",3019.59,796,4.9,3184,2820,3191
3223,"Экономика образования","CyberLeninka;Федеральное государственное бюджетное образовательное учреждение высшего профессионального образования «Костромской государственный университет им. Н.А. Некрасова»",3019.69,1131,4.9,3209,2820,3197
3224,"Вестник Таганрогского института управления и экономики","CyberLeninka;Негосударственное образовательное учреждение высшего профессионального образования «Таганрогский институт управления и экономики»",3020.59,288,4.8,3215,2820,3131
3225,"Agricultural Letter","Federal Reserve Bank of Chicago",3021.21,297,4.8,3215,2820,3135
3226,"Вісник економічної науки України Вестник экономической науки Украины","CyberLeninka;Институт экономики промышленности НАН Украины",3024.39,645,4.8,3201,2820,3185
3227,"Научный журнал НИУ ИТМО. Серия «Экономика и экологический менеджмент», CyberLeninka;Федеральное государственное автономное образовательное учреждение высшего образования «Санкт-Петербургский национальный исследовательский университет информационных технологий","механики и оптики»",3024.84,817,4.8,3194,2820,3194
3228,"Известия Дальневосточного федерального университета. Экономика и управление","CyberLeninka;Федеральное государственное автономное образовательное учреждение высшего профессионального образования «Дальневосточный федеральный университет»",3027.03,510,4.7,3215,2820,3173
3229,"Salud, Ciencia y Tecnologia - Serie de Conferencias","AG Editor (Argentina)",3027.22,1338,4.7,3211,2820,3199
3230,"E-Forum Working Papers","Economic Forum",3027.64,538,4.7,3215,2820,3177
3231,"Journal of Academic Value Studies","Journal of Academic Value Studies",3028.69,639,4.6,3215,2820,3184
3232,"Bulletin of the South Ural State University. Series: Economics and management Вестник Южно-Уральского государственного университета. Серия: Экономика и менеджмент","CyberLeninka;Государственное образовательное учреждение высшего профессионального образования «Южно-Уральский государственный университет»",3030.65,977,4.6,3215,2820,3197
3233,"Вісник Житомирського державного технологічного університету. Серія: Економічні науки // THE JOURNAL OF ZHYTOMYR STATE TECHNOLOGICAL UNIVERSITY. SERIES: ECONOMICS","Житомирський державний технологічний університет // ZHYTOMYR STATE TECHNOLOGICAL UNIVERSITY",3031.25,2160,4.6,3212,2820,3207
3234,"Прямые инвестиции","CyberLeninka;Закрытое акционерное общество ""Инвест Медиа""",3032.44,2462,4.5,3215,2820,3209
3235,"Studies in Educational Management","EUROKD",3033.18,61,4.5,3215,2820,3214
3236,"Journal of Forests","Conscientia Beam",3033.18,62,4.5,3215,2820,3214
3237,"Journal of Forensic Accounting Profession","Sciendo",3033.18,50,4.5,3215,2820,3214
3238,"Papers on Global Change IGBP","Sciendo",3033.18,70,4.4,3215,2820,3214
3239,"Вестник Астраханского государственного технического университета. Серия: Экономика","CyberLeninka;Федеральное государственное образовательное учреждение высшего профессионального образования «Астраханский государственный технический университет»",3033.18,466,4.4,3215,2820,3214
3240,"International Journal of Scientific Research and Modern Technology","Prasu Publications",3033.18,86,4.4,3215,2820,3214
3241,"European Journal of Economics, Law and Social Sciences","Sciendo",3033.18,69,4.3,3215,2820,3214
3242,"JOJ Nursing & Health Care","Juniper Publishers Inc.",3033.18,211,4.3,3215,2820,3214
3243,"Orthopedics and Rheumatology Open Access Journals","Juniper Publishers Inc.",3033.18,404,4.3,3215,2820,3214
3244,"Buletin Stiintific - Scientific Bulletin","Published by Cugetarea and indexed by Lumen Department of Economics on Behalf on Mihail Kogalniceanu University",3033.18,79,4.3,3215,2820,3214
3245,"Trends in Technical & Scientific Research","Juniper Publishers Inc.",3033.18,103,4.2,3215,2820,3214
3246,"HO CHI MINH CITY OPEN UNIVERSITY JOURNAL OF SCIENCE - ENGINEERING AND TECHNOLOGY, HO CHI MINH CITY OPEN UNIVERSITY JOURNAL OF SCIENCE","HO CHI MINH CITY OPEN UNIVERSITY",3033.18,159,4.2,3215,2820,3214
3247,"European Studies - The Review of European Law, Economics and Politics","Sciendo",3033.18,119,4.2,3215,2820,3214
3248,"International Journal of Technology and Systems","IPRJB",3033.18,72,4.1,3215,2820,3214
3249,"Территория новых возможностей. Вестник Владивостокского государственного университета экономики и сервиса","CyberLeninka;Федеральное государственное бюджетное образовательное учреждение высшего профессионального образования «Владивостокский государственный университет экономики и сервиса»",3033.18,865,4.1,3215,2820,3214
3250,"Экономика науки","CyberLeninka;Федеральное государственное бюджетное образовательное учреждение высшего образования «Российская академия народного хозяйства и государственной службы при Президенте Российской Федерации»",3033.18,58,4.1,3215,2820,3214
3251,"Law, Society & Organisations, Romanian Foundation for Business Intelligence","Editorial Department",3033.18,62,4,3215,2820,3214
3252,"Universum: экономика и юриспруденция","CyberLeninka;Общество с ограниченной ответственностью «Международный центр науки и образования»",3033.18,256,4,3215,2820,3214
3253,"Revista Multidisciplinaria Voces de AmÃ©rica y el Caribe, Plataforma de acciÃ³n","gestiÃ³n e investigaciÃ³n social",3033.18,105,4,3215,2820,3214
3254,"Land and Architecture","AG Editor",3033.18,69,4,3215,2820,3214
3255,"Studia Historiae Oeconomicae","Sciendo",3033.18,147,3.9,3215,2820,3214
3256,"Вісник Маріупольського державного університету. Сер.: Економіка","CyberLeninka;Мариупольский государственный университет",3033.18,118,3.9,3215,2820,3214
3257,"Journal of Food Research","Canadian Center of Science and Education",3033.18,164,3.9,3215,2820,3214
3258,"The Anahuac Journal","Business and Economics School. Anahuac University (Mexico).",3033.18,65,3.8,3215,2820,3214
3259,"Izvestiâ Sankt-Peterburgskogo gosudarstvennogo èkonomičeskogo universiteta Известия Санкт-Петербургского государственного экономического университета","CyberLeninka;Федеральное государственное бюджетное образовательное учреждение высшего образования «Санкт-Петербургский государственный экономический университет (СПбГЭУ)»",3033.18,1097,3.8,3215,2820,3214
3260,"Scientific Research Almanac, D. A. Tsenov Academy of Economics, Svishtov","Bulgaria",3033.18,323,3.8,3215,2820,3214
3261,"Global Commerce, Middle Tennessee State University","Business and Economic Research Center",3033.18,80,3.7,3215,2820,3214
3262,"Education, research and production Образование, наука и производство","CyberLeninka;Научная компания ""Наука и образование""",3033.18,102,3.7,3215,2820,3214
3263,"Edu - Tech Enterprise","Science - Tech Enterprise Alliance",3033.18,62,3.7,3215,2820,3214
3264,"Региональное развитие: электронный научно-практический журнал","CyberLeninka;Федеральное государственное бюджетное образовательное учреждение высшего профессионального образования «Самарский государственный экономический университет»",3033.18,225,3.7,3215,2820,3214
3265,"Journal Economic Business Innovation","PT. Inovasi Analisis Data",3033.18,59,3.6,3215,2820,3214
3266,"eVitroKhem","AG Editor (Argentina)",3033.18,52,3.6,3215,2820,3214
3267,"International Journal of Health, Medicine and Nursing Practice","CARI Journals Limited",3033.18,109,3.6,3215,2820,3214
3268,"""Economic World"" Library, D. A. Tsenov Academy of Economics, Svishtov","Bulgaria",3033.18,79,3.5,3215,2820,3214
3269,"Tennessee Housing Market, Middle Tennessee State University","Business and Economic Research Center",3033.18,51,3.5,3215,2820,3214
3270,"Revista IPecege","University of Sao Paulo",3033.18,109,3.5,3215,2820,3214
3271,"WSB Journal of Business and Finance","Sciendo",3033.18,87,3.5,3215,2820,3214
3272,"EthAIca: Journal of Ethics, AI and Critical Analysis","AG Editor",3033.18,72,3.4,3215,2820,3214
3273,"Revista Electrónica: Entrevista Académica REEA","Servicios Académicos Intercontinentales SL",3033.18,282,3.4,3215,2820,3214
3274,"TẠP CHÍ KHOA HỌC ĐẠI HỌC MỞ THÀNH PHỐ HỒ CHÍ MINH - KHOA HỌC XÃ HỘI, HO CHI MINH CITY OPEN UNIVERSITY JOURNAL OF SCIENCE","HO CHI MINH CITY OPEN UNIVERSITY",3033.18,166,3.4,3215,2820,3214
3275,"Труды БГТУ. Серия 7: Экономика и управление","CyberLeninka;УО «Белорусский государственный технологический университет»",3033.18,269,3.3,3215,2820,3214
3276,"Revista Cubana de Finanzas y Precios, Ministerio de Finanzas y Precios","Cuba",3033.18,164,3.3,3215,2820,3214
3277,"BCL Bulletin Analyses","Central Bank of Luxembourg",3033.18,73,3.3,3215,2820,3214
3278,"Проблеми теорії та методології бухгалтерського обліку, контролю і аналізу // Problems of Theory and Methodology of Accounting, Control and Analysis","Житомирський державний технологічний університет // Zhytomyr State Technological University",3033.18,1092,3.2,3215,2820,3214
3279,"Metaverse Basic and Applied Research","AG Editor",3033.18,111,3.2,3215,2820,3214
3280,"ACC Journal","Sciendo",3033.18,64,3.2,3215,2820,3214
3281,"Gamification and Augmented Reality","AG Editor",3033.18,75,3.2,3215,2820,3214
3282,"SCT Proceedings in Interdisciplinary Insights and Innovations","AG Editor (Argentina)",3033.18,557,3.1,3215,2820,3214
3283,"Diponegoro Journal of Economics (DJOE), Faculty of Economics and Business","Universitas Diponegoro",3033.18,82,3.1,3215,2820,3214
3284,"Управление экономикой: теория и практика","CyberLeninka;Институт экономики промышленности НАН Украины",3033.18,91,3.1,3215,2820,3214
3285,"Environmental Research and Ecotoxicity","AG Editor (Argentina)",3033.18,72,3,3215,2820,3214
3286,"Human Resource and Leadership Journal","CARI Journals Limited",3033.18,75,3,3215,2820,3214
3287,"Eurasian Studies Journal","Eurasian Academy Of Sciences",3033.18,91,3,3215,2820,3214
3288,"Revista de Economia Mackenzie (REM), Mackenzie Presbyterian University","Social and Applied Sciences Center",3033.18,266,3,3215,2820,3214
3289,"Journal of Education Advancement & Marketing","Henry Stewart Publications",3033.18,357,2.9,3215,2820,3214
3290,"Muhasebe Enstitusu Dergisi - Journal of Accounting Institute","Istanbul University Business School",3033.18,59,2.9,3215,2820,3214
3291,"Odontologia (Montevideo)","AG Editor (Uruguay)",3033.18,58,2.9,3215,2820,3214
3292,"Экономика и банки","CyberLeninka;Учреждение образования «Полесский государственный университет»",3033.18,179,2.8,3215,2820,3214
3293,"THE MEDIATION IN THE DIFFERENT PUBLIC SPHERES 2021 CONFERENCE PROCEEDINGS, University publishing house ""Science and Economics""","University of Economics - Varna",3033.18,79,2.8,3215,2820,3214
3294,"Anuarul Universitatii „Petre Andrei” din Iasi / Year-Book „Petre Andrei” University from Iasi, Fascicula: Asistenta Sociala, Sociologie, Psihologie / Fascicle: Social Work, Sociology, Psychology, Editura Lumen","Department of Economics",3033.18,210,2.8,3215,2820,3214
3295,"WZB-Mitteilungen: Quartalsheft für Sozialforschung","WZB Berlin Social Science Center",3033.18,301,2.7,3215,2820,3214
3296,"Journal of Posthumanism, Transnational Press London","UK",3033.18,74,2.7,3215,2820,3214
3297,"Organic & Medicinal Chemistry International Journal","Juniper Publishers Inc.",3033.18,238,2.7,3215,2820,3214
3298,"European Journal of AI, Computing & Informatics","Pinnacle Academic Press",3033.18,75,2.7,3215,2820,3214
3299,"TẠP CHÍ KHOA HỌC ĐẠI HỌC MỞ THÀNH PHỐ HỒ CHÍ MINH - KINH TẾ VÀ QUẢN TRỊ KINH DOANH, HO CHI MINH CITY OPEN UNIVERSITY JOURNAL OF SCIENCE","HO CHI MINH CITY OPEN UNIVERSITY",3033.18,632,2.6,3215,2820,3214
3300,"Academic Journal of Business, Administration, Law and Social Sciences","Sciendo",3033.18,77,2.6,3215,2820,3214
3301,"SPAST Reports","SPAST Foundation",3033.18,159,2.6,3215,2820,3214
3302,"Учет. Анализ. Аудит // Accounting. Analysis. Auditing","ФГОБУВО ""Финансовый университет при Правительстве Российской Федерации"" // Financial University under The Government of Russian Federation",3033.18,363,2.5,3215,2820,3214
3303,"Cuadernos de Investigación Económica Boliviana","Ministerio de Economía y Finanzas Públicas de Bolivia",3033.18,54,2.5,3215,2820,3214
3304,"Oceňování","Prague University of Economics and Business",3033.18,308,2.5,3215,2820,3214
3305,"Scientia et PRAXIS","AMIDI Editorial",3033.18,64,2.5,3215,2820,3214
3306,"Almanach (Actual Issues in World Economics and Politics), Ekonomická univerzita","Fakulta medzinárodných vzťahov",3033.18,463,2.4,3215,2820,3214
3307,"Yearbook of D. A. Tsenov Academy of Economics, D. A. Tsenov Academy of Economics, Svishtov","Bulgaria",3033.18,75,2.4,3215,2820,3214
3308,"European Journal of Medicine and Natural Scinces Articles","Revistia Research and Publishing",3033.18,82,2.4,3215,2820,3214
3309,"Almanac of PhD Students, D. A. Tsenov Academy of Economics, Svishtov","Bulgaria",3033.18,186,2.3,3215,2820,3214
3310,"Central Russian Journal of Social Sciences","Russian Presidential Academy of National Economy and Public Administration",3033.18,64,2.3,3215,2820,3214
3311,"Сборник научных трудов Днепропетровского национального университета железнодорожного транспорта имени академика В. Лазаряна «Проблемы экономики транспорта»","CyberLeninka;Днепропетровский национальный университет железнодорожного транспорта им. академика В. Лазаряна",3033.18,151,2.3,3215,2820,3214
3312,"BIOEDUSCIENCE","Universitas Muhammadiyah Prof. Dr. Hamka",3033.18,84,2.2,3215,2820,3214
3313,"Conferinta Stiintifica Internationala Logos Universalitate Mentalitate Educatie Noutate - Lumen International Scientific Conference Logos Universality Mentality Education Novelty, Editura Lumen","Department of Economics",3033.18,94,2.2,3215,2820,3214
3314,"Juniper Online Journal of Orthopedic & Orthoplastic Surgery","Juniper Publishers Inc.",3033.18,51,2.2,3215,2820,3214
3315,"Creative Economy Креативная экономика","CyberLeninka;Общество с ограниченной ответственностью Издательство «Креативная экономика»",3033.18,1840,2.2,3215,2820,3214
3316,"INTERNATIONAL SCIENTIFIC AND PRACTICAL CONFERENCE ""CONSTRUCTION ENTREPRENEURSHIP AND REAL PROPERTY""","University of Economics - Varna",3033.18,97,2.1,3215,2820,3214
3317,"Studies in Social Science & Humanities","Paradigm Academic Press",3033.18,96,2.1,3215,2820,3214
3318,"Inventum Biologicum: An International Journal of Biological Research","World BIOLOGICA",3033.18,73,2.1,3215,2820,3214
3319,"Journal of Geography and Geology","Canadian Center of Science and Education",3033.18,128,2,3215,2820,3214
3320,"International Journal of Culture and History","Macrothink Institute",3033.18,50,2,3215,2820,3214
3321,"Экономика, предпринимательство и право","CyberLeninka;Общество с ограниченной ответственностью Издательство «Креативная экономика»",3033.18,184,2,3215,2820,3214
3322,"Tennessee's Business, Middle Tennessee State University","Business and Economic Research Center",3033.18,107,1.9,3215,2820,3214
3323,"Eurasian Education & Literature Journal","Eurasian Academy Of Sciences",3033.18,114,1.9,3215,2820,3214
3324,"Eurasian Art & Humanities Journal","Eurasian Academy Of Sciences",3033.18,109,1.9,3215,2820,3214
3325,"Экономика. Налоги. Право // Economics, taxes & law","ФГОБУ ""Финансовый университет при Правительстве Российской Федерации"" // Financial University under The Government of Russian Federation",3033.18,552,1.9,3215,2820,3214
3326,"Вестник Московского университета имени С.Ю. Витте. Серия 1: Экономика и управление","CyberLeninka;Частное образовательное учреждение высшего образования «Московский университет имени С.Ю. Витте»",3033.18,281,1.8,3215,2820,3214
3327,"Multidisciplinar (Montevideo)","AG Editor",3033.18,138,1.8,3215,2820,3214
3328,"International Journal of Innovative Science and Research Technology (IJISRT)","IJISRT Publication",3033.18,83,1.8,3215,2820,3214
3329,"Управление и экономика в XXI веке","CyberLeninka;Образовательное частное учреждение высшего образования «Международный инновационный университет»",3033.18,70,1.7,3215,2820,3214
3330,"Eurasian Journal of Agricultural Economics","Eurasian Agricultural Economists Association",3033.18,51,1.7,3215,2820,3214
3331,"BlackSea Journal of Psychology, Ovidius University of Constanta","Faculty of Psychology and Educational Sciences",3033.18,216,1.7,3215,2820,3214
3332,"Nursing Depths Series","AG Editor (Argentina)",3033.18,76,1.7,3215,2820,3214
3333,"Education Insights","Scientific Open Access Publishing",3033.18,376,1.6,3215,2820,3214
3334,"International Journal of Chemistry","Canadian Center of Science and Education",3033.18,97,1.6,3215,2820,3214
3335,"Revista de Investigación Latinoamericana en Competitividad Organizacional RILCO","Servicios Académicos Intercontinentales SL",3033.18,192,1.6,3215,2820,3214
3336,"International Journal of Politics & Social Sciences Review (IJPSSR)","International Journal of Politics & Social Sciences Review (IJPSSR)",3033.18,163,1.5,3215,2820,3214
3337,"Journal of Modern Competition","Synergy University",3033.18,1032,1.5,3215,2820,3214
3338,"Management Consulting Journal","Sciendo",3033.18,102,1.5,3215,2820,3214
3339,"Multidiszciplináris kihívások, sokszínű válaszok","Budapest Business University",3033.18,88,1.4,3215,2820,3214
3340,"International Journal of Resistive Economics","Toroudshomal Research-Industrial Company",3033.18,102,1.4,3215,2820,3214
3341,"Сибирский торгово-экономический журнал","CyberLeninka;Омский институт (филиал) федерального государственного бюджетного образовательного учреждения высшего профессионального образования «Российский государственный торгово-экономический университет»",3033.18,535,1.4,3215,2820,3214
3342,"ЭТАП: экономическая теория, анализ, практика","CyberLeninka;Автономная некоммерческая образовательная организация «Институт эффективных технологий»",3033.18,500,1.4,3215,2820,3214
3343,"Al-Urban: Jurnal Ekonomi Syariah dan Filantropi Islam","Universitas Muhammadiyah Prof. DR. HAMKA",3033.18,65,1.3,3215,2820,3214
3344,"TECTZAPIC","Servicios Académicos Intercontinentales SL",3033.18,157,1.3,3215,2820,3214
3345,"International Journal of Communication and Public Relation","IPRJB",3033.18,74,1.3,3215,2820,3214
3346,"Journal of Indonesian Agribusiness","IPB University",3033.18,228,1.2,3215,2820,3214
3347,"JIP (Jurnal Intervensi Psikologi)","Universitas Islam Indonesia",3033.18,63,1.2,3215,2820,3214
3348,"Management and Business Articles","Management and Business",3033.18,67,1.2,3215,2820,3214
3349,"International Review of Financial Consumers","Sciendo",3033.18,51,1.2,3215,2820,3214
3350,"Экономика промышленности","CyberLeninka;Институт экономики промышленности НАН Украины",3033.18,1127,1.1,3215,2820,3214
3351,"Advances in Online Education: A Peer-Reviewed Journal","Henry Stewart Publications",3033.18,120,1.1,3215,2820,3214
3352,"CRIS - Bulletin of the Centre for Research and Interdisciplinary Study","Sciendo",3033.18,51,1.1,3215,2820,3214
3353,"IAB-Forum, Institut für Arbeitsmarkt- und Berufsforschung (IAB), Nürnberg [Institute for Employment Research, Nuremberg","Germany]",3033.18,1332,1,3215,2820,3214
3354,"Burgundy Books","Federal Reserve Bank of St. Louis",3033.18,140,1,3215,2820,3214
3355,"TẠP CHÍ KHOA HỌC ĐẠI HỌC MỞ THÀNH PHỐ HỒ CHÍ MINH - KỸ THUẬT VÀ CÔNG NGHỆ, HO CHI MINH CITY OPEN UNIVERSITY JOURNAL OF SCIENCE","HO CHI MINH CITY OPEN UNIVERSITY",3033.18,164,1,3215,2820,3214
3356,"Community and Interculturality in Dialogue","AG Editor",3033.18,110,0.9,3215,2820,3214
3357,"International Journal of Business and Management (IJBM), International Emerging Scholars Society (IESS)","New Zealand",3033.18,71,0.9,3215,2820,3214
3358,"Agricultural & Rural Studies","SCC Press",3033.18,72,0.9,3215,2820,3214
3359,"Jurnal SOLMA","Universitas Muhammadiyah Prof. DR. Hamka (UHAMKA Press)",3033.18,116,0.9,3215,2820,3214
3360,"Scientific notes of the Russian academy of entrepreneurship","JSC â€œPublishing Agency â€œScience and Educationâ€",3033.18,249,0.8,3215,2820,3214
3361,"História Econômica & História de Empresas","ABPHE",3033.18,75,0.8,3215,2820,3214
3362,"Oceanography & Fisheries Open Access Journal","Juniper Publishers Inc.",3033.18,303,0.8,3215,2820,3214
3363,"Journal of Environment","CARI Journals Limited",3033.18,54,0.7,3215,2820,3214
3364,"Journal of Molecular Biology Research","Canadian Center of Science and Education",3033.18,73,0.7,3215,2820,3214
3365,"Innovative Information Technologies for Economy Digitalization (IITED), University of National and World Economy, Sofia","Bulgaria",3033.18,102,0.7,3215,2820,3214
3366,"South Health and Policy","AG Editor (Argentina)",3033.18,230,0.6,3215,2820,3214
3367,"Advances in Agriculture and Biology","Advances in Agriculture and Biology",3033.18,51,0.6,3215,2820,3214
3368,"ICPA Articles","Institute of Certified Public Accountants",3033.18,422,0.6,3215,2820,3214
3369,"Yeiya, Transnational Press London","UK",3033.18,64,0.6,3215,2820,3214
3370,"Проблемы экономики и менеджмента","CyberLeninka;Индивидуальный предприниматель Самохвалов Антон Витальевич",3033.18,1158,0.5,3215,2820,3214
3371,"IAAE Cowbell","International Association of Agricultural Economists",3033.18,69,0.5,3215,2820,3214
3372,"Revista de Desarrollo Sustentable, Negocios, Emprendimiento y Educación RILDODS","Servicios Académicos Intercontinentales SL",3033.18,481,0.5,3215,2820,3214
3373,"Logos Universalitate Mentalitate Educatie Noutate - Sectiunea Drept/ Logos Universality Mentality Education Novelty - Section: Law, Editura Lumen","Department of Economics",3033.18,128,0.4,3215,2820,3214
3374,"Seminars in Medical Writing and Education","AG Editor (Argentina)",3033.18,477,0.4,3215,2820,3214
3375,"Economics Экономикс","CyberLeninka;Общество с ограниченной ответственностью «Постскриптум»",3033.18,76,0.4,3215,2820,3214
3376,"Quaestum","University of Sao Paulo",3033.18,53,0.4,3215,2820,3214
3377,"Основы экономики, управления и права","CyberLeninka;Некоммерческое партнерство ""Институт анализа экономики города и региона""",3033.18,475,0.3,3215,2820,3214
3378,"International Journal of Biology","Canadian Center of Science and Education",3033.18,65,0.3,3215,2820,3214
3379,"Management Theory and Studies for Rural Business and Infrastructure Development","Sciendo",3033.18,239,0.3,3215,2820,3214
3380,"Dagestan State Pedagogical University. Journal. Social and Humanitarian Sciences","Dagestan State Pedagogical University",3033.18,159,0.2,3215,2820,3214
3381,"Journal of Cardiology & Cardiovascular Therapy","Juniper Publishers Inc.",3033.18,379,0.2,3215,2820,3214
3382,"Teoriya i praktika servisa: ehkonomika, sotsial'naya sfera, tekhnologii Теория и практика сервиса: экономика, социальная сфера, технологии","CyberLeninka;Федеральное государственное бюджетное образовательное учреждение высшего образования «Санкт-Петербургский государственный экономический университет (СПбГЭУ)»",3033.18,631,0.2,3215,2820,3214
3383,"Ижтимоий-гуманитар фанларнинг долзарб муаммолари / Актуальные проблемы социально-гуманитарных наук / Actual Problems of Humanities and Social Sciences.","Scienceproblems.uz",3033.18,120,0.1,3215,2820,3214
3384,"The Scientific-Analytical Journal ""Economic Reforms""","Center for Analysis of Economic Reforms and Communication of the Republic of Azerbaijan",3033.18,126,0.1,3215,2820,3214
3385,"Финансы: теория и практика/Finance: Theory and Practice // Finance: Theory and Practice","ФГОБУВО Финансовый университет при Правительстве Российской Федерации // Financial University under The Government of Russian Federation",3033.18,648,0.1,3215,2820,3214
3386,"Revista Observatorio de las Ciencias Sociales en Iberoamérica","Servicios Académicos Intercontinentales SL",3033.18,398,0.1,3215,2820,3214
3387,"International Journal of Contemporary Research in Humanities","Lead City University",3033.18,56,0,3215,2820,3214